id_siniestro,score_riesgo,nivel_riesgo,recomendacion,explicacion_score,score_reglas,score_documental,score_nlp,score_modelo,modelo_fallback,rule_points,rule_alerts,rule_critical_flags,rule_severity_max,rule_n_rules_fired,rule_n_critical
SIN-0001,2.2,BAJO,Continuar flujo normal de liquidación. Sin señales de riesgo significativas.,Score de riesgo: 2/100 (Nivel BAJO). (Modelo ML no disponible — score calculado con reglas y señales documentales.),0.0,0.0,15.0,0.0,True,0,,,NINGUNA,0,0
SIN-0002,13.8,BAJO,Continuar flujo normal de liquidación. Sin señales de riesgo significativas.,"Score de riesgo: 14/100 (Nivel BAJO). Motor de reglas: 1 regla(s) activada(s), 0 crítica(s). (Modelo ML no disponible — score calculado con reglas y señales documentales.)",6.7,0.0,65.0,6.7,True,4,R023,,BAJO,1,0
SIN-0003,3.8,BAJO,Continuar flujo normal de liquidación. Sin señales de riesgo significativas.,Score de riesgo: 4/100 (Nivel BAJO). (Modelo ML no disponible — score calculado con reglas y señales documentales.),0.0,0.0,25.0,0.0,True,0,,,NINGUNA,0,0
SIN-0004,72.9,ALTO,Detener pago. Revisión especializada de campo requerida.,"Score de riesgo: 73/100 (Nivel ALTO). Motor de reglas: 5 regla(s) activada(s), 3 crítica(s). Señales documentales PDF: score 75/100. Narrativa con similitud 88% respecto a otro siniestro. (Modelo ML no disponible — score calculado con reglas y señales documentales.)",68.3,75.0,88.0,68.3,True,41,R002|R012|R013|R014|R023,R012|R013|R014,CRÍTICO,5,3
SIN-0005,91.6,ALTO,Detener pago. Revisión especializada de campo requerida.,"Score de riesgo: 92/100 (Nivel ALTO). Motor de reglas: 7 regla(s) activada(s), 5 crítica(s). Señales documentales PDF: score 100/100. (Modelo ML no disponible — score calculado con reglas y señales documentales.)",100.0,100.0,44.0,100.0,True,61,R002|R006|R012|R013|R019|R021|R023,R006|R012|R013|R019|R021,CRÍTICO,7,5
SIN-0006,70.1,ALTO,Detener pago. Revisión especializada de campo requerida.,"Score de riesgo: 70/100 (Nivel ALTO). Motor de reglas: 5 regla(s) activada(s), 3 crítica(s). Señales documentales PDF: score 75/100. (Modelo ML no disponible — score calculado con reglas y señales documentales.)",73.3,75.0,49.0,73.3,True,44,R005|R011|R012|R013|R023,R011|R012|R013,CRÍTICO,5,3
SIN-0007,9.4,BAJO,Continuar flujo normal de liquidación. Sin señales de riesgo significativas.,"Score de riesgo: 9/100 (Nivel BAJO). Motor de reglas: 1 regla(s) activada(s), 0 crítica(s). (Modelo ML no disponible — score calculado con reglas y señales documentales.)",13.3,0.0,9.0,13.3,True,8,R008,,ALTO,1,0
SIN-0008,11.6,BAJO,Continuar flujo normal de liquidación. Sin señales de riesgo significativas.,"Score de riesgo: 12/100 (Nivel BAJO). Motor de reglas: 1 regla(s) activada(s), 0 crítica(s). (Modelo ML no disponible — score calculado con reglas y señales documentales.)",13.3,0.0,24.0,13.3,True,8,R008,,ALTO,1,0
SIN-0009,71.9,ALTO,Detener pago. Revisión especializada de campo requerida.,"Score de riesgo: 72/100 (Nivel ALTO). Motor de reglas: 5 regla(s) activada(s), 3 crítica(s). Señales documentales PDF: score 75/100. Narrativa con similitud 81% respecto a otro siniestro. (Modelo ML no disponible — score calculado con reglas y señales documentales.)",68.3,75.0,81.0,68.3,True,41,R001|R012|R013|R015|R023,R001|R012|R013,CRÍTICO,5,3
SIN-0010,10.7,BAJO,Continuar flujo normal de liquidación. Sin señales de riesgo significativas.,"Score de riesgo: 11/100 (Nivel BAJO). Motor de reglas: 1 regla(s) activada(s), 0 crítica(s). (Modelo ML no disponible — score calculado con reglas y señales documentales.)",13.3,0.0,18.0,13.3,True,8,R008,,ALTO,1,0
SIN-0011,2.2,BAJO,Continuar flujo normal de liquidación. Sin señales de riesgo significativas.,Score de riesgo: 2/100 (Nivel BAJO). (Modelo ML no disponible — score calculado con reglas y señales documentales.),0.0,0.0,15.0,0.0,True,0,,,NINGUNA,0,0
SIN-0012,12.2,BAJO,Continuar flujo normal de liquidación. Sin señales de riesgo significativas.,"Score de riesgo: 12/100 (Nivel BAJO). Motor de reglas: 1 regla(s) activada(s), 0 crítica(s). (Modelo ML no disponible — score calculado con reglas y señales documentales.)",13.3,0.0,28.0,13.3,True,8,R008,,ALTO,1,0
SIN-0013,12.0,BAJO,Continuar flujo normal de liquidación. Sin señales de riesgo significativas.,"Score de riesgo: 12/100 (Nivel BAJO). Motor de reglas: 1 regla(s) activada(s), 0 crítica(s). (Modelo ML no disponible — score calculado con reglas y señales documentales.)",13.3,0.0,27.0,13.3,True,8,R008,,ALTO,1,0
SIN-0014,14.9,BAJO,Continuar flujo normal de liquidación. Sin señales de riesgo significativas.,"Score de riesgo: 15/100 (Nivel BAJO). Motor de reglas: 2 regla(s) activada(s), 0 crítica(s). (Modelo ML no disponible — score calculado con reglas y señales documentales.)",23.3,0.0,6.0,23.3,True,14,R008|R009,,ALTO,2,0
SIN-0015,16.6,BAJO,Continuar flujo normal de liquidación. Sin señales de riesgo significativas.,"Score de riesgo: 17/100 (Nivel BAJO). Motor de reglas: 2 regla(s) activada(s), 0 crítica(s). (Modelo ML no disponible — score calculado con reglas y señales documentales.)",23.3,0.0,17.0,23.3,True,14,R008|R009,,ALTO,2,0
SIN-0016,3.4,BAJO,Continuar flujo normal de liquidación. Sin señales de riesgo significativas.,Score de riesgo: 3/100 (Nivel BAJO). (Modelo ML no disponible — score calculado con reglas y señales documentales.),0.0,0.0,23.0,0.0,True,0,,,NINGUNA,0,0
SIN-0017,17.2,BAJO,Continuar flujo normal de liquidación. Sin señales de riesgo significativas.,"Score de riesgo: 17/100 (Nivel BAJO). Motor de reglas: 2 regla(s) activada(s), 0 crítica(s). (Modelo ML no disponible — score calculado con reglas y señales documentales.)",23.3,0.0,21.0,23.3,True,14,R008|R009,,ALTO,2,0
SIN-0018,1.5,BAJO,Continuar flujo normal de liquidación. Sin señales de riesgo significativas.,Score de riesgo: 2/100 (Nivel BAJO). (Modelo ML no disponible — score calculado con reglas y señales documentales.),0.0,0.0,10.0,0.0,True,0,,,NINGUNA,0,0
SIN-0019,17.0,BAJO,Continuar flujo normal de liquidación. Sin señales de riesgo significativas.,"Score de riesgo: 17/100 (Nivel BAJO). Motor de reglas: 2 regla(s) activada(s), 0 crítica(s). (Modelo ML no disponible — score calculado con reglas y señales documentales.)",23.3,0.0,20.0,23.3,True,14,R008|R009,,ALTO,2,0
SIN-0020,3.3,BAJO,Continuar flujo normal de liquidación. Sin señales de riesgo significativas.,Score de riesgo: 3/100 (Nivel BAJO). (Modelo ML no disponible — score calculado con reglas y señales documentales.),0.0,0.0,22.0,0.0,True,0,,,NINGUNA,0,0
SIN-0021,27.0,BAJO,Continuar flujo normal de liquidación. Sin señales de riesgo significativas.,"Score de riesgo: 27/100 (Nivel BAJO). Motor de reglas: 3 regla(s) activada(s), 1 crítica(s). (Modelo ML no disponible — score calculado con reglas y señales documentales.)",36.7,0.0,33.0,36.7,True,22,R008|R011|R023,R011,CRÍTICO,3,1
SIN-0022,74.9,ALTO,Detener pago. Revisión especializada de campo requerida.,"Score de riesgo: 75/100 (Nivel ALTO). Motor de reglas: 6 regla(s) activada(s), 3 crítica(s). Señales documentales PDF: score 85/100. (Modelo ML no disponible — score calculado con reglas y señales documentales.)",81.7,85.0,31.0,81.7,True,49,R002|R011|R012|R013|R018|R023,R011|R012|R013,CRÍTICO,6,3
SIN-0023,0.9,BAJO,Continuar flujo normal de liquidación. Sin señales de riesgo significativas.,Score de riesgo: 1/100 (Nivel BAJO). (Modelo ML no disponible — score calculado con reglas y señales documentales.),0.0,0.0,6.0,0.0,True,0,,,NINGUNA,0,0
SIN-0024,16.2,BAJO,Continuar flujo normal de liquidación. Sin señales de riesgo significativas.,"Score de riesgo: 16/100 (Nivel BAJO). Motor de reglas: 2 regla(s) activada(s), 0 crítica(s). (Modelo ML no disponible — score calculado con reglas y señales documentales.)",23.3,0.0,15.0,23.3,True,14,R008|R009,,ALTO,2,0
SIN-0025,15.5,BAJO,Continuar flujo normal de liquidación. Sin señales de riesgo significativas.,"Score de riesgo: 16/100 (Nivel BAJO). Motor de reglas: 2 regla(s) activada(s), 0 crítica(s). (Modelo ML no disponible — score calculado con reglas y señales documentales.)",23.3,0.0,10.0,23.3,True,14,R008|R009,,ALTO,2,0
SIN-0026,16.8,BAJO,Continuar flujo normal de liquidación. Sin señales de riesgo significativas.,"Score de riesgo: 17/100 (Nivel BAJO). Motor de reglas: 2 regla(s) activada(s), 0 crítica(s). (Modelo ML no disponible — score calculado con reglas y señales documentales.)",23.3,0.0,19.0,23.3,True,14,R008|R009,,ALTO,2,0
SIN-0027,2.4,BAJO,Continuar flujo normal de liquidación. Sin señales de riesgo significativas.,Score de riesgo: 2/100 (Nivel BAJO). (Modelo ML no disponible — score calculado con reglas y señales documentales.),0.0,0.0,16.0,0.0,True,0,,,NINGUNA,0,0
SIN-0028,6.8,BAJO,Continuar flujo normal de liquidación. Sin señales de riesgo significativas.,Score de riesgo: 7/100 (Nivel BAJO). Señales documentales PDF: score 15/100. (Modelo ML no disponible — score calculado con reglas y señales documentales.),0.0,15.0,20.0,0.0,True,0,,,NINGUNA,0,0
SIN-0029,13.8,BAJO,Continuar flujo normal de liquidación. Sin señales de riesgo significativas.,"Score de riesgo: 14/100 (Nivel BAJO). Motor de reglas: 1 regla(s) activada(s), 0 crítica(s). Señales documentales PDF: score 15/100. (Modelo ML no disponible — score calculado con reglas y señales documentales.)",13.3,15.0,14.0,13.3,True,8,R008,,ALTO,1,0
SIN-0030,30.3,MEDIO,Escalar a la Unidad Antifraude para revisión documental.,"Score de riesgo: 30/100 (Nivel MEDIO). Motor de reglas: 3 regla(s) activada(s), 0 crítica(s). Señales documentales PDF: score 15/100. (Modelo ML no disponible — score calculado con reglas y señales documentales.)",30.0,15.0,57.0,30.0,True,18,R008|R009|R023,,ALTO,3,0
SIN-0031,18.0,BAJO,Continuar flujo normal de liquidación. Sin señales de riesgo significativas.,"Score de riesgo: 18/100 (Nivel BAJO). Motor de reglas: 2 regla(s) activada(s), 1 crítica(s). (Modelo ML no disponible — score calculado con reglas y señales documentales.)",20.0,0.0,40.0,20.0,True,12,R001|R023,R001,CRÍTICO,2,1
SIN-0032,13.2,BAJO,Continuar flujo normal de liquidación. Sin señales de riesgo significativas.,"Score de riesgo: 13/100 (Nivel BAJO). Motor de reglas: 1 regla(s) activada(s), 0 crítica(s). Señales documentales PDF: score 15/100. (Modelo ML no disponible — score calculado con reglas y señales documentales.)",6.7,15.0,36.0,6.7,True,4,R002,,ALTO,1,0
SIN-0033,18.5,BAJO,Continuar flujo normal de liquidación. Sin señales de riesgo significativas.,"Score de riesgo: 18/100 (Nivel BAJO). Motor de reglas: 2 regla(s) activada(s), 0 crítica(s). (Modelo ML no disponible — score calculado con reglas y señales documentales.)",23.3,0.0,30.0,23.3,True,14,R008|R009,,ALTO,2,0
SIN-0034,29.6,BAJO,Continuar flujo normal de liquidación. Sin señales de riesgo significativas.,"Score de riesgo: 30/100 (Nivel BAJO). Motor de reglas: 4 regla(s) activada(s), 0 crítica(s). (Modelo ML no disponible — score calculado con reglas y señales documentales.)",35.0,0.0,57.0,35.0,True,21,R002|R005|R008|R023,,ALTO,4,0
SIN-0035,13.3,BAJO,Continuar flujo normal de liquidación. Sin señales de riesgo significativas.,"Score de riesgo: 13/100 (Nivel BAJO). Motor de reglas: 1 regla(s) activada(s), 0 crítica(s). Señales documentales PDF: score 15/100. (Modelo ML no disponible — score calculado con reglas y señales documentales.)",6.7,15.0,37.0,6.7,True,4,R002,,ALTO,1,0
SIN-0036,16.7,BAJO,Continuar flujo normal de liquidación. Sin señales de riesgo significativas.,"Score de riesgo: 17/100 (Nivel BAJO). Motor de reglas: 2 regla(s) activada(s), 0 crítica(s). (Modelo ML no disponible — score calculado con reglas y señales documentales.)",23.3,0.0,18.0,23.3,True,14,R008|R009,,ALTO,2,0
SIN-0037,12.2,BAJO,Continuar flujo normal de liquidación. Sin señales de riesgo significativas.,"Score de riesgo: 12/100 (Nivel BAJO). Motor de reglas: 1 regla(s) activada(s), 0 crítica(s). (Modelo ML no disponible — score calculado con reglas y señales documentales.)",6.7,0.0,55.0,6.7,True,4,R023,,BAJO,1,0
SIN-0038,30.0,BAJO,Continuar flujo normal de liquidación. Sin señales de riesgo significativas.,"Score de riesgo: 30/100 (Nivel BAJO). Motor de reglas: 4 regla(s) activada(s), 0 crítica(s). (Modelo ML no disponible — score calculado con reglas y señales documentales.)",35.0,0.0,60.0,35.0,True,21,R002|R005|R008|R023,,ALTO,4,0
SIN-0039,12.2,BAJO,Continuar flujo normal de liquidación. Sin señales de riesgo significativas.,"Score de riesgo: 12/100 (Nivel BAJO). Motor de reglas: 1 regla(s) activada(s), 0 crítica(s). (Modelo ML no disponible — score calculado con reglas y señales documentales.)",13.3,0.0,28.0,13.3,True,8,R008,,ALTO,1,0
SIN-0040,38.8,MEDIO,Escalar a la Unidad Antifraude para revisión documental.,"Score de riesgo: 39/100 (Nivel MEDIO). Motor de reglas: 4 regla(s) activada(s), 2 crítica(s). (Modelo ML no disponible — score calculado con reglas y señales documentales.)",50.0,0.0,59.0,50.0,True,30,R001|R008|R011|R023,R001|R011,CRÍTICO,4,2
SIN-0041,10.0,BAJO,Continuar flujo normal de liquidación. Sin señales de riesgo significativas.,"Score de riesgo: 10/100 (Nivel BAJO). Motor de reglas: 1 regla(s) activada(s), 0 crítica(s). (Modelo ML no disponible — score calculado con reglas y señales documentales.)",13.3,0.0,13.0,13.3,True,8,R008,,ALTO,1,0
SIN-0042,10.1,BAJO,Continuar flujo normal de liquidación. Sin señales de riesgo significativas.,"Score de riesgo: 10/100 (Nivel BAJO). Motor de reglas: 1 regla(s) activada(s), 0 crítica(s). (Modelo ML no disponible — score calculado con reglas y señales documentales.)",13.3,0.0,14.0,13.3,True,8,R008,,ALTO,1,0
SIN-0043,31.8,MEDIO,Escalar a la Unidad Antifraude para revisión documental.,"Score de riesgo: 32/100 (Nivel MEDIO). Motor de reglas: 5 regla(s) activada(s), 0 crítica(s). (Modelo ML no disponible — score calculado con reglas y señales documentales.)",45.0,0.0,32.0,45.0,True,27,R002|R005|R008|R009|R023,,ALTO,5,0
SIN-0044,2.7,BAJO,Continuar flujo normal de liquidación. Sin señales de riesgo significativas.,Score de riesgo: 3/100 (Nivel BAJO). (Modelo ML no disponible — score calculado con reglas y señales documentales.),0.0,0.0,18.0,0.0,True,0,,,NINGUNA,0,0
SIN-0045,12.4,BAJO,Continuar flujo normal de liquidación. Sin señales de riesgo significativas.,"Score de riesgo: 12/100 (Nivel BAJO). Motor de reglas: 1 regla(s) activada(s), 0 crítica(s). (Modelo ML no disponible — score calculado con reglas y señales documentales.)",13.3,0.0,29.0,13.3,True,8,R008,,ALTO,1,0
SIN-0046,14.4,BAJO,Continuar flujo normal de liquidación. Sin señales de riesgo significativas.,"Score de riesgo: 14/100 (Nivel BAJO). Motor de reglas: 1 regla(s) activada(s), 0 crítica(s). (Modelo ML no disponible — score calculado con reglas y señales documentales.)",6.7,0.0,69.0,6.7,True,4,R002,,ALTO,1,0
SIN-0047,20.5,BAJO,Continuar flujo normal de liquidación. Sin señales de riesgo significativas.,"Score de riesgo: 20/100 (Nivel BAJO). Motor de reglas: 3 regla(s) activada(s), 0 crítica(s). (Modelo ML no disponible — score calculado con reglas y señales documentales.)",26.7,0.0,30.0,26.7,True,16,R002|R008|R023,,ALTO,3,0
SIN-0048,15.4,BAJO,Continuar flujo normal de liquidación. Sin señales de riesgo significativas.,"Score de riesgo: 15/100 (Nivel BAJO). Motor de reglas: 2 regla(s) activada(s), 0 crítica(s). (Modelo ML no disponible — score calculado con reglas y señales documentales.)",23.3,0.0,9.0,23.3,True,14,R008|R009,,ALTO,2,0
SIN-0049,19.0,BAJO,Continuar flujo normal de liquidación. Sin señales de riesgo significativas.,"Score de riesgo: 19/100 (Nivel BAJO). Motor de reglas: 2 regla(s) activada(s), 0 crítica(s). (Modelo ML no disponible — score calculado con reglas y señales documentales.)",23.3,0.0,33.0,23.3,True,14,R008|R009,,ALTO,2,0
SIN-0050,17.3,BAJO,Continuar flujo normal de liquidación. Sin señales de riesgo significativas.,"Score de riesgo: 17/100 (Nivel BAJO). Motor de reglas: 2 regla(s) activada(s), 0 crítica(s). (Modelo ML no disponible — score calculado con reglas y señales documentales.)",23.3,0.0,22.0,23.3,True,14,R008|R009,,ALTO,2,0
SIN-0051,4.6,BAJO,Continuar flujo normal de liquidación. Sin señales de riesgo significativas.,Score de riesgo: 5/100 (Nivel BAJO). (Modelo ML no disponible — score calculado con reglas y señales documentales.),0.0,0.0,31.0,0.0,True,0,,,NINGUNA,0,0
SIN-0052,1.2,BAJO,Continuar flujo normal de liquidación. Sin señales de riesgo significativas.,Score de riesgo: 1/100 (Nivel BAJO). (Modelo ML no disponible — score calculado con reglas y señales documentales.),0.0,0.0,8.0,0.0,True,0,,,NINGUNA,0,0
SIN-0053,37.8,MEDIO,Escalar a la Unidad Antifraude para revisión documental.,"Score de riesgo: 38/100 (Nivel MEDIO). Motor de reglas: 4 regla(s) activada(s), 2 crítica(s). (Modelo ML no disponible — score calculado con reglas y señales documentales.)",50.0,0.0,52.0,50.0,True,30,R001|R008|R011|R023,R001|R011,CRÍTICO,4,2
SIN-0054,7.6,BAJO,Continuar flujo normal de liquidación. Sin señales de riesgo significativas.,"Score de riesgo: 8/100 (Nivel BAJO). Motor de reglas: 1 regla(s) activada(s), 0 crítica(s). (Modelo ML no disponible — score calculado con reglas y señales documentales.)",6.7,0.0,24.0,6.7,True,4,R002,,ALTO,1,0
SIN-0055,23.3,BAJO,Continuar flujo normal de liquidación. Sin señales de riesgo significativas.,"Score de riesgo: 23/100 (Nivel BAJO). Motor de reglas: 2 regla(s) activada(s), 0 crítica(s). (Modelo ML no disponible — score calculado con reglas y señales documentales.)",23.3,0.0,62.0,23.3,True,14,R008|R009,,ALTO,2,0
SIN-0056,30.4,MEDIO,Escalar a la Unidad Antifraude para revisión documental.,"Score de riesgo: 30/100 (Nivel MEDIO). Motor de reglas: 3 regla(s) activada(s), 1 crítica(s). Narrativa con similitud 89% respecto a otro siniestro. (Modelo ML no disponible — score calculado con reglas y señales documentales.)",28.3,0.0,89.0,28.3,True,17,R005|R014|R023,R014,CRÍTICO,3,1
SIN-0057,52.8,MEDIO,Escalar a la Unidad Antifraude para revisión documental.,"Score de riesgo: 53/100 (Nivel MEDIO). Motor de reglas: 6 regla(s) activada(s), 2 crítica(s). Narrativa con similitud 85% respecto a otro siniestro. (Modelo ML no disponible — score calculado con reglas y señales documentales.)",66.7,0.0,85.0,66.7,True,40,R002|R008|R009|R011|R014|R023,R011|R014,CRÍTICO,6,2
SIN-0058,26.0,BAJO,Continuar flujo normal de liquidación. Sin señales de riesgo significativas.,"Score de riesgo: 26/100 (Nivel BAJO). Motor de reglas: 4 regla(s) activada(s), 0 crítica(s). (Modelo ML no disponible — score calculado con reglas y señales documentales.)",36.7,0.0,27.0,36.7,True,22,R002|R008|R009|R023,,ALTO,4,0
SIN-0059,15.6,BAJO,Continuar flujo normal de liquidación. Sin señales de riesgo significativas.,"Score de riesgo: 16/100 (Nivel BAJO). Motor de reglas: 2 regla(s) activada(s), 0 crítica(s). (Modelo ML no disponible — score calculado con reglas y señales documentales.)",23.3,0.0,11.0,23.3,True,14,R008|R009,,ALTO,2,0
SIN-0060,19.6,BAJO,Continuar flujo normal de liquidación. Sin señales de riesgo significativas.,"Score de riesgo: 20/100 (Nivel BAJO). Motor de reglas: 3 regla(s) activada(s), 0 crítica(s). (Modelo ML no disponible — score calculado con reglas y señales documentales.)",30.0,0.0,11.0,30.0,True,18,R002|R008|R009,,ALTO,3,0
SIN-0061,39.8,MEDIO,Escalar a la Unidad Antifraude para revisión documental.,"Score de riesgo: 40/100 (Nivel MEDIO). Motor de reglas: 4 regla(s) activada(s), 2 crítica(s). Narrativa con similitud 92% respecto a otro siniestro. (Modelo ML no disponible — score calculado con reglas y señales documentales.)",43.3,0.0,92.0,43.3,True,26,R002|R011|R014|R023,R011|R014,CRÍTICO,4,2
SIN-0062,18.4,BAJO,Continuar flujo normal de liquidación. Sin señales de riesgo significativas.,"Score de riesgo: 18/100 (Nivel BAJO). Motor de reglas: 2 regla(s) activada(s), 0 crítica(s). (Modelo ML no disponible — score calculado con reglas y señales documentales.)",23.3,0.0,29.0,23.3,True,14,R008|R009,,ALTO,2,0
SIN-0063,33.2,MEDIO,Escalar a la Unidad Antifraude para revisión documental.,"Score de riesgo: 33/100 (Nivel MEDIO). Motor de reglas: 4 regla(s) activada(s), 1 crítica(s). (Modelo ML no disponible — score calculado con reglas y señales documentales.)",43.3,0.0,48.0,43.3,True,26,R002|R008|R011|R023,R011,CRÍTICO,4,1
SIN-0064,14.9,BAJO,Continuar flujo normal de liquidación. Sin señales de riesgo significativas.,"Score de riesgo: 15/100 (Nivel BAJO). Motor de reglas: 2 regla(s) activada(s), 0 crítica(s). (Modelo ML no disponible — score calculado con reglas y señales documentales.)",23.3,0.0,6.0,23.3,True,14,R008|R009,,ALTO,2,0
SIN-0065,10.8,BAJO,Continuar flujo normal de liquidación. Sin señales de riesgo significativas.,"Score de riesgo: 11/100 (Nivel BAJO). Motor de reglas: 1 regla(s) activada(s), 0 crítica(s). (Modelo ML no disponible — score calculado con reglas y señales documentales.)",13.3,0.0,19.0,13.3,True,8,R008,,ALTO,1,0
SIN-0066,11.8,BAJO,Continuar flujo normal de liquidación. Sin señales de riesgo significativas.,"Score de riesgo: 12/100 (Nivel BAJO). Motor de reglas: 1 regla(s) activada(s), 0 crítica(s). (Modelo ML no disponible — score calculado con reglas y señales documentales.)",13.3,0.0,25.0,13.3,True,8,R008,,ALTO,1,0
SIN-0067,16.7,BAJO,Continuar flujo normal de liquidación. Sin señales de riesgo significativas.,"Score de riesgo: 17/100 (Nivel BAJO). Motor de reglas: 2 regla(s) activada(s), 0 crítica(s). (Modelo ML no disponible — score calculado con reglas y señales documentales.)",13.3,0.0,58.0,13.3,True,8,R002|R023,,ALTO,2,0
SIN-0068,9.2,BAJO,Continuar flujo normal de liquidación. Sin señales de riesgo significativas.,"Score de riesgo: 9/100 (Nivel BAJO). Motor de reglas: 1 regla(s) activada(s), 0 crítica(s). (Modelo ML no disponible — score calculado con reglas y señales documentales.)",13.3,0.0,8.0,13.3,True,8,R008,,ALTO,1,0
SIN-0069,15.8,BAJO,Continuar flujo normal de liquidación. Sin señales de riesgo significativas.,"Score de riesgo: 16/100 (Nivel BAJO). Motor de reglas: 2 regla(s) activada(s), 0 crítica(s). (Modelo ML no disponible — score calculado con reglas y señales documentales.)",23.3,0.0,12.0,23.3,True,14,R008|R009,,ALTO,2,0
SIN-0070,25.8,BAJO,Continuar flujo normal de liquidación. Sin señales de riesgo significativas.,"Score de riesgo: 26/100 (Nivel BAJO). Motor de reglas: 3 regla(s) activada(s), 0 crítica(s). (Modelo ML no disponible — score calculado con reglas y señales documentales.)",28.3,0.0,59.0,28.3,True,17,R005|R008|R023,,ALTO,3,0
SIN-0071,39.9,MEDIO,Escalar a la Unidad Antifraude para revisión documental.,"Score de riesgo: 40/100 (Nivel MEDIO). Motor de reglas: 5 regla(s) activada(s), 1 crítica(s). (Modelo ML no disponible — score calculado con reglas y señales documentales.)",55.0,0.0,46.0,55.0,True,33,R005|R008|R009|R011|R023,R011,CRÍTICO,5,1
SIN-0072,17.6,BAJO,Continuar flujo normal de liquidación. Sin señales de riesgo significativas.,"Score de riesgo: 18/100 (Nivel BAJO). Motor de reglas: 2 regla(s) activada(s), 0 crítica(s). (Modelo ML no disponible — score calculado con reglas y señales documentales.)",23.3,0.0,24.0,23.3,True,14,R008|R009,,ALTO,2,0
SIN-0073,24.0,BAJO,Continuar flujo normal de liquidación. Sin señales de riesgo significativas.,"Score de riesgo: 24/100 (Nivel BAJO). Motor de reglas: 2 regla(s) activada(s), 0 crítica(s). (Modelo ML no disponible — score calculado con reglas y señales documentales.)",23.3,0.0,67.0,23.3,True,14,R008|R009,,ALTO,2,0
SIN-0074,20.0,BAJO,Continuar flujo normal de liquidación. Sin señales de riesgo significativas.,"Score de riesgo: 20/100 (Nivel BAJO). Motor de reglas: 2 regla(s) activada(s), 0 crítica(s). (Modelo ML no disponible — score calculado con reglas y señales documentales.)",23.3,0.0,40.0,23.3,True,14,R008|R009,,ALTO,2,0
SIN-0075,19.6,BAJO,Continuar flujo normal de liquidación. Sin señales de riesgo significativas.,"Score de riesgo: 20/100 (Nivel BAJO). Motor de reglas: 2 regla(s) activada(s), 0 crítica(s). (Modelo ML no disponible — score calculado con reglas y señales documentales.)",23.3,0.0,37.0,23.3,True,14,R008|R009,,ALTO,2,0
SIN-0076,17.2,BAJO,Continuar flujo normal de liquidación. Sin señales de riesgo significativas.,"Score de riesgo: 17/100 (Nivel BAJO). Motor de reglas: 2 regla(s) activada(s), 0 crítica(s). (Modelo ML no disponible — score calculado con reglas y señales documentales.)",23.3,0.0,21.0,23.3,True,14,R008|R009,,ALTO,2,0
SIN-0077,15.3,BAJO,Continuar flujo normal de liquidación. Sin señales de riesgo significativas.,"Score de riesgo: 15/100 (Nivel BAJO). Motor de reglas: 2 regla(s) activada(s), 0 crítica(s). (Modelo ML no disponible — score calculado con reglas y señales documentales.)",20.0,0.0,22.0,20.0,True,12,R002|R008,,ALTO,2,0
SIN-0078,10.6,BAJO,Continuar flujo normal de liquidación. Sin señales de riesgo significativas.,"Score de riesgo: 11/100 (Nivel BAJO). Motor de reglas: 1 regla(s) activada(s), 0 crítica(s). (Modelo ML no disponible — score calculado con reglas y señales documentales.)",13.3,0.0,17.0,13.3,True,8,R008,,ALTO,1,0
SIN-0079,1.0,BAJO,Continuar flujo normal de liquidación. Sin señales de riesgo significativas.,Score de riesgo: 1/100 (Nivel BAJO). (Modelo ML no disponible — score calculado con reglas y señales documentales.),0.0,0.0,7.0,0.0,True,0,,,NINGUNA,0,0
SIN-0080,18.4,BAJO,Continuar flujo normal de liquidación. Sin señales de riesgo significativas.,"Score de riesgo: 18/100 (Nivel BAJO). Motor de reglas: 2 regla(s) activada(s), 0 crítica(s). (Modelo ML no disponible — score calculado con reglas y señales documentales.)",23.3,0.0,29.0,23.3,True,14,R008|R009,,ALTO,2,0
SIN-0081,17.4,BAJO,Continuar flujo normal de liquidación. Sin señales de riesgo significativas.,"Score de riesgo: 17/100 (Nivel BAJO). Motor de reglas: 2 regla(s) activada(s), 0 crítica(s). (Modelo ML no disponible — score calculado con reglas y señales documentales.)",23.3,0.0,23.0,23.3,True,14,R008|R009,,ALTO,2,0
SIN-0082,31.4,MEDIO,Escalar a la Unidad Antifraude para revisión documental.,"Score de riesgo: 31/100 (Nivel MEDIO). Motor de reglas: 4 regla(s) activada(s), 1 crítica(s). (Modelo ML no disponible — score calculado con reglas y señales documentales.)",43.3,0.0,36.0,43.3,True,26,R002|R008|R011|R023,R011,CRÍTICO,4,1
SIN-0083,18.0,BAJO,Continuar flujo normal de liquidación. Sin señales de riesgo significativas.,"Score de riesgo: 18/100 (Nivel BAJO). Motor de reglas: 2 regla(s) activada(s), 0 crítica(s). (Modelo ML no disponible — score calculado con reglas y señales documentales.)",23.3,0.0,27.0,23.3,True,14,R008|R009,,ALTO,2,0
SIN-0084,20.8,BAJO,Continuar flujo normal de liquidación. Sin señales de riesgo significativas.,"Score de riesgo: 21/100 (Nivel BAJO). Motor de reglas: 3 regla(s) activada(s), 0 crítica(s). (Modelo ML no disponible — score calculado con reglas y señales documentales.)",21.7,0.0,52.0,21.7,True,13,R002|R005|R023,,ALTO,3,0
SIN-0085,9.4,BAJO,Continuar flujo normal de liquidación. Sin señales de riesgo significativas.,"Score de riesgo: 9/100 (Nivel BAJO). Motor de reglas: 1 regla(s) activada(s), 0 crítica(s). (Modelo ML no disponible — score calculado con reglas y señales documentales.)",13.3,0.0,9.0,13.3,True,8,R008,,ALTO,1,0
SIN-0086,2.1,BAJO,Continuar flujo normal de liquidación. Sin señales de riesgo significativas.,Score de riesgo: 2/100 (Nivel BAJO). (Modelo ML no disponible — score calculado con reglas y señales documentales.),0.0,0.0,14.0,0.0,True,0,,,NINGUNA,0,0
SIN-0087,29.6,BAJO,Continuar flujo normal de liquidación. Sin señales de riesgo significativas.,"Score de riesgo: 30/100 (Nivel BAJO). Motor de reglas: 3 regla(s) activada(s), 0 crítica(s). Narrativa con similitud 77% respecto a otro siniestro. (Modelo ML no disponible — score calculado con reglas y señales documentales.)",30.0,0.0,77.0,30.0,True,18,R008|R009|R015,,ALTO,3,0
SIN-0088,9.6,BAJO,Continuar flujo normal de liquidación. Sin señales de riesgo significativas.,"Score de riesgo: 10/100 (Nivel BAJO). Motor de reglas: 1 regla(s) activada(s), 0 crítica(s). (Modelo ML no disponible — score calculado con reglas y señales documentales.)",13.3,0.0,11.0,13.3,True,8,R008,,ALTO,1,0
SIN-0089,10.6,BAJO,Continuar flujo normal de liquidación. Sin señales de riesgo significativas.,"Score de riesgo: 11/100 (Nivel BAJO). Motor de reglas: 1 regla(s) activada(s), 0 crítica(s). (Modelo ML no disponible — score calculado con reglas y señales documentales.)",13.3,0.0,17.0,13.3,True,8,R008,,ALTO,1,0
SIN-0090,26.4,BAJO,Continuar flujo normal de liquidación. Sin señales de riesgo significativas.,"Score de riesgo: 26/100 (Nivel BAJO). Motor de reglas: 2 regla(s) activada(s), 1 crítica(s). Narrativa con similitud 96% respecto a otro siniestro. (Modelo ML no disponible — score calculado con reglas y señales documentales.)",20.0,0.0,96.0,20.0,True,12,R014|R023,R014,CRÍTICO,2,1
SIN-0091,10.0,BAJO,Continuar flujo normal de liquidación. Sin señales de riesgo significativas.,Score de riesgo: 10/100 (Nivel BAJO). (Modelo ML no disponible — score calculado con reglas y señales documentales.),0.0,0.0,67.0,0.0,True,0,,,NINGUNA,0,0
SIN-0092,10.8,BAJO,Continuar flujo normal de liquidación. Sin señales de riesgo significativas.,"Score de riesgo: 11/100 (Nivel BAJO). Motor de reglas: 1 regla(s) activada(s), 0 crítica(s). (Modelo ML no disponible — score calculado con reglas y señales documentales.)",13.3,0.0,19.0,13.3,True,8,R008,,ALTO,1,0
SIN-0093,28.8,BAJO,Continuar flujo normal de liquidación. Sin señales de riesgo significativas.,"Score de riesgo: 29/100 (Nivel BAJO). Motor de reglas: 3 regla(s) activada(s), 1 crítica(s). Narrativa con similitud 85% respecto a otro siniestro. (Modelo ML no disponible — score calculado con reglas y señales documentales.)",26.7,0.0,85.0,26.7,True,16,R002|R014|R023,R014,CRÍTICO,3,1
SIN-0094,1.2,BAJO,Continuar flujo normal de liquidación. Sin señales de riesgo significativas.,Score de riesgo: 1/100 (Nivel BAJO). (Modelo ML no disponible — score calculado con reglas y señales documentales.),0.0,0.0,8.0,0.0,True,0,,,NINGUNA,0,0
SIN-0095,7.4,BAJO,Continuar flujo normal de liquidación. Sin señales de riesgo significativas.,"Score de riesgo: 7/100 (Nivel BAJO). Motor de reglas: 1 regla(s) activada(s), 0 crítica(s). (Modelo ML no disponible — score calculado con reglas y señales documentales.)",6.7,0.0,23.0,6.7,True,4,R002,,ALTO,1,0
SIN-0096,11.0,BAJO,Continuar flujo normal de liquidación. Sin señales de riesgo significativas.,"Score de riesgo: 11/100 (Nivel BAJO). Motor de reglas: 1 regla(s) activada(s), 0 crítica(s). (Modelo ML no disponible — score calculado con reglas y señales documentales.)",13.3,0.0,20.0,13.3,True,8,R008,,ALTO,1,0
SIN-0097,9.5,BAJO,Continuar flujo normal de liquidación. Sin señales de riesgo significativas.,"Score de riesgo: 10/100 (Nivel BAJO). Motor de reglas: 1 regla(s) activada(s), 0 crítica(s). (Modelo ML no disponible — score calculado con reglas y señales documentales.)",13.3,0.0,10.0,13.3,True,8,R008,,ALTO,1,0
SIN-0098,9.6,BAJO,Continuar flujo normal de liquidación. Sin señales de riesgo significativas.,Score de riesgo: 10/100 (Nivel BAJO). (Modelo ML no disponible — score calculado con reglas y señales documentales.),0.0,0.0,64.0,0.0,True,0,,,NINGUNA,0,0
SIN-0099,18.4,BAJO,Continuar flujo normal de liquidación. Sin señales de riesgo significativas.,"Score de riesgo: 18/100 (Nivel BAJO). Motor de reglas: 2 regla(s) activada(s), 0 crítica(s). (Modelo ML no disponible — score calculado con reglas y señales documentales.)",23.3,0.0,29.0,23.3,True,14,R008|R009,,ALTO,2,0
SIN-0100,2.0,BAJO,Continuar flujo normal de liquidación. Sin señales de riesgo significativas.,Score de riesgo: 2/100 (Nivel BAJO). (Modelo ML no disponible — score calculado con reglas y señales documentales.),0.0,0.0,13.0,0.0,True,0,,,NINGUNA,0,0
SIN-0101,44.1,MEDIO,Escalar a la Unidad Antifraude para revisión documental.,"Score de riesgo: 44/100 (Nivel MEDIO). Motor de reglas: 5 regla(s) activada(s), 1 crítica(s). Narrativa con similitud 87% respecto a otro siniestro. (Modelo ML no disponible — score calculado con reglas y señales documentales.)",51.7,0.0,87.0,51.7,True,31,R005|R008|R009|R014|R023,R014,CRÍTICO,5,1
SIN-0102,20.1,BAJO,Continuar flujo normal de liquidación. Sin señales de riesgo significativas.,"Score de riesgo: 20/100 (Nivel BAJO). Motor de reglas: 3 regla(s) activada(s), 0 crítica(s). (Modelo ML no disponible — score calculado con reglas y señales documentales.)",30.0,0.0,14.0,30.0,True,18,R002|R008|R009,,ALTO,3,0
SIN-0103,15.6,BAJO,Continuar flujo normal de liquidación. Sin señales de riesgo significativas.,"Score de riesgo: 16/100 (Nivel BAJO). Motor de reglas: 2 regla(s) activada(s), 0 crítica(s). (Modelo ML no disponible — score calculado con reglas y señales documentales.)",23.3,0.0,11.0,23.3,True,14,R008|R009,,ALTO,2,0
SIN-0104,28.8,BAJO,Continuar flujo normal de liquidación. Sin señales de riesgo significativas.,"Score de riesgo: 29/100 (Nivel BAJO). Motor de reglas: 4 regla(s) activada(s), 0 crítica(s). (Modelo ML no disponible — score calculado con reglas y señales documentales.)",35.0,0.0,52.0,35.0,True,21,R002|R008|R016|R023,,ALTO,4,0
SIN-0105,1.8,BAJO,Continuar flujo normal de liquidación. Sin señales de riesgo significativas.,Score de riesgo: 2/100 (Nivel BAJO). (Modelo ML no disponible — score calculado con reglas y señales documentales.),0.0,0.0,12.0,0.0,True,0,,,NINGUNA,0,0
SIN-0106,17.2,BAJO,Continuar flujo normal de liquidación. Sin señales de riesgo significativas.,"Score de riesgo: 17/100 (Nivel BAJO). Motor de reglas: 1 regla(s) activada(s), 0 crítica(s). (Modelo ML no disponible — score calculado con reglas y señales documentales.)",13.3,0.0,61.0,13.3,True,8,R008,,ALTO,1,0
SIN-0107,14.9,BAJO,Continuar flujo normal de liquidación. Sin señales de riesgo significativas.,"Score de riesgo: 15/100 (Nivel BAJO). Motor de reglas: 2 regla(s) activada(s), 0 crítica(s). (Modelo ML no disponible — score calculado con reglas y señales documentales.)",23.3,0.0,6.0,23.3,True,14,R008|R009,,ALTO,2,0
SIN-0108,10.6,BAJO,Continuar flujo normal de liquidación. Sin señales de riesgo significativas.,"Score de riesgo: 11/100 (Nivel BAJO). Motor de reglas: 1 regla(s) activada(s), 0 crítica(s). (Modelo ML no disponible — score calculado con reglas y señales documentales.)",13.3,0.0,17.0,13.3,True,8,R008,,ALTO,1,0
SIN-0109,26.6,BAJO,Continuar flujo normal de liquidación. Sin señales de riesgo significativas.,"Score de riesgo: 27/100 (Nivel BAJO). Motor de reglas: 3 regla(s) activada(s), 0 crítica(s). (Modelo ML no disponible — score calculado con reglas y señales documentales.)",30.0,0.0,57.0,30.0,True,18,R002|R008|R009,,ALTO,3,0
SIN-0110,18.4,BAJO,Continuar flujo normal de liquidación. Sin señales de riesgo significativas.,"Score de riesgo: 18/100 (Nivel BAJO). Motor de reglas: 2 regla(s) activada(s), 0 crítica(s). (Modelo ML no disponible — score calculado con reglas y señales documentales.)",23.3,0.0,29.0,23.3,True,14,R008|R009,,ALTO,2,0
SIN-0111,19.8,BAJO,Continuar flujo normal de liquidación. Sin señales de riesgo significativas.,"Score de riesgo: 20/100 (Nivel BAJO). Motor de reglas: 2 regla(s) activada(s), 0 crítica(s). (Modelo ML no disponible — score calculado con reglas y señales documentales.)",23.3,0.0,39.0,23.3,True,14,R008|R009,,ALTO,2,0
SIN-0112,16.8,BAJO,Continuar flujo normal de liquidación. Sin señales de riesgo significativas.,"Score de riesgo: 17/100 (Nivel BAJO). Motor de reglas: 2 regla(s) activada(s), 0 crítica(s). (Modelo ML no disponible — score calculado con reglas y señales documentales.)",20.0,0.0,32.0,20.0,True,12,R002|R008,,ALTO,2,0
SIN-0113,13.0,BAJO,Continuar flujo normal de liquidación. Sin señales de riesgo significativas.,"Score de riesgo: 13/100 (Nivel BAJO). Motor de reglas: 1 regla(s) activada(s), 0 crítica(s). (Modelo ML no disponible — score calculado con reglas y señales documentales.)",13.3,0.0,33.0,13.3,True,8,R008,,ALTO,1,0
SIN-0114,10.4,BAJO,Continuar flujo normal de liquidación. Sin señales de riesgo significativas.,"Score de riesgo: 10/100 (Nivel BAJO). Motor de reglas: 1 regla(s) activada(s), 0 crítica(s). (Modelo ML no disponible — score calculado con reglas y señales documentales.)",13.3,0.0,16.0,13.3,True,8,R008,,ALTO,1,0
SIN-0115,3.3,BAJO,Continuar flujo normal de liquidación. Sin señales de riesgo significativas.,Score de riesgo: 3/100 (Nivel BAJO). (Modelo ML no disponible — score calculado con reglas y señales documentales.),0.0,0.0,22.0,0.0,True,0,,,NINGUNA,0,0
SIN-0116,15.8,BAJO,Continuar flujo normal de liquidación. Sin señales de riesgo significativas.,"Score de riesgo: 16/100 (Nivel BAJO). Motor de reglas: 2 regla(s) activada(s), 0 crítica(s). (Modelo ML no disponible — score calculado con reglas y señales documentales.)",23.3,0.0,12.0,23.3,True,14,R008|R009,,ALTO,2,0
SIN-0117,16.7,BAJO,Continuar flujo normal de liquidación. Sin señales de riesgo significativas.,"Score de riesgo: 17/100 (Nivel BAJO). Motor de reglas: 1 regla(s) activada(s), 0 crítica(s). (Modelo ML no disponible — score calculado con reglas y señales documentales.)",13.3,0.0,58.0,13.3,True,8,R008,,ALTO,1,0
SIN-0118,15.2,BAJO,Continuar flujo normal de liquidación. Sin señales de riesgo significativas.,"Score de riesgo: 15/100 (Nivel BAJO). Motor de reglas: 2 regla(s) activada(s), 0 crítica(s). (Modelo ML no disponible — score calculado con reglas y señales documentales.)",23.3,0.0,8.0,23.3,True,14,R008|R009,,ALTO,2,0
SIN-0119,9.4,BAJO,Continuar flujo normal de liquidación. Sin señales de riesgo significativas.,"Score de riesgo: 9/100 (Nivel BAJO). Motor de reglas: 1 regla(s) activada(s), 0 crítica(s). (Modelo ML no disponible — score calculado con reglas y señales documentales.)",13.3,0.0,9.0,13.3,True,8,R008,,ALTO,1,0
SIN-0120,34.4,MEDIO,Escalar a la Unidad Antifraude para revisión documental.,"Score de riesgo: 34/100 (Nivel MEDIO). Motor de reglas: 4 regla(s) activada(s), 0 crítica(s). Señales documentales PDF: score 10/100. (Modelo ML no disponible — score calculado con reglas y señales documentales.)",38.3,10.0,59.0,38.3,True,23,R005|R008|R018|R023,,ALTO,4,0
SIN-0121,3.6,BAJO,Continuar flujo normal de liquidación. Sin señales de riesgo significativas.,Score de riesgo: 4/100 (Nivel BAJO). (Modelo ML no disponible — score calculado con reglas y señales documentales.),0.0,0.0,24.0,0.0,True,0,,,NINGUNA,0,0
SIN-0122,2.6,BAJO,Continuar flujo normal de liquidación. Sin señales de riesgo significativas.,Score de riesgo: 3/100 (Nivel BAJO). (Modelo ML no disponible — score calculado con reglas y señales documentales.),0.0,0.0,17.0,0.0,True,0,,,NINGUNA,0,0
SIN-0123,8.0,BAJO,Continuar flujo normal de liquidación. Sin señales de riesgo significativas.,"Score de riesgo: 8/100 (Nivel BAJO). Motor de reglas: 1 regla(s) activada(s), 0 crítica(s). (Modelo ML no disponible — score calculado con reglas y señales documentales.)",6.7,0.0,27.0,6.7,True,4,R023,,BAJO,1,0
SIN-0124,9.8,BAJO,Continuar flujo normal de liquidación. Sin señales de riesgo significativas.,"Score de riesgo: 10/100 (Nivel BAJO). Motor de reglas: 1 regla(s) activada(s), 0 crítica(s). (Modelo ML no disponible — score calculado con reglas y señales documentales.)",13.3,0.0,12.0,13.3,True,8,R008,,ALTO,1,0
SIN-0125,28.5,BAJO,Continuar flujo normal de liquidación. Sin señales de riesgo significativas.,"Score de riesgo: 28/100 (Nivel BAJO). Motor de reglas: 3 regla(s) activada(s), 0 crítica(s). (Modelo ML no disponible — score calculado con reglas y señales documentales.)",30.0,0.0,70.0,30.0,True,18,R008|R009|R015,,ALTO,3,0
SIN-0126,17.0,BAJO,Continuar flujo normal de liquidación. Sin señales de riesgo significativas.,"Score de riesgo: 17/100 (Nivel BAJO). Motor de reglas: 2 regla(s) activada(s), 0 crítica(s). (Modelo ML no disponible — score calculado con reglas y señales documentales.)",23.3,0.0,20.0,23.3,True,14,R008|R009,,ALTO,2,0
SIN-0127,15.2,BAJO,Continuar flujo normal de liquidación. Sin señales de riesgo significativas.,"Score de riesgo: 15/100 (Nivel BAJO). Motor de reglas: 2 regla(s) activada(s), 0 crítica(s). (Modelo ML no disponible — score calculado con reglas y señales documentales.)",23.3,0.0,8.0,23.3,True,14,R008|R009,,ALTO,2,0
SIN-0128,27.0,BAJO,Continuar flujo normal de liquidación. Sin señales de riesgo significativas.,"Score de riesgo: 27/100 (Nivel BAJO). Motor de reglas: 3 regla(s) activada(s), 0 crítica(s). (Modelo ML no disponible — score calculado con reglas y señales documentales.)",30.0,0.0,60.0,30.0,True,18,R002|R008|R009,,ALTO,3,0
SIN-0129,10.4,BAJO,Continuar flujo normal de liquidación. Sin señales de riesgo significativas.,"Score de riesgo: 10/100 (Nivel BAJO). Motor de reglas: 1 regla(s) activada(s), 0 crítica(s). (Modelo ML no disponible — score calculado con reglas y señales documentales.)",13.3,0.0,16.0,13.3,True,8,R008,,ALTO,1,0
SIN-0130,11.4,BAJO,Continuar flujo normal de liquidación. Sin señales de riesgo significativas.,"Score de riesgo: 11/100 (Nivel BAJO). Motor de reglas: 2 regla(s) activada(s), 0 crítica(s). (Modelo ML no disponible — score calculado con reglas y señales documentales.)",13.3,0.0,23.0,13.3,True,8,R002|R023,,ALTO,2,0
SIN-0131,17.8,BAJO,Continuar flujo normal de liquidación. Sin señales de riesgo significativas.,"Score de riesgo: 18/100 (Nivel BAJO). Motor de reglas: 2 regla(s) activada(s), 0 crítica(s). (Modelo ML no disponible — score calculado con reglas y señales documentales.)",23.3,0.0,25.0,23.3,True,14,R008|R009,,ALTO,2,0
SIN-0132,21.6,BAJO,Continuar flujo normal de liquidación. Sin señales de riesgo significativas.,"Score de riesgo: 22/100 (Nivel BAJO). Motor de reglas: 3 regla(s) activada(s), 0 crítica(s). (Modelo ML no disponible — score calculado con reglas y señales documentales.)",30.0,0.0,24.0,30.0,True,18,R002|R008|R009,,ALTO,3,0
SIN-0133,25.8,BAJO,Continuar flujo normal de liquidación. Sin señales de riesgo significativas.,"Score de riesgo: 26/100 (Nivel BAJO). Motor de reglas: 3 regla(s) activada(s), 0 crítica(s). (Modelo ML no disponible — score calculado con reglas y señales documentales.)",28.3,0.0,59.0,28.3,True,17,R005|R008|R023,,ALTO,3,0
SIN-0134,17.6,BAJO,Continuar flujo normal de liquidación. Sin señales de riesgo significativas.,"Score de riesgo: 18/100 (Nivel BAJO). Motor de reglas: 2 regla(s) activada(s), 0 crítica(s). (Modelo ML no disponible — score calculado con reglas y señales documentales.)",23.3,0.0,24.0,23.3,True,14,R008|R009,,ALTO,2,0
SIN-0135,11.2,BAJO,Continuar flujo normal de liquidación. Sin señales de riesgo significativas.,"Score de riesgo: 11/100 (Nivel BAJO). Motor de reglas: 1 regla(s) activada(s), 0 crítica(s). (Modelo ML no disponible — score calculado con reglas y señales documentales.)",13.3,0.0,21.0,13.3,True,8,R008,,ALTO,1,0
SIN-0136,1.2,BAJO,Continuar flujo normal de liquidación. Sin señales de riesgo significativas.,Score de riesgo: 1/100 (Nivel BAJO). (Modelo ML no disponible — score calculado con reglas y señales documentales.),0.0,0.0,8.0,0.0,True,0,,,NINGUNA,0,0
SIN-0137,4.0,BAJO,Continuar flujo normal de liquidación. Sin señales de riesgo significativas.,Score de riesgo: 4/100 (Nivel BAJO). (Modelo ML no disponible — score calculado con reglas y señales documentales.),0.0,0.0,27.0,0.0,True,0,,,NINGUNA,0,0
SIN-0138,19.0,BAJO,Continuar flujo normal de liquidación. Sin señales de riesgo significativas.,"Score de riesgo: 19/100 (Nivel BAJO). Motor de reglas: 2 regla(s) activada(s), 0 crítica(s). (Modelo ML no disponible — score calculado con reglas y señales documentales.)",23.3,0.0,33.0,23.3,True,14,R008|R009,,ALTO,2,0
SIN-0139,14.4,BAJO,Continuar flujo normal de liquidación. Sin señales de riesgo significativas.,"Score de riesgo: 14/100 (Nivel BAJO). Motor de reglas: 2 regla(s) activada(s), 0 crítica(s). (Modelo ML no disponible — score calculado con reglas y señales documentales.)",20.0,0.0,16.0,20.0,True,12,R002|R008,,ALTO,2,0
SIN-0140,4.2,BAJO,Continuar flujo normal de liquidación. Sin señales de riesgo significativas.,Score de riesgo: 4/100 (Nivel BAJO). (Modelo ML no disponible — score calculado con reglas y señales documentales.),0.0,0.0,28.0,0.0,True,0,,,NINGUNA,0,0
SIN-0141,10.7,BAJO,Continuar flujo normal de liquidación. Sin señales de riesgo significativas.,"Score de riesgo: 11/100 (Nivel BAJO). Motor de reglas: 1 regla(s) activada(s), 0 crítica(s). (Modelo ML no disponible — score calculado con reglas y señales documentales.)",13.3,0.0,18.0,13.3,True,8,R008,,ALTO,1,0
SIN-0142,3.0,BAJO,Continuar flujo normal de liquidación. Sin señales de riesgo significativas.,Score de riesgo: 3/100 (Nivel BAJO). (Modelo ML no disponible — score calculado con reglas y señales documentales.),0.0,0.0,20.0,0.0,True,0,,,NINGUNA,0,0
SIN-0143,30.2,MEDIO,Escalar a la Unidad Antifraude para revisión documental.,"Score de riesgo: 30/100 (Nivel MEDIO). Motor de reglas: 4 regla(s) activada(s), 1 crítica(s). (Modelo ML no disponible — score calculado con reglas y señales documentales.)",41.7,0.0,35.0,41.7,True,25,R001|R005|R008|R023,R001,CRÍTICO,4,1
SIN-0144,10.4,BAJO,Continuar flujo normal de liquidación. Sin señales de riesgo significativas.,"Score de riesgo: 10/100 (Nivel BAJO). Motor de reglas: 1 regla(s) activada(s), 0 crítica(s). (Modelo ML no disponible — score calculado con reglas y señales documentales.)",13.3,0.0,16.0,13.3,True,8,R008,,ALTO,1,0
SIN-0145,16.1,BAJO,Continuar flujo normal de liquidación. Sin señales de riesgo significativas.,"Score de riesgo: 16/100 (Nivel BAJO). Motor de reglas: 2 regla(s) activada(s), 0 crítica(s). (Modelo ML no disponible — score calculado con reglas y señales documentales.)",23.3,0.0,14.0,23.3,True,14,R008|R009,,ALTO,2,0
SIN-0146,15.6,BAJO,Continuar flujo normal de liquidación. Sin señales de riesgo significativas.,"Score de riesgo: 16/100 (Nivel BAJO). Motor de reglas: 2 regla(s) activada(s), 0 crítica(s). (Modelo ML no disponible — score calculado con reglas y señales documentales.)",23.3,0.0,11.0,23.3,True,14,R008|R009,,ALTO,2,0
SIN-0147,19.6,BAJO,Continuar flujo normal de liquidación. Sin señales de riesgo significativas.,"Score de riesgo: 20/100 (Nivel BAJO). Motor de reglas: 3 regla(s) activada(s), 0 crítica(s). (Modelo ML no disponible — score calculado con reglas y señales documentales.)",26.7,0.0,24.0,26.7,True,16,R002|R008|R023,,ALTO,3,0
SIN-0148,33.8,MEDIO,Escalar a la Unidad Antifraude para revisión documental.,"Score de riesgo: 34/100 (Nivel MEDIO). Motor de reglas: 5 regla(s) activada(s), 0 crítica(s). (Modelo ML no disponible — score calculado con reglas y señales documentales.)",45.0,0.0,45.0,45.0,True,27,R002|R005|R008|R009|R023,,ALTO,5,0
SIN-0149,43.2,MEDIO,Escalar a la Unidad Antifraude para revisión documental.,"Score de riesgo: 43/100 (Nivel MEDIO). Motor de reglas: 5 regla(s) activada(s), 1 crítica(s). Narrativa con similitud 88% respecto a otro siniestro. (Modelo ML no disponible — score calculado con reglas y señales documentales.)",50.0,0.0,88.0,50.0,True,30,R002|R008|R009|R014|R023,R014,CRÍTICO,5,1
SIN-0150,17.6,BAJO,Continuar flujo normal de liquidación. Sin señales de riesgo significativas.,"Score de riesgo: 18/100 (Nivel BAJO). Motor de reglas: 2 regla(s) activada(s), 0 crítica(s). (Modelo ML no disponible — score calculado con reglas y señales documentales.)",23.3,0.0,24.0,23.3,True,14,R008|R009,,ALTO,2,0
SIN-0151,18.4,BAJO,Continuar flujo normal de liquidación. Sin señales de riesgo significativas.,"Score de riesgo: 18/100 (Nivel BAJO). Motor de reglas: 3 regla(s) activada(s), 0 crítica(s). (Modelo ML no disponible — score calculado con reglas y señales documentales.)",26.7,0.0,16.0,26.7,True,16,R002|R008|R023,,ALTO,3,0
SIN-0152,17.4,BAJO,Continuar flujo normal de liquidación. Sin señales de riesgo significativas.,"Score de riesgo: 17/100 (Nivel BAJO). Motor de reglas: 2 regla(s) activada(s), 1 crítica(s). (Modelo ML no disponible — score calculado con reglas y señales documentales.)",20.0,0.0,36.0,20.0,True,12,R001|R023,R001,CRÍTICO,2,1
SIN-0153,0.9,BAJO,Continuar flujo normal de liquidación. Sin señales de riesgo significativas.,Score de riesgo: 1/100 (Nivel BAJO). (Modelo ML no disponible — score calculado con reglas y señales documentales.),0.0,0.0,6.0,0.0,True,0,,,NINGUNA,0,0
SIN-0154,26.7,BAJO,Continuar flujo normal de liquidación. Sin señales de riesgo significativas.,"Score de riesgo: 27/100 (Nivel BAJO). Motor de reglas: 4 regla(s) activada(s), 0 crítica(s). (Modelo ML no disponible — score calculado con reglas y señales documentales.)",35.0,0.0,38.0,35.0,True,21,R002|R005|R008|R023,,ALTO,4,0
SIN-0155,19.3,BAJO,Continuar flujo normal de liquidación. Sin señales de riesgo significativas.,"Score de riesgo: 19/100 (Nivel BAJO). Motor de reglas: 3 regla(s) activada(s), 0 crítica(s). (Modelo ML no disponible — score calculado con reglas y señales documentales.)",26.7,0.0,22.0,26.7,True,16,R002|R008|R023,,ALTO,3,0
SIN-0156,21.0,BAJO,Continuar flujo normal de liquidación. Sin señales de riesgo significativas.,"Score de riesgo: 21/100 (Nivel BAJO). Motor de reglas: 3 regla(s) activada(s), 0 crítica(s). (Modelo ML no disponible — score calculado con reglas y señales documentales.)",21.7,0.0,53.0,21.7,True,13,R002|R005|R023,,ALTO,3,0
SIN-0157,15.2,BAJO,Continuar flujo normal de liquidación. Sin señales de riesgo significativas.,"Score de riesgo: 15/100 (Nivel BAJO). Motor de reglas: 2 regla(s) activada(s), 0 crítica(s). (Modelo ML no disponible — score calculado con reglas y señales documentales.)",20.0,0.0,21.0,20.0,True,12,R002|R008,,ALTO,2,0
SIN-0158,2.0,BAJO,Continuar flujo normal de liquidación. Sin señales de riesgo significativas.,Score de riesgo: 2/100 (Nivel BAJO). (Modelo ML no disponible — score calculado con reglas y señales documentales.),0.0,0.0,13.0,0.0,True,0,,,NINGUNA,0,0
SIN-0159,1.2,BAJO,Continuar flujo normal de liquidación. Sin señales de riesgo significativas.,Score de riesgo: 1/100 (Nivel BAJO). (Modelo ML no disponible — score calculado con reglas y señales documentales.),0.0,0.0,8.0,0.0,True,0,,,NINGUNA,0,0
SIN-0160,58.2,MEDIO,Escalar a la Unidad Antifraude para revisión documental.,"Score de riesgo: 58/100 (Nivel MEDIO). Motor de reglas: 8 regla(s) activada(s), 1 crítica(s). Narrativa con similitud 81% respecto a otro siniestro. (Modelo ML no disponible — score calculado con reglas y señales documentales.)",76.7,0.0,81.0,76.7,True,46,R002|R005|R008|R009|R011|R015|R016|R023,R011,CRÍTICO,8,1
SIN-0161,1.3,BAJO,Continuar flujo normal de liquidación. Sin señales de riesgo significativas.,Score de riesgo: 1/100 (Nivel BAJO). (Modelo ML no disponible — score calculado con reglas y señales documentales.),0.0,0.0,9.0,0.0,True,0,,,NINGUNA,0,0
SIN-0162,19.8,BAJO,Continuar flujo normal de liquidación. Sin señales de riesgo significativas.,"Score de riesgo: 20/100 (Nivel BAJO). Motor de reglas: 2 regla(s) activada(s), 0 crítica(s). (Modelo ML no disponible — score calculado con reglas y señales documentales.)",23.3,0.0,39.0,23.3,True,14,R008|R009,,ALTO,2,0
SIN-0163,28.9,BAJO,Continuar flujo normal de liquidación. Sin señales de riesgo significativas.,"Score de riesgo: 29/100 (Nivel BAJO). Motor de reglas: 3 regla(s) activada(s), 2 crítica(s). (Modelo ML no disponible — score calculado con reglas y señales documentales.)",36.7,0.0,46.0,36.7,True,22,R001|R011|R023,R001|R011,CRÍTICO,3,2
SIN-0164,2.0,BAJO,Continuar flujo normal de liquidación. Sin señales de riesgo significativas.,Score de riesgo: 2/100 (Nivel BAJO). (Modelo ML no disponible — score calculado con reglas y señales documentales.),0.0,0.0,13.0,0.0,True,0,,,NINGUNA,0,0
SIN-0165,9.8,BAJO,Continuar flujo normal de liquidación. Sin señales de riesgo significativas.,"Score de riesgo: 10/100 (Nivel BAJO). Motor de reglas: 1 regla(s) activada(s), 0 crítica(s). (Modelo ML no disponible — score calculado con reglas y señales documentales.)",13.3,0.0,12.0,13.3,True,8,R008,,ALTO,1,0
SIN-0166,52.8,MEDIO,Escalar a la Unidad Antifraude para revisión documental.,"Score de riesgo: 53/100 (Nivel MEDIO). Motor de reglas: 7 regla(s) activada(s), 1 crítica(s). Narrativa con similitud 85% respecto a otro siniestro. (Modelo ML no disponible — score calculado con reglas y señales documentales.)",66.7,0.0,85.0,66.7,True,40,R002|R005|R008|R009|R014|R016|R023,R014,CRÍTICO,7,1
SIN-0167,9.6,BAJO,Continuar flujo normal de liquidación. Sin señales de riesgo significativas.,"Score de riesgo: 10/100 (Nivel BAJO). Motor de reglas: 1 regla(s) activada(s), 0 crítica(s). (Modelo ML no disponible — score calculado con reglas y señales documentales.)",13.3,0.0,11.0,13.3,True,8,R008,,ALTO,1,0
SIN-0168,19.5,BAJO,Continuar flujo normal de liquidación. Sin señales de riesgo significativas.,"Score de riesgo: 20/100 (Nivel BAJO). Motor de reglas: 3 regla(s) activada(s), 0 crítica(s). (Modelo ML no disponible — score calculado con reglas y señales documentales.)",21.7,0.0,43.0,21.7,True,13,R002|R016|R023,,ALTO,3,0
SIN-0169,33.1,MEDIO,Escalar a la Unidad Antifraude para revisión documental.,"Score de riesgo: 33/100 (Nivel MEDIO). Motor de reglas: 4 regla(s) activada(s), 0 crítica(s). Narrativa con similitud 74% respecto a otro siniestro. (Modelo ML no disponible — score calculado con reglas y señales documentales.)",36.7,0.0,74.0,36.7,True,22,R008|R009|R015|R023,,ALTO,4,0
SIN-0170,15.4,BAJO,Continuar flujo normal de liquidación. Sin señales de riesgo significativas.,"Score de riesgo: 15/100 (Nivel BAJO). Motor de reglas: 1 regla(s) activada(s), 0 crítica(s). Narrativa con similitud 76% respecto a otro siniestro. (Modelo ML no disponible — score calculado con reglas y señales documentales.)",6.7,0.0,76.0,6.7,True,4,R015,,ALTO,1,0
SIN-0171,18.7,BAJO,Continuar flujo normal de liquidación. Sin señales de riesgo significativas.,"Score de riesgo: 19/100 (Nivel BAJO). Motor de reglas: 3 regla(s) activada(s), 0 crítica(s). (Modelo ML no disponible — score calculado con reglas y señales documentales.)",21.7,0.0,38.0,21.7,True,13,R002|R005|R023,,ALTO,3,0
SIN-0172,17.2,BAJO,Continuar flujo normal de liquidación. Sin señales de riesgo significativas.,"Score de riesgo: 17/100 (Nivel BAJO). Motor de reglas: 2 regla(s) activada(s), 0 crítica(s). (Modelo ML no disponible — score calculado con reglas y señales documentales.)",23.3,0.0,21.0,23.3,True,14,R008|R009,,ALTO,2,0
SIN-0173,1.5,BAJO,Continuar flujo normal de liquidación. Sin señales de riesgo significativas.,Score de riesgo: 2/100 (Nivel BAJO). (Modelo ML no disponible — score calculado con reglas y señales documentales.),0.0,0.0,10.0,0.0,True,0,,,NINGUNA,0,0
SIN-0174,10.1,BAJO,Continuar flujo normal de liquidación. Sin señales de riesgo significativas.,"Score de riesgo: 10/100 (Nivel BAJO). Motor de reglas: 1 regla(s) activada(s), 0 crítica(s). (Modelo ML no disponible — score calculado con reglas y señales documentales.)",13.3,0.0,14.0,13.3,True,8,R008,,ALTO,1,0
SIN-0175,16.4,BAJO,Continuar flujo normal de liquidación. Sin señales de riesgo significativas.,"Score de riesgo: 16/100 (Nivel BAJO). Motor de reglas: 2 regla(s) activada(s), 0 crítica(s). (Modelo ML no disponible — score calculado con reglas y señales documentales.)",23.3,0.0,16.0,23.3,True,14,R008|R009,,ALTO,2,0
SIN-0176,4.0,BAJO,Continuar flujo normal de liquidación. Sin señales de riesgo significativas.,Score de riesgo: 4/100 (Nivel BAJO). (Modelo ML no disponible — score calculado con reglas y señales documentales.),0.0,0.0,27.0,0.0,True,0,,,NINGUNA,0,0
SIN-0177,15.0,BAJO,Continuar flujo normal de liquidación. Sin señales de riesgo significativas.,"Score de riesgo: 15/100 (Nivel BAJO). Motor de reglas: 2 regla(s) activada(s), 0 crítica(s). (Modelo ML no disponible — score calculado con reglas y señales documentales.)",23.3,0.0,7.0,23.3,True,14,R008|R009,,ALTO,2,0
SIN-0178,13.8,BAJO,Continuar flujo normal de liquidación. Sin señales de riesgo significativas.,"Score de riesgo: 14/100 (Nivel BAJO). Motor de reglas: 1 regla(s) activada(s), 0 crítica(s). (Modelo ML no disponible — score calculado con reglas y señales documentales.)",6.7,0.0,65.0,6.7,True,4,R002,,ALTO,1,0
SIN-0179,47.8,MEDIO,Escalar a la Unidad Antifraude para revisión documental.,"Score de riesgo: 48/100 (Nivel MEDIO). Motor de reglas: 5 regla(s) activada(s), 2 crítica(s). Narrativa con similitud 92% respecto a otro siniestro. (Modelo ML no disponible — score calculado con reglas y señales documentales.)",56.7,0.0,92.0,56.7,True,34,R001|R008|R009|R014|R023,R001|R014,CRÍTICO,5,2
SIN-0180,33.8,MEDIO,Escalar a la Unidad Antifraude para revisión documental.,"Score de riesgo: 34/100 (Nivel MEDIO). Motor de reglas: 4 regla(s) activada(s), 1 crítica(s). Narrativa con similitud 85% respecto a otro siniestro. (Modelo ML no disponible — score calculado con reglas y señales documentales.)",35.0,0.0,85.0,35.0,True,21,R002|R005|R014|R023,R014,CRÍTICO,4,1
SIN-0181,34.4,MEDIO,Escalar a la Unidad Antifraude para revisión documental.,"Score de riesgo: 34/100 (Nivel MEDIO). Motor de reglas: 5 regla(s) activada(s), 0 crítica(s). (Modelo ML no disponible — score calculado con reglas y señales documentales.)",45.0,0.0,49.0,45.0,True,27,R002|R005|R008|R009|R023,,ALTO,5,0
SIN-0182,3.4,BAJO,Continuar flujo normal de liquidación. Sin señales de riesgo significativas.,Score de riesgo: 3/100 (Nivel BAJO). (Modelo ML no disponible — score calculado con reglas y señales documentales.),0.0,0.0,23.0,0.0,True,0,,,NINGUNA,0,0
SIN-0183,16.1,BAJO,Continuar flujo normal de liquidación. Sin señales de riesgo significativas.,"Score de riesgo: 16/100 (Nivel BAJO). Motor de reglas: 2 regla(s) activada(s), 0 crítica(s). (Modelo ML no disponible — score calculado con reglas y señales documentales.)",23.3,0.0,14.0,23.3,True,14,R008|R009,,ALTO,2,0
SIN-0184,32.6,MEDIO,Escalar a la Unidad Antifraude para revisión documental.,"Score de riesgo: 33/100 (Nivel MEDIO). Motor de reglas: 4 regla(s) activada(s), 1 crítica(s). (Modelo ML no disponible — score calculado con reglas y señales documentales.)",45.0,0.0,37.0,45.0,True,27,R005|R008|R011|R023,R011,CRÍTICO,4,1
SIN-0185,12.5,BAJO,Continuar flujo normal de liquidación. Sin señales de riesgo significativas.,"Score de riesgo: 12/100 (Nivel BAJO). Motor de reglas: 1 regla(s) activada(s), 0 crítica(s). (Modelo ML no disponible — score calculado con reglas y señales documentales.)",13.3,0.0,30.0,13.3,True,8,R008,,ALTO,1,0
SIN-0186,16.5,BAJO,Continuar flujo normal de liquidación. Sin señales de riesgo significativas.,"Score de riesgo: 16/100 (Nivel BAJO). Motor de reglas: 1 regla(s) activada(s), 0 crítica(s). (Modelo ML no disponible — score calculado con reglas y señales documentales.)",13.3,0.0,57.0,13.3,True,8,R008,,ALTO,1,0
SIN-0187,22.8,BAJO,Continuar flujo normal de liquidación. Sin señales de riesgo significativas.,"Score de riesgo: 23/100 (Nivel BAJO). Motor de reglas: 2 regla(s) activada(s), 0 crítica(s). (Modelo ML no disponible — score calculado con reglas y señales documentales.)",23.3,0.0,59.0,23.3,True,14,R008|R009,,ALTO,2,0
SIN-0188,32.8,MEDIO,Escalar a la Unidad Antifraude para revisión documental.,"Score de riesgo: 33/100 (Nivel MEDIO). Motor de reglas: 4 regla(s) activada(s), 1 crítica(s). (Modelo ML no disponible — score calculado con reglas y señales documentales.)",46.7,0.0,32.0,46.7,True,28,R008|R009|R011|R023,R011,CRÍTICO,4,1
SIN-0189,18.4,BAJO,Continuar flujo normal de liquidación. Sin señales de riesgo significativas.,"Score de riesgo: 18/100 (Nivel BAJO). Motor de reglas: 2 regla(s) activada(s), 0 crítica(s). (Modelo ML no disponible — score calculado con reglas y señales documentales.)",23.3,0.0,29.0,23.3,True,14,R008|R009,,ALTO,2,0
SIN-0190,11.9,BAJO,Continuar flujo normal de liquidación. Sin señales de riesgo significativas.,"Score de riesgo: 12/100 (Nivel BAJO). Motor de reglas: 1 regla(s) activada(s), 0 crítica(s). (Modelo ML no disponible — score calculado con reglas y señales documentales.)",13.3,0.0,26.0,13.3,True,8,R008,,ALTO,1,0
SIN-0191,3.0,BAJO,Continuar flujo normal de liquidación. Sin señales de riesgo significativas.,Score de riesgo: 3/100 (Nivel BAJO). (Modelo ML no disponible — score calculado con reglas y señales documentales.),0.0,0.0,20.0,0.0,True,0,,,NINGUNA,0,0
SIN-0192,43.9,MEDIO,Escalar a la Unidad Antifraude para revisión documental.,"Score de riesgo: 44/100 (Nivel MEDIO). Motor de reglas: 5 regla(s) activada(s), 1 crítica(s). Narrativa con similitud 86% respecto a otro siniestro. (Modelo ML no disponible — score calculado con reglas y señales documentales.)",51.7,0.0,86.0,51.7,True,31,R005|R008|R009|R014|R023,R014,CRÍTICO,5,1
SIN-0193,16.6,BAJO,Continuar flujo normal de liquidación. Sin señales de riesgo significativas.,"Score de riesgo: 17/100 (Nivel BAJO). Motor de reglas: 2 regla(s) activada(s), 0 crítica(s). (Modelo ML no disponible — score calculado con reglas y señales documentales.)",23.3,0.0,17.0,23.3,True,14,R008|R009,,ALTO,2,0
SIN-0194,17.6,BAJO,Continuar flujo normal de liquidación. Sin señales de riesgo significativas.,"Score de riesgo: 18/100 (Nivel BAJO). Motor de reglas: 2 regla(s) activada(s), 0 crítica(s). (Modelo ML no disponible — score calculado con reglas y señales documentales.)",23.3,0.0,24.0,23.3,True,14,R008|R009,,ALTO,2,0
SIN-0195,33.0,MEDIO,Escalar a la Unidad Antifraude para revisión documental.,"Score de riesgo: 33/100 (Nivel MEDIO). Motor de reglas: 4 regla(s) activada(s), 0 crítica(s). Narrativa con similitud 80% respecto a otro siniestro. (Modelo ML no disponible — score calculado con reglas y señales documentales.)",35.0,0.0,80.0,35.0,True,21,R005|R008|R015|R023,,ALTO,4,0
SIN-0196,11.6,BAJO,Continuar flujo normal de liquidación. Sin señales de riesgo significativas.,"Score de riesgo: 12/100 (Nivel BAJO). Motor de reglas: 1 regla(s) activada(s), 0 crítica(s). (Modelo ML no disponible — score calculado con reglas y señales documentales.)",13.3,0.0,24.0,13.3,True,8,R008,,ALTO,1,0
SIN-0197,5.8,BAJO,Continuar flujo normal de liquidación. Sin señales de riesgo significativas.,Score de riesgo: 6/100 (Nivel BAJO). (Modelo ML no disponible — score calculado con reglas y señales documentales.),0.0,0.0,39.0,0.0,True,0,,,NINGUNA,0,0
SIN-0198,23.6,BAJO,Continuar flujo normal de liquidación. Sin señales de riesgo significativas.,"Score de riesgo: 24/100 (Nivel BAJO). Motor de reglas: 3 regla(s) activada(s), 0 crítica(s). (Modelo ML no disponible — score calculado con reglas y señales documentales.)",30.0,0.0,37.0,30.0,True,18,R008|R009|R023,,ALTO,3,0
SIN-0199,12.6,BAJO,Continuar flujo normal de liquidación. Sin señales de riesgo significativas.,"Score de riesgo: 13/100 (Nivel BAJO). Motor de reglas: 1 regla(s) activada(s), 0 crítica(s). (Modelo ML no disponible — score calculado con reglas y señales documentales.)",13.3,0.0,31.0,13.3,True,8,R008,,ALTO,1,0
SIN-0200,48.1,MEDIO,Escalar a la Unidad Antifraude para revisión documental.,"Score de riesgo: 48/100 (Nivel MEDIO). Motor de reglas: 5 regla(s) activada(s), 2 crítica(s). Narrativa con similitud 94% respecto a otro siniestro. (Modelo ML no disponible — score calculado con reglas y señales documentales.)",56.7,0.0,94.0,56.7,True,34,R001|R008|R009|R014|R023,R001|R014,CRÍTICO,5,2
SIN-0201,24.6,BAJO,Continuar flujo normal de liquidación. Sin señales de riesgo significativas.,"Score de riesgo: 25/100 (Nivel BAJO). Motor de reglas: 3 regla(s) activada(s), 0 crítica(s). (Modelo ML no disponible — score calculado con reglas y señales documentales.)",28.3,0.0,51.0,28.3,True,17,R005|R008|R023,,ALTO,3,0
SIN-0202,18.2,BAJO,Continuar flujo normal de liquidación. Sin señales de riesgo significativas.,"Score de riesgo: 18/100 (Nivel BAJO). Motor de reglas: 2 regla(s) activada(s), 0 crítica(s). (Modelo ML no disponible — score calculado con reglas y señales documentales.)",23.3,0.0,28.0,23.3,True,14,R008|R009,,ALTO,2,0
SIN-0203,2.8,BAJO,Continuar flujo normal de liquidación. Sin señales de riesgo significativas.,Score de riesgo: 3/100 (Nivel BAJO). (Modelo ML no disponible — score calculado con reglas y señales documentales.),0.0,0.0,19.0,0.0,True,0,,,NINGUNA,0,0
SIN-0204,9.8,BAJO,Continuar flujo normal de liquidación. Sin señales de riesgo significativas.,"Score de riesgo: 10/100 (Nivel BAJO). Motor de reglas: 2 regla(s) activada(s), 0 crítica(s). (Modelo ML no disponible — score calculado con reglas y señales documentales.)",13.3,0.0,12.0,13.3,True,8,R002|R023,,ALTO,2,0
SIN-0205,10.1,BAJO,Continuar flujo normal de liquidación. Sin señales de riesgo significativas.,"Score de riesgo: 10/100 (Nivel BAJO). Motor de reglas: 1 regla(s) activada(s), 0 crítica(s). (Modelo ML no disponible — score calculado con reglas y señales documentales.)",13.3,0.0,14.0,13.3,True,8,R008,,ALTO,1,0
SIN-0206,1.6,BAJO,Continuar flujo normal de liquidación. Sin señales de riesgo significativas.,Score de riesgo: 2/100 (Nivel BAJO). (Modelo ML no disponible — score calculado con reglas y señales documentales.),0.0,0.0,11.0,0.0,True,0,,,NINGUNA,0,0
SIN-0207,15.0,BAJO,Continuar flujo normal de liquidación. Sin señales de riesgo significativas.,"Score de riesgo: 15/100 (Nivel BAJO). Motor de reglas: 2 regla(s) activada(s), 0 crítica(s). (Modelo ML no disponible — score calculado con reglas y señales documentales.)",23.3,0.0,7.0,23.3,True,14,R008|R009,,ALTO,2,0
SIN-0208,1.3,BAJO,Continuar flujo normal de liquidación. Sin señales de riesgo significativas.,Score de riesgo: 1/100 (Nivel BAJO). (Modelo ML no disponible — score calculado con reglas y señales documentales.),0.0,0.0,9.0,0.0,True,0,,,NINGUNA,0,0
SIN-0209,5.6,BAJO,Continuar flujo normal de liquidación. Sin señales de riesgo significativas.,"Score de riesgo: 6/100 (Nivel BAJO). Motor de reglas: 1 regla(s) activada(s), 0 crítica(s). (Modelo ML no disponible — score calculado con reglas y señales documentales.)",6.7,0.0,11.0,6.7,True,4,R002,,ALTO,1,0
SIN-0210,32.6,MEDIO,Escalar a la Unidad Antifraude para revisión documental.,"Score de riesgo: 33/100 (Nivel MEDIO). Motor de reglas: 4 regla(s) activada(s), 0 crítica(s). Narrativa con similitud 71% respecto a otro siniestro. (Modelo ML no disponible — score calculado con reglas y señales documentales.)",36.7,0.0,71.0,36.7,True,22,R008|R009|R015|R023,,ALTO,4,0
SIN-0211,9.5,BAJO,Continuar flujo normal de liquidación. Sin señales de riesgo significativas.,"Score de riesgo: 10/100 (Nivel BAJO). Motor de reglas: 1 regla(s) activada(s), 0 crítica(s). (Modelo ML no disponible — score calculado con reglas y señales documentales.)",13.3,0.0,10.0,13.3,True,8,R008,,ALTO,1,0
SIN-0212,16.8,BAJO,Continuar flujo normal de liquidación. Sin señales de riesgo significativas.,"Score de riesgo: 17/100 (Nivel BAJO). Motor de reglas: 2 regla(s) activada(s), 0 crítica(s). (Modelo ML no disponible — score calculado con reglas y señales documentales.)",23.3,0.0,19.0,23.3,True,14,R008|R009,,ALTO,2,0
SIN-0213,17.0,BAJO,Continuar flujo normal de liquidación. Sin señales de riesgo significativas.,"Score de riesgo: 17/100 (Nivel BAJO). Motor de reglas: 2 regla(s) activada(s), 0 crítica(s). (Modelo ML no disponible — score calculado con reglas y señales documentales.)",23.3,0.0,20.0,23.3,True,14,R008|R009,,ALTO,2,0
SIN-0214,23.0,BAJO,Continuar flujo normal de liquidación. Sin señales de riesgo significativas.,"Score de riesgo: 23/100 (Nivel BAJO). Motor de reglas: 3 regla(s) activada(s), 0 crítica(s). (Modelo ML no disponible — score calculado con reglas y señales documentales.)",30.0,0.0,33.0,30.0,True,18,R002|R008|R009,,ALTO,3,0
SIN-0215,3.2,BAJO,Continuar flujo normal de liquidación. Sin señales de riesgo significativas.,Score de riesgo: 3/100 (Nivel BAJO). (Modelo ML no disponible — score calculado con reglas y señales documentales.),0.0,0.0,21.0,0.0,True,0,,,NINGUNA,0,0
SIN-0216,10.0,BAJO,Continuar flujo normal de liquidación. Sin señales de riesgo significativas.,"Score de riesgo: 10/100 (Nivel BAJO). Motor de reglas: 1 regla(s) activada(s), 0 crítica(s). (Modelo ML no disponible — score calculado con reglas y señales documentales.)",13.3,0.0,13.0,13.3,True,8,R008,,ALTO,1,0
SIN-0217,49.8,MEDIO,Escalar a la Unidad Antifraude para revisión documental.,"Score de riesgo: 50/100 (Nivel MEDIO). Motor de reglas: 6 regla(s) activada(s), 2 crítica(s). Señales documentales PDF: score 18/100. (Modelo ML no disponible — score calculado con reglas y señales documentales.)",65.0,18.0,42.0,65.0,True,39,R001|R005|R006|R008|R018|R023,R001|R006,CRÍTICO,6,2
SIN-0218,2.8,BAJO,Continuar flujo normal de liquidación. Sin señales de riesgo significativas.,Score de riesgo: 3/100 (Nivel BAJO). (Modelo ML no disponible — score calculado con reglas y señales documentales.),0.0,0.0,19.0,0.0,True,0,,,NINGUNA,0,0
SIN-0219,23.4,BAJO,Continuar flujo normal de liquidación. Sin señales de riesgo significativas.,"Score de riesgo: 23/100 (Nivel BAJO). Motor de reglas: 3 regla(s) activada(s), 1 crítica(s). (Modelo ML no disponible — score calculado con reglas y señales documentales.)",30.0,0.0,36.0,30.0,True,18,R002|R011|R023,R011,CRÍTICO,3,1
SIN-0220,22.0,BAJO,Continuar flujo normal de liquidación. Sin señales de riesgo significativas.,"Score de riesgo: 22/100 (Nivel BAJO). Motor de reglas: 3 regla(s) activada(s), 0 crítica(s). (Modelo ML no disponible — score calculado con reglas y señales documentales.)",30.0,0.0,27.0,30.0,True,18,R002|R008|R009,,ALTO,3,0
SIN-0221,26.1,BAJO,Continuar flujo normal de liquidación. Sin señales de riesgo significativas.,"Score de riesgo: 26/100 (Nivel BAJO). Motor de reglas: 2 regla(s) activada(s), 1 crítica(s). Narrativa con similitud 94% respecto a otro siniestro. (Modelo ML no disponible — score calculado con reglas y señales documentales.)",20.0,0.0,94.0,20.0,True,12,R014|R023,R014,CRÍTICO,2,1
SIN-0222,0.8,BAJO,Continuar flujo normal de liquidación. Sin señales de riesgo significativas.,Score de riesgo: 1/100 (Nivel BAJO). (Modelo ML no disponible — score calculado con reglas y señales documentales.),0.0,0.0,5.0,0.0,True,0,,,NINGUNA,0,0
SIN-0223,2.7,BAJO,Continuar flujo normal de liquidación. Sin señales de riesgo significativas.,Score de riesgo: 3/100 (Nivel BAJO). (Modelo ML no disponible — score calculado con reglas y señales documentales.),0.0,0.0,18.0,0.0,True,0,,,NINGUNA,0,0
SIN-0224,29.2,BAJO,Continuar flujo normal de liquidación. Sin señales de riesgo significativas.,"Score de riesgo: 29/100 (Nivel BAJO). Motor de reglas: 4 regla(s) activada(s), 0 crítica(s). (Modelo ML no disponible — score calculado con reglas y señales documentales.)",36.7,0.0,48.0,36.7,True,22,R002|R008|R009|R023,,ALTO,4,0
SIN-0225,43.5,MEDIO,Escalar a la Unidad Antifraude para revisión documental.,"Score de riesgo: 44/100 (Nivel MEDIO). Motor de reglas: 6 regla(s) activada(s), 1 crítica(s). (Modelo ML no disponible — score calculado con reglas y señales documentales.)",61.7,0.0,43.0,61.7,True,37,R002|R005|R008|R009|R011|R023,R011,CRÍTICO,6,1
SIN-0226,4.5,BAJO,Continuar flujo normal de liquidación. Sin señales de riesgo significativas.,Score de riesgo: 4/100 (Nivel BAJO). (Modelo ML no disponible — score calculado con reglas y señales documentales.),0.0,0.0,30.0,0.0,True,0,,,NINGUNA,0,0
SIN-0227,16.2,BAJO,Continuar flujo normal de liquidación. Sin señales de riesgo significativas.,"Score de riesgo: 16/100 (Nivel BAJO). Motor de reglas: 2 regla(s) activada(s), 0 crítica(s). (Modelo ML no disponible — score calculado con reglas y señales documentales.)",23.3,0.0,15.0,23.3,True,14,R008|R009,,ALTO,2,0
SIN-0228,43.6,MEDIO,Escalar a la Unidad Antifraude para revisión documental.,"Score de riesgo: 44/100 (Nivel MEDIO). Motor de reglas: 6 regla(s) activada(s), 0 crítica(s). Narrativa con similitud 84% respecto a otro siniestro. (Modelo ML no disponible — score calculado con reglas y señales documentales.)",51.7,0.0,84.0,51.7,True,31,R002|R005|R008|R009|R015|R023,,ALTO,6,0
SIN-0229,2.1,BAJO,Continuar flujo normal de liquidación. Sin señales de riesgo significativas.,Score de riesgo: 2/100 (Nivel BAJO). (Modelo ML no disponible — score calculado con reglas y señales documentales.),0.0,0.0,14.0,0.0,True,0,,,NINGUNA,0,0
SIN-0230,15.4,BAJO,Continuar flujo normal de liquidación. Sin señales de riesgo significativas.,"Score de riesgo: 15/100 (Nivel BAJO). Motor de reglas: 2 regla(s) activada(s), 0 crítica(s). (Modelo ML no disponible — score calculado con reglas y señales documentales.)",23.3,0.0,9.0,23.3,True,14,R008|R009,,ALTO,2,0
SIN-0231,17.4,BAJO,Continuar flujo normal de liquidación. Sin señales de riesgo significativas.,"Score de riesgo: 17/100 (Nivel BAJO). Motor de reglas: 2 regla(s) activada(s), 0 crítica(s). (Modelo ML no disponible — score calculado con reglas y señales documentales.)",20.0,0.0,36.0,20.0,True,12,R002|R008,,ALTO,2,0
SIN-0232,10.2,BAJO,Continuar flujo normal de liquidación. Sin señales de riesgo significativas.,"Score de riesgo: 10/100 (Nivel BAJO). Motor de reglas: 1 regla(s) activada(s), 0 crítica(s). (Modelo ML no disponible — score calculado con reglas y señales documentales.)",13.3,0.0,15.0,13.3,True,8,R008,,ALTO,1,0
SIN-0233,43.6,MEDIO,Escalar a la Unidad Antifraude para revisión documental.,"Score de riesgo: 44/100 (Nivel MEDIO). Motor de reglas: 5 regla(s) activada(s), 1 crítica(s). Narrativa con similitud 97% respecto a otro siniestro. (Modelo ML no disponible — score calculado con reglas y señales documentales.)",48.3,0.0,97.0,48.3,True,29,R002|R008|R014|R016|R023,R014,CRÍTICO,5,1
SIN-0234,35.4,MEDIO,Escalar a la Unidad Antifraude para revisión documental.,"Score de riesgo: 35/100 (Nivel MEDIO). Motor de reglas: 3 regla(s) activada(s), 2 crítica(s). Narrativa con similitud 89% respecto a otro siniestro. (Modelo ML no disponible — score calculado con reglas y señales documentales.)",36.7,0.0,89.0,36.7,True,22,R011|R014|R023,R011|R014,CRÍTICO,3,2
SIN-0235,3.3,BAJO,Continuar flujo normal de liquidación. Sin señales de riesgo significativas.,Score de riesgo: 3/100 (Nivel BAJO). (Modelo ML no disponible — score calculado con reglas y señales documentales.),0.0,0.0,22.0,0.0,True,0,,,NINGUNA,0,0
SIN-0236,11.6,BAJO,Continuar flujo normal de liquidación. Sin señales de riesgo significativas.,"Score de riesgo: 12/100 (Nivel BAJO). Motor de reglas: 1 regla(s) activada(s), 0 crítica(s). (Modelo ML no disponible — score calculado con reglas y señales documentales.)",13.3,0.0,24.0,13.3,True,8,R008,,ALTO,1,0
SIN-0237,16.1,BAJO,Continuar flujo normal de liquidación. Sin señales de riesgo significativas.,"Score de riesgo: 16/100 (Nivel BAJO). Motor de reglas: 2 regla(s) activada(s), 0 crítica(s). (Modelo ML no disponible — score calculado con reglas y señales documentales.)",23.3,0.0,14.0,23.3,True,14,R008|R009,,ALTO,2,0
SIN-0238,10.6,BAJO,Continuar flujo normal de liquidación. Sin señales de riesgo significativas.,"Score de riesgo: 11/100 (Nivel BAJO). Motor de reglas: 1 regla(s) activada(s), 0 crítica(s). (Modelo ML no disponible — score calculado con reglas y señales documentales.)",13.3,0.0,17.0,13.3,True,8,R008,,ALTO,1,0
SIN-0239,14.6,BAJO,Continuar flujo normal de liquidación. Sin señales de riesgo significativas.,"Score de riesgo: 15/100 (Nivel BAJO). Motor de reglas: 1 regla(s) activada(s), 0 crítica(s). Narrativa con similitud 71% respecto a otro siniestro. (Modelo ML no disponible — score calculado con reglas y señales documentales.)",6.7,0.0,71.0,6.7,True,4,R015,,ALTO,1,0
SIN-0240,15.0,BAJO,Continuar flujo normal de liquidación. Sin señales de riesgo significativas.,"Score de riesgo: 15/100 (Nivel BAJO). Motor de reglas: 2 regla(s) activada(s), 0 crítica(s). (Modelo ML no disponible — score calculado con reglas y señales documentales.)",20.0,0.0,20.0,20.0,True,12,R002|R008,,ALTO,2,0
SIN-0241,17.9,BAJO,Continuar flujo normal de liquidación. Sin señales de riesgo significativas.,"Score de riesgo: 18/100 (Nivel BAJO). Motor de reglas: 2 regla(s) activada(s), 0 crítica(s). (Modelo ML no disponible — score calculado con reglas y señales documentales.)",23.3,0.0,26.0,23.3,True,14,R008|R009,,ALTO,2,0
SIN-0242,9.8,BAJO,Continuar flujo normal de liquidación. Sin señales de riesgo significativas.,"Score de riesgo: 10/100 (Nivel BAJO). Motor de reglas: 1 regla(s) activada(s), 0 crítica(s). (Modelo ML no disponible — score calculado con reglas y señales documentales.)",13.3,0.0,12.0,13.3,True,8,R008,,ALTO,1,0
SIN-0243,9.7,BAJO,Continuar flujo normal de liquidación. Sin señales de riesgo significativas.,"Score de riesgo: 10/100 (Nivel BAJO). Motor de reglas: 1 regla(s) activada(s), 0 crítica(s). (Modelo ML no disponible — score calculado con reglas y señales documentales.)",6.7,0.0,38.0,6.7,True,4,R002,,ALTO,1,0
SIN-0244,14.8,BAJO,Continuar flujo normal de liquidación. Sin señales de riesgo significativas.,"Score de riesgo: 15/100 (Nivel BAJO). Motor de reglas: 2 regla(s) activada(s), 0 crítica(s). (Modelo ML no disponible — score calculado con reglas y señales documentales.)",20.0,0.0,19.0,20.0,True,12,R008|R023,,ALTO,2,0
SIN-0245,11.8,BAJO,Continuar flujo normal de liquidación. Sin señales de riesgo significativas.,"Score de riesgo: 12/100 (Nivel BAJO). Motor de reglas: 1 regla(s) activada(s), 0 crítica(s). (Modelo ML no disponible — score calculado con reglas y señales documentales.)",13.3,0.0,25.0,13.3,True,8,R008,,ALTO,1,0
SIN-0246,27.0,BAJO,Continuar flujo normal de liquidación. Sin señales de riesgo significativas.,"Score de riesgo: 27/100 (Nivel BAJO). Motor de reglas: 3 regla(s) activada(s), 0 crítica(s). (Modelo ML no disponible — score calculado con reglas y señales documentales.)",30.0,0.0,60.0,30.0,True,18,R008|R009|R023,,ALTO,3,0
SIN-0247,18.4,BAJO,Continuar flujo normal de liquidación. Sin señales de riesgo significativas.,"Score de riesgo: 18/100 (Nivel BAJO). Motor de reglas: 2 regla(s) activada(s), 0 crítica(s). (Modelo ML no disponible — score calculado con reglas y señales documentales.)",23.3,0.0,29.0,23.3,True,14,R008|R009,,ALTO,2,0
SIN-0248,3.3,BAJO,Continuar flujo normal de liquidación. Sin señales de riesgo significativas.,Score de riesgo: 3/100 (Nivel BAJO). (Modelo ML no disponible — score calculado con reglas y señales documentales.),0.0,0.0,22.0,0.0,True,0,,,NINGUNA,0,0
SIN-0249,19.8,BAJO,Continuar flujo normal de liquidación. Sin señales de riesgo significativas.,"Score de riesgo: 20/100 (Nivel BAJO). Motor de reglas: 2 regla(s) activada(s), 0 crítica(s). (Modelo ML no disponible — score calculado con reglas y señales documentales.)",20.0,0.0,52.0,20.0,True,12,R008|R023,,ALTO,2,0
SIN-0250,1.6,BAJO,Continuar flujo normal de liquidación. Sin señales de riesgo significativas.,Score de riesgo: 2/100 (Nivel BAJO). (Modelo ML no disponible — score calculado con reglas y señales documentales.),0.0,0.0,11.0,0.0,True,0,,,NINGUNA,0,0
SIN-0251,12.2,BAJO,Continuar flujo normal de liquidación. Sin señales de riesgo significativas.,"Score de riesgo: 12/100 (Nivel BAJO). Motor de reglas: 1 regla(s) activada(s), 0 crítica(s). (Modelo ML no disponible — score calculado con reglas y señales documentales.)",13.3,0.0,28.0,13.3,True,8,R008,,ALTO,1,0
SIN-0252,4.5,BAJO,Continuar flujo normal de liquidación. Sin señales de riesgo significativas.,Score de riesgo: 4/100 (Nivel BAJO). (Modelo ML no disponible — score calculado con reglas y señales documentales.),0.0,0.0,30.0,0.0,True,0,,,NINGUNA,0,0
SIN-0253,15.0,BAJO,Continuar flujo normal de liquidación. Sin señales de riesgo significativas.,"Score de riesgo: 15/100 (Nivel BAJO). Motor de reglas: 2 regla(s) activada(s), 0 crítica(s). (Modelo ML no disponible — score calculado con reglas y señales documentales.)",20.0,0.0,20.0,20.0,True,12,R008|R023,,ALTO,2,0
SIN-0254,22.4,BAJO,Continuar flujo normal de liquidación. Sin señales de riesgo significativas.,"Score de riesgo: 22/100 (Nivel BAJO). Motor de reglas: 3 regla(s) activada(s), 0 crítica(s). (Modelo ML no disponible — score calculado con reglas y señales documentales.)",30.0,0.0,29.0,30.0,True,18,R002|R008|R009,,ALTO,3,0
SIN-0255,1.0,BAJO,Continuar flujo normal de liquidación. Sin señales de riesgo significativas.,Score de riesgo: 1/100 (Nivel BAJO). (Modelo ML no disponible — score calculado con reglas y señales documentales.),0.0,0.0,7.0,0.0,True,0,,,NINGUNA,0,0
SIN-0256,16.1,BAJO,Continuar flujo normal de liquidación. Sin señales de riesgo significativas.,"Score de riesgo: 16/100 (Nivel BAJO). Motor de reglas: 2 regla(s) activada(s), 0 crítica(s). (Modelo ML no disponible — score calculado con reglas y señales documentales.)",23.3,0.0,14.0,23.3,True,14,R008|R009,,ALTO,2,0
SIN-0257,15.0,BAJO,Continuar flujo normal de liquidación. Sin señales de riesgo significativas.,"Score de riesgo: 15/100 (Nivel BAJO). Motor de reglas: 2 regla(s) activada(s), 0 crítica(s). (Modelo ML no disponible — score calculado con reglas y señales documentales.)",23.3,0.0,7.0,23.3,True,14,R008|R009,,ALTO,2,0
SIN-0258,55.1,MEDIO,Escalar a la Unidad Antifraude para revisión documental.,"Score de riesgo: 55/100 (Nivel MEDIO). Motor de reglas: 6 regla(s) activada(s), 2 crítica(s). Narrativa con similitud 94% respecto a otro siniestro. (Modelo ML no disponible — score calculado con reglas y señales documentales.)",68.3,0.0,94.0,68.3,True,41,R005|R008|R009|R011|R014|R023,R011|R014,CRÍTICO,6,2
SIN-0259,17.0,BAJO,Continuar flujo normal de liquidación. Sin señales de riesgo significativas.,"Score de riesgo: 17/100 (Nivel BAJO). Motor de reglas: 2 regla(s) activada(s), 0 crítica(s). (Modelo ML no disponible — score calculado con reglas y señales documentales.)",15.0,0.0,53.0,15.0,True,9,R005|R023,,MEDIO,2,0
SIN-0260,27.8,BAJO,Continuar flujo normal de liquidación. Sin señales de riesgo significativas.,"Score de riesgo: 28/100 (Nivel BAJO). Motor de reglas: 3 regla(s) activada(s), 0 crítica(s). Narrativa con similitud 79% respecto a otro siniestro. (Modelo ML no disponible — score calculado con reglas y señales documentales.)",26.7,0.0,79.0,26.7,True,16,R002|R008|R015,,ALTO,3,0
SIN-0261,9.6,BAJO,Continuar flujo normal de liquidación. Sin señales de riesgo significativas.,"Score de riesgo: 10/100 (Nivel BAJO). Motor de reglas: 1 regla(s) activada(s), 0 crítica(s). (Modelo ML no disponible — score calculado con reglas y señales documentales.)",13.3,0.0,11.0,13.3,True,8,R008,,ALTO,1,0
SIN-0262,11.8,BAJO,Continuar flujo normal de liquidación. Sin señales de riesgo significativas.,"Score de riesgo: 12/100 (Nivel BAJO). Motor de reglas: 1 regla(s) activada(s), 0 crítica(s). (Modelo ML no disponible — score calculado con reglas y señales documentales.)",13.3,0.0,25.0,13.3,True,8,R008,,ALTO,1,0
SIN-0263,2.7,BAJO,Continuar flujo normal de liquidación. Sin señales de riesgo significativas.,Score de riesgo: 3/100 (Nivel BAJO). (Modelo ML no disponible — score calculado con reglas y señales documentales.),0.0,0.0,18.0,0.0,True,0,,,NINGUNA,0,0
SIN-0264,16.2,BAJO,Continuar flujo normal de liquidación. Sin señales de riesgo significativas.,"Score de riesgo: 16/100 (Nivel BAJO). Motor de reglas: 2 regla(s) activada(s), 0 crítica(s). (Modelo ML no disponible — score calculado con reglas y señales documentales.)",23.3,0.0,15.0,23.3,True,14,R008|R009,,ALTO,2,0
SIN-0265,9.0,BAJO,Continuar flujo normal de liquidación. Sin señales de riesgo significativas.,"Score de riesgo: 9/100 (Nivel BAJO). Motor de reglas: 1 regla(s) activada(s), 0 crítica(s). (Modelo ML no disponible — score calculado con reglas y señales documentales.)",6.7,0.0,33.0,6.7,True,4,R002,,ALTO,1,0
SIN-0266,12.5,BAJO,Continuar flujo normal de liquidación. Sin señales de riesgo significativas.,"Score de riesgo: 12/100 (Nivel BAJO). Motor de reglas: 1 regla(s) activada(s), 0 crítica(s). (Modelo ML no disponible — score calculado con reglas y señales documentales.)",13.3,0.0,30.0,13.3,True,8,R008,,ALTO,1,0
SIN-0267,18.4,BAJO,Continuar flujo normal de liquidación. Sin señales de riesgo significativas.,"Score de riesgo: 18/100 (Nivel BAJO). Motor de reglas: 2 regla(s) activada(s), 0 crítica(s). (Modelo ML no disponible — score calculado con reglas y señales documentales.)",23.3,0.0,29.0,23.3,True,14,R008|R009,,ALTO,2,0
SIN-0268,39.2,MEDIO,Escalar a la Unidad Antifraude para revisión documental.,"Score de riesgo: 39/100 (Nivel MEDIO). Motor de reglas: 5 regla(s) activada(s), 0 crítica(s). Narrativa con similitud 81% respecto a otro siniestro. (Modelo ML no disponible — score calculado con reglas y señales documentales.)",45.0,0.0,81.0,45.0,True,27,R005|R008|R009|R015|R023,,ALTO,5,0
SIN-0269,1.8,BAJO,Continuar flujo normal de liquidación. Sin señales de riesgo significativas.,Score de riesgo: 2/100 (Nivel BAJO). (Modelo ML no disponible — score calculado con reglas y señales documentales.),0.0,0.0,12.0,0.0,True,0,,,NINGUNA,0,0
SIN-0270,10.7,BAJO,Continuar flujo normal de liquidación. Sin señales de riesgo significativas.,"Score de riesgo: 11/100 (Nivel BAJO). Motor de reglas: 1 regla(s) activada(s), 0 crítica(s). (Modelo ML no disponible — score calculado con reglas y señales documentales.)",13.3,0.0,18.0,13.3,True,8,R008,,ALTO,1,0
SIN-0271,3.8,BAJO,Continuar flujo normal de liquidación. Sin señales de riesgo significativas.,Score de riesgo: 4/100 (Nivel BAJO). (Modelo ML no disponible — score calculado con reglas y señales documentales.),0.0,0.0,25.0,0.0,True,0,,,NINGUNA,0,0
SIN-0272,2.2,BAJO,Continuar flujo normal de liquidación. Sin señales de riesgo significativas.,Score de riesgo: 2/100 (Nivel BAJO). (Modelo ML no disponible — score calculado con reglas y señales documentales.),0.0,0.0,15.0,0.0,True,0,,,NINGUNA,0,0
SIN-0273,10.4,BAJO,Continuar flujo normal de liquidación. Sin señales de riesgo significativas.,"Score de riesgo: 10/100 (Nivel BAJO). Motor de reglas: 1 regla(s) activada(s), 0 crítica(s). (Modelo ML no disponible — score calculado con reglas y señales documentales.)",13.3,0.0,16.0,13.3,True,8,R008,,ALTO,1,0
SIN-0274,21.2,BAJO,Continuar flujo normal de liquidación. Sin señales de riesgo significativas.,"Score de riesgo: 21/100 (Nivel BAJO). Motor de reglas: 2 regla(s) activada(s), 1 crítica(s). (Modelo ML no disponible — score calculado con reglas y señales documentales.)",23.3,0.0,48.0,23.3,True,14,R011|R023,R011,CRÍTICO,2,1
SIN-0275,16.6,BAJO,Continuar flujo normal de liquidación. Sin señales de riesgo significativas.,"Score de riesgo: 17/100 (Nivel BAJO). Motor de reglas: 2 regla(s) activada(s), 0 crítica(s). (Modelo ML no disponible — score calculado con reglas y señales documentales.)",23.3,0.0,17.0,23.3,True,14,R008|R009,,ALTO,2,0
SIN-0276,23.7,BAJO,Continuar flujo normal de liquidación. Sin señales de riesgo significativas.,"Score de riesgo: 24/100 (Nivel BAJO). Motor de reglas: 3 regla(s) activada(s), 0 crítica(s). (Modelo ML no disponible — score calculado con reglas y señales documentales.)",30.0,0.0,38.0,30.0,True,18,R002|R008|R009,,ALTO,3,0
SIN-0277,4.0,BAJO,Continuar flujo normal de liquidación. Sin señales de riesgo significativas.,Score de riesgo: 4/100 (Nivel BAJO). (Modelo ML no disponible — score calculado con reglas y señales documentales.),0.0,0.0,27.0,0.0,True,0,,,NINGUNA,0,0
SIN-0278,29.8,BAJO,Continuar flujo normal de liquidación. Sin señales de riesgo significativas.,"Score de riesgo: 30/100 (Nivel BAJO). Motor de reglas: 3 regla(s) activada(s), 1 crítica(s). Narrativa con similitud 92% respecto a otro siniestro. (Modelo ML no disponible — score calculado con reglas y señales documentales.)",26.7,0.0,92.0,26.7,True,16,R002|R014|R023,R014,CRÍTICO,3,1
SIN-0279,3.6,BAJO,Continuar flujo normal de liquidación. Sin señales de riesgo significativas.,Score de riesgo: 4/100 (Nivel BAJO). (Modelo ML no disponible — score calculado con reglas y señales documentales.),0.0,0.0,24.0,0.0,True,0,,,NINGUNA,0,0
SIN-0280,10.1,BAJO,Continuar flujo normal de liquidación. Sin señales de riesgo significativas.,"Score de riesgo: 10/100 (Nivel BAJO). Motor de reglas: 1 regla(s) activada(s), 0 crítica(s). (Modelo ML no disponible — score calculado con reglas y señales documentales.)",13.3,0.0,14.0,13.3,True,8,R008,,ALTO,1,0
SIN-0281,2.0,BAJO,Continuar flujo normal de liquidación. Sin señales de riesgo significativas.,Score de riesgo: 2/100 (Nivel BAJO). (Modelo ML no disponible — score calculado con reglas y señales documentales.),0.0,0.0,13.0,0.0,True,0,,,NINGUNA,0,0
SIN-0282,4.0,BAJO,Continuar flujo normal de liquidación. Sin señales de riesgo significativas.,Score de riesgo: 4/100 (Nivel BAJO). (Modelo ML no disponible — score calculado con reglas y señales documentales.),0.0,0.0,27.0,0.0,True,0,,,NINGUNA,0,0
SIN-0283,8.9,BAJO,Continuar flujo normal de liquidación. Sin señales de riesgo significativas.,"Score de riesgo: 9/100 (Nivel BAJO). Motor de reglas: 1 regla(s) activada(s), 0 crítica(s). (Modelo ML no disponible — score calculado con reglas y señales documentales.)",13.3,0.0,6.0,13.3,True,8,R008,,ALTO,1,0
SIN-0284,16.0,BAJO,Continuar flujo normal de liquidación. Sin señales de riesgo significativas.,"Score de riesgo: 16/100 (Nivel BAJO). Motor de reglas: 2 regla(s) activada(s), 0 crítica(s). (Modelo ML no disponible — score calculado con reglas y señales documentales.)",23.3,0.0,13.0,23.3,True,14,R008|R009,,ALTO,2,0
SIN-0285,20.0,BAJO,Continuar flujo normal de liquidación. Sin señales de riesgo significativas.,"Score de riesgo: 20/100 (Nivel BAJO). Motor de reglas: 3 regla(s) activada(s), 0 crítica(s). (Modelo ML no disponible — score calculado con reglas y señales documentales.)",26.7,0.0,27.0,26.7,True,16,R002|R008|R023,,ALTO,3,0
SIN-0286,8.8,BAJO,Continuar flujo normal de liquidación. Sin señales de riesgo significativas.,"Score de riesgo: 9/100 (Nivel BAJO). Motor de reglas: 1 regla(s) activada(s), 0 crítica(s). (Modelo ML no disponible — score calculado con reglas y señales documentales.)",6.7,0.0,32.0,6.7,True,4,R023,,BAJO,1,0
SIN-0287,13.6,BAJO,Continuar flujo normal de liquidación. Sin señales de riesgo significativas.,"Score de riesgo: 14/100 (Nivel BAJO). Motor de reglas: 2 regla(s) activada(s), 0 crítica(s). (Modelo ML no disponible — score calculado con reglas y señales documentales.)",20.0,0.0,11.0,20.0,True,12,R008|R023,,ALTO,2,0
SIN-0288,7.0,BAJO,Continuar flujo normal de liquidación. Sin señales de riesgo significativas.,"Score de riesgo: 7/100 (Nivel BAJO). Motor de reglas: 1 regla(s) activada(s), 0 crítica(s). (Modelo ML no disponible — score calculado con reglas y señales documentales.)",6.7,0.0,20.0,6.7,True,4,R002,,ALTO,1,0
SIN-0289,9.2,BAJO,Continuar flujo normal de liquidación. Sin señales de riesgo significativas.,"Score de riesgo: 9/100 (Nivel BAJO). Motor de reglas: 1 regla(s) activada(s), 0 crítica(s). (Modelo ML no disponible — score calculado con reglas y señales documentales.)",6.7,0.0,35.0,6.7,True,4,R002,,ALTO,1,0
SIN-0290,3.0,BAJO,Continuar flujo normal de liquidación. Sin señales de riesgo significativas.,Score de riesgo: 3/100 (Nivel BAJO). (Modelo ML no disponible — score calculado con reglas y señales documentales.),0.0,0.0,20.0,0.0,True,0,,,NINGUNA,0,0
SIN-0291,38.1,MEDIO,Escalar a la Unidad Antifraude para revisión documental.,"Score de riesgo: 38/100 (Nivel MEDIO). Motor de reglas: 4 regla(s) activada(s), 1 crítica(s). Narrativa con similitud 94% respecto a otro siniestro. (Modelo ML no disponible — score calculado con reglas y señales documentales.)",40.0,0.0,94.0,40.0,True,24,R002|R008|R014|R023,R014,CRÍTICO,4,1
SIN-0292,21.7,BAJO,Continuar flujo normal de liquidación. Sin señales de riesgo significativas.,"Score de riesgo: 22/100 (Nivel BAJO). Motor de reglas: 3 regla(s) activada(s), 0 crítica(s). (Modelo ML no disponible — score calculado con reglas y señales documentales.)",21.7,0.0,58.0,21.7,True,13,R002|R005|R023,,ALTO,3,0
SIN-0293,23.6,BAJO,Continuar flujo normal de liquidación. Sin señales de riesgo significativas.,"Score de riesgo: 24/100 (Nivel BAJO). Motor de reglas: 3 regla(s) activada(s), 0 crítica(s). (Modelo ML no disponible — score calculado con reglas y señales documentales.)",30.0,0.0,37.0,30.0,True,18,R008|R009|R023,,ALTO,3,0
SIN-0294,17.9,BAJO,Continuar flujo normal de liquidación. Sin señales de riesgo significativas.,"Score de riesgo: 18/100 (Nivel BAJO). Motor de reglas: 2 regla(s) activada(s), 0 crítica(s). (Modelo ML no disponible — score calculado con reglas y señales documentales.)",23.3,0.0,26.0,23.3,True,14,R008|R009,,ALTO,2,0
SIN-0295,2.2,BAJO,Continuar flujo normal de liquidación. Sin señales de riesgo significativas.,Score de riesgo: 2/100 (Nivel BAJO). (Modelo ML no disponible — score calculado con reglas y señales documentales.),0.0,0.0,15.0,0.0,True,0,,,NINGUNA,0,0
SIN-0296,10.4,BAJO,Continuar flujo normal de liquidación. Sin señales de riesgo significativas.,"Score de riesgo: 10/100 (Nivel BAJO). Motor de reglas: 1 regla(s) activada(s), 0 crítica(s). (Modelo ML no disponible — score calculado con reglas y señales documentales.)",13.3,0.0,16.0,13.3,True,8,R008,,ALTO,1,0
SIN-0297,29.0,BAJO,Continuar flujo normal de liquidación. Sin señales de riesgo significativas.,"Score de riesgo: 29/100 (Nivel BAJO). Motor de reglas: 4 regla(s) activada(s), 0 crítica(s). (Modelo ML no disponible — score calculado con reglas y señales documentales.)",35.0,0.0,53.0,35.0,True,21,R002|R005|R008|R023,,ALTO,4,0
SIN-0298,11.0,BAJO,Continuar flujo normal de liquidación. Sin señales de riesgo significativas.,"Score de riesgo: 11/100 (Nivel BAJO). Motor de reglas: 1 regla(s) activada(s), 0 crítica(s). (Modelo ML no disponible — score calculado con reglas y señales documentales.)",13.3,0.0,20.0,13.3,True,8,R008,,ALTO,1,0
SIN-0299,11.3,BAJO,Continuar flujo normal de liquidación. Sin señales de riesgo significativas.,"Score de riesgo: 11/100 (Nivel BAJO). Motor de reglas: 1 regla(s) activada(s), 0 crítica(s). (Modelo ML no disponible — score calculado con reglas y señales documentales.)",13.3,0.0,22.0,13.3,True,8,R008,,ALTO,1,0
SIN-0300,11.8,BAJO,Continuar flujo normal de liquidación. Sin señales de riesgo significativas.,"Score de riesgo: 12/100 (Nivel BAJO). Motor de reglas: 1 regla(s) activada(s), 0 crítica(s). (Modelo ML no disponible — score calculado con reglas y señales documentales.)",13.3,0.0,25.0,13.3,True,8,R008,,ALTO,1,0
SIN-0301,17.4,BAJO,Continuar flujo normal de liquidación. Sin señales de riesgo significativas.,"Score de riesgo: 17/100 (Nivel BAJO). Motor de reglas: 2 regla(s) activada(s), 0 crítica(s). (Modelo ML no disponible — score calculado con reglas y señales documentales.)",20.0,0.0,36.0,20.0,True,12,R002|R008,,ALTO,2,0
SIN-0302,16.1,BAJO,Continuar flujo normal de liquidación. Sin señales de riesgo significativas.,"Score de riesgo: 16/100 (Nivel BAJO). Motor de reglas: 2 regla(s) activada(s), 0 crítica(s). (Modelo ML no disponible — score calculado con reglas y señales documentales.)",23.3,0.0,14.0,23.3,True,14,R008|R009,,ALTO,2,0
SIN-0303,1.5,BAJO,Continuar flujo normal de liquidación. Sin señales de riesgo significativas.,Score de riesgo: 2/100 (Nivel BAJO). (Modelo ML no disponible — score calculado con reglas y señales documentales.),0.0,0.0,10.0,0.0,True,0,,,NINGUNA,0,0
SIN-0304,47.0,MEDIO,Escalar a la Unidad Antifraude para revisión documental.,"Score de riesgo: 47/100 (Nivel MEDIO). Motor de reglas: 5 regla(s) activada(s), 2 crítica(s). Narrativa con similitud 87% respecto a otro siniestro. (Modelo ML no disponible — score calculado con reglas y señales documentales.)",56.7,0.0,87.0,56.7,True,34,R002|R008|R011|R014|R023,R011|R014,CRÍTICO,5,2
SIN-0305,38.0,MEDIO,Escalar a la Unidad Antifraude para revisión documental.,"Score de riesgo: 38/100 (Nivel MEDIO). Motor de reglas: 4 regla(s) activada(s), 1 crítica(s). Narrativa con similitud 93% respecto a otro siniestro. (Modelo ML no disponible — score calculado con reglas y señales documentales.)",40.0,0.0,93.0,40.0,True,24,R002|R008|R014|R023,R014,CRÍTICO,4,1
SIN-0306,7.9,BAJO,Continuar flujo normal de liquidación. Sin señales de riesgo significativas.,"Score de riesgo: 8/100 (Nivel BAJO). Motor de reglas: 1 regla(s) activada(s), 0 crítica(s). (Modelo ML no disponible — score calculado con reglas y señales documentales.)",6.7,0.0,26.0,6.7,True,4,R002,,ALTO,1,0
SIN-0307,13.1,BAJO,Continuar flujo normal de liquidación. Sin señales de riesgo significativas.,"Score de riesgo: 13/100 (Nivel BAJO). Motor de reglas: 1 regla(s) activada(s), 0 crítica(s). (Modelo ML no disponible — score calculado con reglas y señales documentales.)",13.3,0.0,34.0,13.3,True,8,R008,,ALTO,1,0
SIN-0308,15.2,BAJO,Continuar flujo normal de liquidación. Sin señales de riesgo significativas.,"Score de riesgo: 15/100 (Nivel BAJO). Motor de reglas: 2 regla(s) activada(s), 0 crítica(s). (Modelo ML no disponible — score calculado con reglas y señales documentales.)",23.3,0.0,8.0,23.3,True,14,R008|R009,,ALTO,2,0
SIN-0309,12.0,BAJO,Continuar flujo normal de liquidación. Sin señales de riesgo significativas.,"Score de riesgo: 12/100 (Nivel BAJO). Motor de reglas: 1 regla(s) activada(s), 0 crítica(s). (Modelo ML no disponible — score calculado con reglas y señales documentales.)",13.3,0.0,27.0,13.3,True,8,R008,,ALTO,1,0
SIN-0310,22.8,BAJO,Continuar flujo normal de liquidación. Sin señales de riesgo significativas.,"Score de riesgo: 23/100 (Nivel BAJO). Motor de reglas: 2 regla(s) activada(s), 0 crítica(s). (Modelo ML no disponible — score calculado con reglas y señales documentales.)",23.3,0.0,59.0,23.3,True,14,R008|R009,,ALTO,2,0
SIN-0311,57.6,MEDIO,Escalar a la Unidad Antifraude para revisión documental.,"Score de riesgo: 58/100 (Nivel MEDIO). Motor de reglas: 6 regla(s) activada(s), 3 crítica(s). Narrativa con similitud 97% respecto a otro siniestro. (Modelo ML no disponible — score calculado con reglas y señales documentales.)",71.7,0.0,97.0,71.7,True,43,R001|R005|R008|R011|R014|R023,R001|R011|R014,CRÍTICO,6,3
SIN-0312,16.6,BAJO,Continuar flujo normal de liquidación. Sin señales de riesgo significativas.,"Score de riesgo: 17/100 (Nivel BAJO). Motor de reglas: 2 regla(s) activada(s), 0 crítica(s). (Modelo ML no disponible — score calculado con reglas y señales documentales.)",20.0,0.0,31.0,20.0,True,12,R008|R023,,ALTO,2,0
SIN-0313,6.0,BAJO,Continuar flujo normal de liquidación. Sin señales de riesgo significativas.,"Score de riesgo: 6/100 (Nivel BAJO). Motor de reglas: 1 regla(s) activada(s), 0 crítica(s). (Modelo ML no disponible — score calculado con reglas y señales documentales.)",6.7,0.0,13.0,6.7,True,4,R002,,ALTO,1,0
SIN-0314,9.5,BAJO,Continuar flujo normal de liquidación. Sin señales de riesgo significativas.,"Score de riesgo: 10/100 (Nivel BAJO). Motor de reglas: 1 regla(s) activada(s), 0 crítica(s). (Modelo ML no disponible — score calculado con reglas y señales documentales.)",13.3,0.0,10.0,13.3,True,8,R008,,ALTO,1,0
SIN-0315,12.4,BAJO,Continuar flujo normal de liquidación. Sin señales de riesgo significativas.,"Score de riesgo: 12/100 (Nivel BAJO). Motor de reglas: 1 regla(s) activada(s), 0 crítica(s). (Modelo ML no disponible — score calculado con reglas y señales documentales.)",13.3,0.0,29.0,13.3,True,8,R008,,ALTO,1,0
SIN-0316,20.4,BAJO,Continuar flujo normal de liquidación. Sin señales de riesgo significativas.,"Score de riesgo: 20/100 (Nivel BAJO). Motor de reglas: 2 regla(s) activada(s), 0 crítica(s). (Modelo ML no disponible — score calculado con reglas y señales documentales.)",20.0,0.0,56.0,20.0,True,12,R002|R008,,ALTO,2,0
SIN-0317,17.7,BAJO,Continuar flujo normal de liquidación. Sin señales de riesgo significativas.,"Score de riesgo: 18/100 (Nivel BAJO). Motor de reglas: 2 regla(s) activada(s), 0 crítica(s). (Modelo ML no disponible — score calculado con reglas y señales documentales.)",20.0,0.0,38.0,20.0,True,12,R008|R023,,ALTO,2,0
SIN-0318,48.8,MEDIO,Escalar a la Unidad Antifraude para revisión documental.,"Score de riesgo: 49/100 (Nivel MEDIO). Motor de reglas: 6 regla(s) activada(s), 1 crítica(s). Narrativa con similitud 92% respecto a otro siniestro. (Modelo ML no disponible — score calculado con reglas y señales documentales.)",58.3,0.0,92.0,58.3,True,35,R002|R005|R008|R009|R014|R023,R014,CRÍTICO,6,1
SIN-0319,10.1,BAJO,Continuar flujo normal de liquidación. Sin señales de riesgo significativas.,"Score de riesgo: 10/100 (Nivel BAJO). Motor de reglas: 1 regla(s) activada(s), 0 crítica(s). (Modelo ML no disponible — score calculado con reglas y señales documentales.)",13.3,0.0,14.0,13.3,True,8,R008,,ALTO,1,0
SIN-0320,44.1,MEDIO,Escalar a la Unidad Antifraude para revisión documental.,"Score de riesgo: 44/100 (Nivel MEDIO). Motor de reglas: 5 regla(s) activada(s), 2 crítica(s). (Modelo ML no disponible — score calculado con reglas y señales documentales.)",60.0,0.0,54.0,60.0,True,36,R001|R008|R009|R011|R023,R001|R011,CRÍTICO,5,2
SIN-0321,18.2,BAJO,Continuar flujo normal de liquidación. Sin señales de riesgo significativas.,"Score de riesgo: 18/100 (Nivel BAJO). Motor de reglas: 2 regla(s) activada(s), 0 crítica(s). (Modelo ML no disponible — score calculado con reglas y señales documentales.)",23.3,0.0,28.0,23.3,True,14,R008|R009,,ALTO,2,0
SIN-0322,34.2,MEDIO,Escalar a la Unidad Antifraude para revisión documental.,"Score de riesgo: 34/100 (Nivel MEDIO). Motor de reglas: 3 regla(s) activada(s), 1 crítica(s). Narrativa con similitud 95% respecto a otro siniestro. (Modelo ML no disponible — score calculado con reglas y señales documentales.)",33.3,0.0,95.0,33.3,True,20,R008|R014|R023,R014,CRÍTICO,3,1
SIN-0323,9.4,BAJO,Continuar flujo normal de liquidación. Sin señales de riesgo significativas.,"Score de riesgo: 9/100 (Nivel BAJO). Motor de reglas: 1 regla(s) activada(s), 0 crítica(s). (Modelo ML no disponible — score calculado con reglas y señales documentales.)",13.3,0.0,9.0,13.3,True,8,R008,,ALTO,1,0
SIN-0324,14.4,BAJO,Continuar flujo normal de liquidación. Sin señales de riesgo significativas.,"Score de riesgo: 14/100 (Nivel BAJO). Motor de reglas: 2 regla(s) activada(s), 0 crítica(s). (Modelo ML no disponible — score calculado con reglas y señales documentales.)",20.0,0.0,16.0,20.0,True,12,R002|R008,,ALTO,2,0
SIN-0325,2.1,BAJO,Continuar flujo normal de liquidación. Sin señales de riesgo significativas.,Score de riesgo: 2/100 (Nivel BAJO). (Modelo ML no disponible — score calculado con reglas y señales documentales.),0.0,0.0,14.0,0.0,True,0,,,NINGUNA,0,0
SIN-0326,9.8,BAJO,Continuar flujo normal de liquidación. Sin señales de riesgo significativas.,"Score de riesgo: 10/100 (Nivel BAJO). Motor de reglas: 1 regla(s) activada(s), 0 crítica(s). (Modelo ML no disponible — score calculado con reglas y señales documentales.)",13.3,0.0,12.0,13.3,True,8,R008,,ALTO,1,0
SIN-0327,9.0,BAJO,Continuar flujo normal de liquidación. Sin señales de riesgo significativas.,"Score de riesgo: 9/100 (Nivel BAJO). Motor de reglas: 1 regla(s) activada(s), 0 crítica(s). (Modelo ML no disponible — score calculado con reglas y señales documentales.)",13.3,0.0,7.0,13.3,True,8,R008,,ALTO,1,0
SIN-0328,18.0,BAJO,Continuar flujo normal de liquidación. Sin señales de riesgo significativas.,"Score de riesgo: 18/100 (Nivel BAJO). Motor de reglas: 2 regla(s) activada(s), 0 crítica(s). (Modelo ML no disponible — score calculado con reglas y señales documentales.)",23.3,0.0,27.0,23.3,True,14,R008|R009,,ALTO,2,0
SIN-0329,22.8,BAJO,Continuar flujo normal de liquidación. Sin señales de riesgo significativas.,"Score de riesgo: 23/100 (Nivel BAJO). Motor de reglas: 2 regla(s) activada(s), 0 crítica(s). Narrativa con similitud 72% respecto a otro siniestro. (Modelo ML no disponible — score calculado con reglas y señales documentales.)",20.0,0.0,72.0,20.0,True,12,R008|R015,,ALTO,2,0
SIN-0330,34.0,MEDIO,Escalar a la Unidad Antifraude para revisión documental.,"Score de riesgo: 34/100 (Nivel MEDIO). Motor de reglas: 3 regla(s) activada(s), 1 crítica(s). Narrativa con similitud 93% respecto a otro siniestro. (Modelo ML no disponible — score calculado con reglas y señales documentales.)",33.3,0.0,93.0,33.3,True,20,R008|R014|R023,R014,CRÍTICO,3,1
SIN-0331,11.4,BAJO,Continuar flujo normal de liquidación. Sin señales de riesgo significativas.,"Score de riesgo: 11/100 (Nivel BAJO). Motor de reglas: 1 regla(s) activada(s), 0 crítica(s). (Modelo ML no disponible — score calculado con reglas y señales documentales.)",13.3,0.0,23.0,13.3,True,8,R008,,ALTO,1,0
SIN-0332,15.6,BAJO,Continuar flujo normal de liquidación. Sin señales de riesgo significativas.,"Score de riesgo: 16/100 (Nivel BAJO). Motor de reglas: 2 regla(s) activada(s), 0 crítica(s). (Modelo ML no disponible — score calculado con reglas y señales documentales.)",23.3,0.0,11.0,23.3,True,14,R008|R009,,ALTO,2,0
SIN-0333,21.3,BAJO,Continuar flujo normal de liquidación. Sin señales de riesgo significativas.,"Score de riesgo: 21/100 (Nivel BAJO). Motor de reglas: 3 regla(s) activada(s), 0 crítica(s). (Modelo ML no disponible — score calculado con reglas y señales documentales.)",30.0,0.0,22.0,30.0,True,18,R002|R008|R009,,ALTO,3,0
SIN-0334,25.6,BAJO,Continuar flujo normal de liquidación. Sin señales de riesgo significativas.,"Score de riesgo: 26/100 (Nivel BAJO). Motor de reglas: 3 regla(s) activada(s), 1 crítica(s). (Modelo ML no disponible — score calculado con reglas y señales documentales.)",30.0,0.0,51.0,30.0,True,18,R002|R011|R023,R011,CRÍTICO,3,1
SIN-0335,39.6,MEDIO,Escalar a la Unidad Antifraude para revisión documental.,"Score de riesgo: 40/100 (Nivel MEDIO). Motor de reglas: 5 regla(s) activada(s), 1 crítica(s). (Modelo ML no disponible — score calculado con reglas y señales documentales.)",55.0,0.0,44.0,55.0,True,33,R005|R008|R009|R011|R023,R011,CRÍTICO,5,1
SIN-0336,12.4,BAJO,Continuar flujo normal de liquidación. Sin señales de riesgo significativas.,"Score de riesgo: 12/100 (Nivel BAJO). Motor de reglas: 1 regla(s) activada(s), 0 crítica(s). (Modelo ML no disponible — score calculado con reglas y señales documentales.)",13.3,0.0,29.0,13.3,True,8,R008,,ALTO,1,0
SIN-0337,9.5,BAJO,Continuar flujo normal de liquidación. Sin señales de riesgo significativas.,"Score de riesgo: 10/100 (Nivel BAJO). Motor de reglas: 1 regla(s) activada(s), 0 crítica(s). (Modelo ML no disponible — score calculado con reglas y señales documentales.)",13.3,0.0,10.0,13.3,True,8,R008,,ALTO,1,0
SIN-0338,17.6,BAJO,Continuar flujo normal de liquidación. Sin señales de riesgo significativas.,"Score de riesgo: 18/100 (Nivel BAJO). Motor de reglas: 1 regla(s) activada(s), 0 crítica(s). (Modelo ML no disponible — score calculado con reglas y señales documentales.)",13.3,0.0,64.0,13.3,True,8,R008,,ALTO,1,0
SIN-0339,35.4,MEDIO,Escalar a la Unidad Antifraude para revisión documental.,"Score de riesgo: 35/100 (Nivel MEDIO). Motor de reglas: 4 regla(s) activada(s), 2 crítica(s). (Modelo ML no disponible — score calculado con reglas y señales documentales.)",50.0,0.0,36.0,50.0,True,30,R001|R008|R011|R023,R001|R011,CRÍTICO,4,2
SIN-0340,13.7,BAJO,Continuar flujo normal de liquidación. Sin señales de riesgo significativas.,"Score de riesgo: 14/100 (Nivel BAJO). Motor de reglas: 1 regla(s) activada(s), 0 crítica(s). (Modelo ML no disponible — score calculado con reglas y señales documentales.)",13.3,0.0,38.0,13.3,True,8,R008,,ALTO,1,0
SIN-0341,16.7,BAJO,Continuar flujo normal de liquidación. Sin señales de riesgo significativas.,"Score de riesgo: 17/100 (Nivel BAJO). Motor de reglas: 1 regla(s) activada(s), 0 crítica(s). (Modelo ML no disponible — score calculado con reglas y señales documentales.)",13.3,0.0,58.0,13.3,True,8,R008,,ALTO,1,0
SIN-0342,17.2,BAJO,Continuar flujo normal de liquidación. Sin señales de riesgo significativas.,"Score de riesgo: 17/100 (Nivel BAJO). Motor de reglas: 2 regla(s) activada(s), 0 crítica(s). (Modelo ML no disponible — score calculado con reglas y señales documentales.)",20.0,0.0,35.0,20.0,True,12,R002|R008,,ALTO,2,0
SIN-0343,17.3,BAJO,Continuar flujo normal de liquidación. Sin señales de riesgo significativas.,"Score de riesgo: 17/100 (Nivel BAJO). Motor de reglas: 1 regla(s) activada(s), 0 crítica(s). (Modelo ML no disponible — score calculado con reglas y señales documentales.)",13.3,0.0,62.0,13.3,True,8,R008,,ALTO,1,0
SIN-0344,56.9,MEDIO,Escalar a la Unidad Antifraude para revisión documental.,"Score de riesgo: 57/100 (Nivel MEDIO). Motor de reglas: 7 regla(s) activada(s), 1 crítica(s). Señales documentales PDF: score 15/100. Narrativa con similitud 81% respecto a otro siniestro. (Modelo ML no disponible — score calculado con reglas y señales documentales.)",68.3,15.0,81.0,68.3,True,41,R001|R005|R008|R009|R015|R018|R023,R001,CRÍTICO,7,1
SIN-0345,10.8,BAJO,Continuar flujo normal de liquidación. Sin señales de riesgo significativas.,"Score de riesgo: 11/100 (Nivel BAJO). Motor de reglas: 1 regla(s) activada(s), 0 crítica(s). (Modelo ML no disponible — score calculado con reglas y señales documentales.)",13.3,0.0,19.0,13.3,True,8,R008,,ALTO,1,0
SIN-0346,50.0,MEDIO,Escalar a la Unidad Antifraude para revisión documental.,"Score de riesgo: 50/100 (Nivel MEDIO). Motor de reglas: 7 regla(s) activada(s), 1 crítica(s). (Modelo ML no disponible — score calculado con reglas y señales documentales.)",70.0,0.0,53.0,70.0,True,42,R002|R005|R008|R009|R011|R016|R023,R011,CRÍTICO,7,1
SIN-0347,33.4,MEDIO,Escalar a la Unidad Antifraude para revisión documental.,"Score de riesgo: 33/100 (Nivel MEDIO). Motor de reglas: 4 regla(s) activada(s), 0 crítica(s). Narrativa con similitud 83% respecto a otro siniestro. (Modelo ML no disponible — score calculado con reglas y señales documentales.)",35.0,0.0,83.0,35.0,True,21,R005|R008|R015|R023,,ALTO,4,0
SIN-0348,58.1,MEDIO,Escalar a la Unidad Antifraude para revisión documental.,"Score de riesgo: 58/100 (Nivel MEDIO). Motor de reglas: 6 regla(s) activada(s), 3 crítica(s). Narrativa con similitud 94% respecto a otro siniestro. (Modelo ML no disponible — score calculado con reglas y señales documentales.)",73.3,0.0,94.0,73.3,True,44,R001|R008|R009|R011|R014|R023,R001|R011|R014,CRÍTICO,6,3
SIN-0349,34.6,MEDIO,Escalar a la Unidad Antifraude para revisión documental.,"Score de riesgo: 35/100 (Nivel MEDIO). Motor de reglas: 4 regla(s) activada(s), 1 crítica(s). Narrativa con similitud 84% respecto a otro siniestro. (Modelo ML no disponible — score calculado con reglas y señales documentales.)",36.7,0.0,84.0,36.7,True,22,R002|R011|R015|R023,R011,CRÍTICO,4,1
SIN-0350,10.1,BAJO,Continuar flujo normal de liquidación. Sin señales de riesgo significativas.,"Score de riesgo: 10/100 (Nivel BAJO). Motor de reglas: 1 regla(s) activada(s), 0 crítica(s). (Modelo ML no disponible — score calculado con reglas y señales documentales.)",13.3,0.0,14.0,13.3,True,8,R008,,ALTO,1,0
SIN-0351,12.5,BAJO,Continuar flujo normal de liquidación. Sin señales de riesgo significativas.,"Score de riesgo: 12/100 (Nivel BAJO). Motor de reglas: 1 regla(s) activada(s), 0 crítica(s). (Modelo ML no disponible — score calculado con reglas y señales documentales.)",13.3,0.0,30.0,13.3,True,8,R008,,ALTO,1,0
SIN-0352,15.0,BAJO,Continuar flujo normal de liquidación. Sin señales de riesgo significativas.,"Score de riesgo: 15/100 (Nivel BAJO). Motor de reglas: 2 regla(s) activada(s), 0 crítica(s). (Modelo ML no disponible — score calculado con reglas y señales documentales.)",23.3,0.0,7.0,23.3,True,14,R008|R009,,ALTO,2,0
SIN-0353,48.4,MEDIO,Escalar a la Unidad Antifraude para revisión documental.,"Score de riesgo: 48/100 (Nivel MEDIO). Motor de reglas: 5 regla(s) activada(s), 2 crítica(s). Narrativa con similitud 96% respecto a otro siniestro. (Modelo ML no disponible — score calculado con reglas y señales documentales.)",56.7,0.0,96.0,56.7,True,34,R001|R008|R009|R014|R023,R001|R014,CRÍTICO,5,2
SIN-0354,11.4,BAJO,Continuar flujo normal de liquidación. Sin señales de riesgo significativas.,"Score de riesgo: 11/100 (Nivel BAJO). Motor de reglas: 1 regla(s) activada(s), 0 crítica(s). (Modelo ML no disponible — score calculado con reglas y señales documentales.)",13.3,0.0,23.0,13.3,True,8,R008,,ALTO,1,0
SIN-0355,23.0,BAJO,Continuar flujo normal de liquidación. Sin señales de riesgo significativas.,"Score de riesgo: 23/100 (Nivel BAJO). Motor de reglas: 2 regla(s) activada(s), 0 crítica(s). (Modelo ML no disponible — score calculado con reglas y señales documentales.)",23.3,0.0,60.0,23.3,True,14,R008|R009,,ALTO,2,0
SIN-0356,11.2,BAJO,Continuar flujo normal de liquidación. Sin señales de riesgo significativas.,"Score de riesgo: 11/100 (Nivel BAJO). Motor de reglas: 1 regla(s) activada(s), 0 crítica(s). (Modelo ML no disponible — score calculado con reglas y señales documentales.)",13.3,0.0,21.0,13.3,True,8,R008,,ALTO,1,0
SIN-0357,11.6,BAJO,Continuar flujo normal de liquidación. Sin señales de riesgo significativas.,"Score de riesgo: 12/100 (Nivel BAJO). Motor de reglas: 1 regla(s) activada(s), 0 crítica(s). (Modelo ML no disponible — score calculado con reglas y señales documentales.)",13.3,0.0,24.0,13.3,True,8,R008,,ALTO,1,0
SIN-0358,37.2,MEDIO,Escalar a la Unidad Antifraude para revisión documental.,"Score de riesgo: 37/100 (Nivel MEDIO). Motor de reglas: 4 regla(s) activada(s), 2 crítica(s). (Modelo ML no disponible — score calculado con reglas y señales documentales.)",50.0,0.0,48.0,50.0,True,30,R001|R008|R011|R023,R001|R011,CRÍTICO,4,2
SIN-0359,10.7,BAJO,Continuar flujo normal de liquidación. Sin señales de riesgo significativas.,"Score de riesgo: 11/100 (Nivel BAJO). Motor de reglas: 1 regla(s) activada(s), 0 crítica(s). (Modelo ML no disponible — score calculado con reglas y señales documentales.)",13.3,0.0,18.0,13.3,True,8,R008,,ALTO,1,0
SIN-0360,1.3,BAJO,Continuar flujo normal de liquidación. Sin señales de riesgo significativas.,Score de riesgo: 1/100 (Nivel BAJO). (Modelo ML no disponible — score calculado con reglas y señales documentales.),0.0,0.0,9.0,0.0,True,0,,,NINGUNA,0,0
SIN-0361,20.4,BAJO,Continuar flujo normal de liquidación. Sin señales de riesgo significativas.,"Score de riesgo: 20/100 (Nivel BAJO). Motor de reglas: 2 regla(s) activada(s), 0 crítica(s). (Modelo ML no disponible — score calculado con reglas y señales documentales.)",20.0,0.0,56.0,20.0,True,12,R008|R023,,ALTO,2,0
SIN-0362,43.4,MEDIO,Escalar a la Unidad Antifraude para revisión documental.,"Score de riesgo: 43/100 (Nivel MEDIO). Motor de reglas: 5 regla(s) activada(s), 1 crítica(s). Narrativa con similitud 96% respecto a otro siniestro. (Modelo ML no disponible — score calculado con reglas y señales documentales.)",48.3,0.0,96.0,48.3,True,29,R002|R005|R008|R014|R023,R014,CRÍTICO,5,1
SIN-0363,16.4,BAJO,Continuar flujo normal de liquidación. Sin señales de riesgo significativas.,"Score de riesgo: 16/100 (Nivel BAJO). Motor de reglas: 1 regla(s) activada(s), 0 crítica(s). (Modelo ML no disponible — score calculado con reglas y señales documentales.)",13.3,0.0,56.0,13.3,True,8,R008,,ALTO,1,0
SIN-0364,23.8,BAJO,Continuar flujo normal de liquidación. Sin señales de riesgo significativas.,"Score de riesgo: 24/100 (Nivel BAJO). Motor de reglas: 3 regla(s) activada(s), 0 crítica(s). (Modelo ML no disponible — score calculado con reglas y señales documentales.)",30.0,0.0,39.0,30.0,True,18,R008|R009|R023,,ALTO,3,0
SIN-0365,45.1,MEDIO,Escalar a la Unidad Antifraude para revisión documental.,"Score de riesgo: 45/100 (Nivel MEDIO). Motor de reglas: 6 regla(s) activada(s), 1 crítica(s). (Modelo ML no disponible — score calculado con reglas y señales documentales.)",61.7,0.0,54.0,61.7,True,37,R002|R005|R008|R009|R011|R023,R011,CRÍTICO,6,1
SIN-0366,21.4,BAJO,Continuar flujo normal de liquidación. Sin señales de riesgo significativas.,"Score de riesgo: 21/100 (Nivel BAJO). Motor de reglas: 3 regla(s) activada(s), 0 crítica(s). (Modelo ML no disponible — score calculado con reglas y señales documentales.)",26.7,0.0,36.0,26.7,True,16,R002|R008|R023,,ALTO,3,0
SIN-0367,21.6,BAJO,Continuar flujo normal de liquidación. Sin señales de riesgo significativas.,"Score de riesgo: 22/100 (Nivel BAJO). Motor de reglas: 3 regla(s) activada(s), 0 crítica(s). (Modelo ML no disponible — score calculado con reglas y señales documentales.)",30.0,0.0,24.0,30.0,True,18,R008|R009|R023,,ALTO,3,0
SIN-0368,15.6,BAJO,Continuar flujo normal de liquidación. Sin señales de riesgo significativas.,"Score de riesgo: 16/100 (Nivel BAJO). Motor de reglas: 2 regla(s) activada(s), 0 crítica(s). (Modelo ML no disponible — score calculado con reglas y señales documentales.)",23.3,0.0,11.0,23.3,True,14,R008|R009,,ALTO,2,0
SIN-0369,16.8,BAJO,Continuar flujo normal de liquidación. Sin señales de riesgo significativas.,"Score de riesgo: 17/100 (Nivel BAJO). Motor de reglas: 2 regla(s) activada(s), 0 crítica(s). (Modelo ML no disponible — score calculado con reglas y señales documentales.)",23.3,0.0,19.0,23.3,True,14,R008|R009,,ALTO,2,0
SIN-0370,47.4,MEDIO,Escalar a la Unidad Antifraude para revisión documental.,"Score de riesgo: 47/100 (Nivel MEDIO). Motor de reglas: 5 regla(s) activada(s), 2 crítica(s). Narrativa con similitud 89% respecto a otro siniestro. (Modelo ML no disponible — score calculado con reglas y señales documentales.)",56.7,0.0,89.0,56.7,True,34,R001|R008|R009|R014|R023,R001|R014,CRÍTICO,5,2
SIN-0371,14.2,BAJO,Continuar flujo normal de liquidación. Sin señales de riesgo significativas.,"Score de riesgo: 14/100 (Nivel BAJO). Motor de reglas: 2 regla(s) activada(s), 0 crítica(s). (Modelo ML no disponible — score calculado con reglas y señales documentales.)",20.0,0.0,15.0,20.0,True,12,R002|R008,,ALTO,2,0
SIN-0372,31.3,MEDIO,Escalar a la Unidad Antifraude para revisión documental.,"Score de riesgo: 31/100 (Nivel MEDIO). Motor de reglas: 4 regla(s) activada(s), 0 crítica(s). (Modelo ML no disponible — score calculado con reglas y señales documentales.)",38.3,0.0,55.0,38.3,True,23,R005|R008|R009|R023,,ALTO,4,0
SIN-0373,12.0,BAJO,Continuar flujo normal de liquidación. Sin señales de riesgo significativas.,"Score de riesgo: 12/100 (Nivel BAJO). Motor de reglas: 1 regla(s) activada(s), 0 crítica(s). (Modelo ML no disponible — score calculado con reglas y señales documentales.)",13.3,0.0,27.0,13.3,True,8,R008,,ALTO,1,0
SIN-0374,54.0,MEDIO,Escalar a la Unidad Antifraude para revisión documental.,"Score de riesgo: 54/100 (Nivel MEDIO). Motor de reglas: 6 regla(s) activada(s), 2 crítica(s). Narrativa con similitud 93% respecto a otro siniestro. (Modelo ML no disponible — score calculado con reglas y señales documentales.)",66.7,0.0,93.0,66.7,True,40,R002|R008|R009|R011|R014|R023,R011|R014,CRÍTICO,6,2
SIN-0375,10.4,BAJO,Continuar flujo normal de liquidación. Sin señales de riesgo significativas.,"Score de riesgo: 10/100 (Nivel BAJO). Motor de reglas: 1 regla(s) activada(s), 0 crítica(s). (Modelo ML no disponible — score calculado con reglas y señales documentales.)",13.3,0.0,16.0,13.3,True,8,R008,,ALTO,1,0
SIN-0376,20.7,BAJO,Continuar flujo normal de liquidación. Sin señales de riesgo significativas.,"Score de riesgo: 21/100 (Nivel BAJO). Motor de reglas: 3 regla(s) activada(s), 0 crítica(s). (Modelo ML no disponible — score calculado con reglas y señales documentales.)",30.0,0.0,18.0,30.0,True,18,R002|R008|R009,,ALTO,3,0
SIN-0377,34.2,MEDIO,Escalar a la Unidad Antifraude para revisión documental.,"Score de riesgo: 34/100 (Nivel MEDIO). Motor de reglas: 5 regla(s) activada(s), 0 crítica(s). (Modelo ML no disponible — score calculado con reglas y señales documentales.)",45.0,0.0,48.0,45.0,True,27,R002|R008|R009|R016|R023,,ALTO,5,0
SIN-0378,49.9,MEDIO,Escalar a la Unidad Antifraude para revisión documental.,"Score de riesgo: 50/100 (Nivel MEDIO). Motor de reglas: 6 regla(s) activada(s), 1 crítica(s). Señales documentales PDF: score 5/100. Narrativa con similitud 91% respecto a otro siniestro. (Modelo ML no disponible — score calculado con reglas y señales documentales.)",58.3,5.0,91.0,58.3,True,35,R002|R005|R008|R009|R014|R023,R014,CRÍTICO,6,1
SIN-0379,10.1,BAJO,Continuar flujo normal de liquidación. Sin señales de riesgo significativas.,"Score de riesgo: 10/100 (Nivel BAJO). Motor de reglas: 1 regla(s) activada(s), 0 crítica(s). (Modelo ML no disponible — score calculado con reglas y señales documentales.)",13.3,0.0,14.0,13.3,True,8,R008,,ALTO,1,0
SIN-0380,10.0,BAJO,Continuar flujo normal de liquidación. Sin señales de riesgo significativas.,"Score de riesgo: 10/100 (Nivel BAJO). Motor de reglas: 1 regla(s) activada(s), 0 crítica(s). (Modelo ML no disponible — score calculado con reglas y señales documentales.)",13.3,0.0,13.0,13.3,True,8,R008,,ALTO,1,0
SIN-0381,45.4,MEDIO,Escalar a la Unidad Antifraude para revisión documental.,"Score de riesgo: 45/100 (Nivel MEDIO). Motor de reglas: 6 regla(s) activada(s), 1 crítica(s). (Modelo ML no disponible — score calculado con reglas y señales documentales.)",61.7,0.0,56.0,61.7,True,37,R002|R005|R008|R009|R011|R023,R011,CRÍTICO,6,1
SIN-0382,3.4,BAJO,Continuar flujo normal de liquidación. Sin señales de riesgo significativas.,Score de riesgo: 3/100 (Nivel BAJO). (Modelo ML no disponible — score calculado con reglas y señales documentales.),0.0,0.0,23.0,0.0,True,0,,,NINGUNA,0,0
SIN-0383,14.9,BAJO,Continuar flujo normal de liquidación. Sin señales de riesgo significativas.,"Score de riesgo: 15/100 (Nivel BAJO). Motor de reglas: 2 regla(s) activada(s), 0 crítica(s). (Modelo ML no disponible — score calculado con reglas y señales documentales.)",23.3,0.0,6.0,23.3,True,14,R008|R009,,ALTO,2,0
SIN-0384,20.2,BAJO,Continuar flujo normal de liquidación. Sin señales de riesgo significativas.,"Score de riesgo: 20/100 (Nivel BAJO). Motor de reglas: 3 regla(s) activada(s), 0 crítica(s). (Modelo ML no disponible — score calculado con reglas y señales documentales.)",26.7,0.0,28.0,26.7,True,16,R002|R008|R023,,ALTO,3,0
SIN-0385,30.2,MEDIO,Escalar a la Unidad Antifraude para revisión documental.,"Score de riesgo: 30/100 (Nivel MEDIO). Motor de reglas: 3 regla(s) activada(s), 1 crítica(s). (Modelo ML no disponible — score calculado con reglas y señales documentales.)",36.7,0.0,55.0,36.7,True,22,R008|R011|R023,R011,CRÍTICO,3,1
SIN-0386,4.0,BAJO,Continuar flujo normal de liquidación. Sin señales de riesgo significativas.,Score de riesgo: 4/100 (Nivel BAJO). (Modelo ML no disponible — score calculado con reglas y señales documentales.),0.0,0.0,27.0,0.0,True,0,,,NINGUNA,0,0
SIN-0387,22.8,BAJO,Continuar flujo normal de liquidación. Sin señales de riesgo significativas.,"Score de riesgo: 23/100 (Nivel BAJO). Motor de reglas: 3 regla(s) activada(s), 0 crítica(s). (Modelo ML no disponible — score calculado con reglas y señales documentales.)",26.7,0.0,45.0,26.7,True,16,R002|R008|R023,,ALTO,3,0
SIN-0388,33.0,MEDIO,Escalar a la Unidad Antifraude para revisión documental.,"Score de riesgo: 33/100 (Nivel MEDIO). Motor de reglas: 4 regla(s) activada(s), 0 crítica(s). Narrativa con similitud 73% respecto a otro siniestro. (Modelo ML no disponible — score calculado con reglas y señales documentales.)",36.7,0.0,73.0,36.7,True,22,R008|R009|R015|R023,,ALTO,4,0
SIN-0389,16.4,BAJO,Continuar flujo normal de liquidación. Sin señales de riesgo significativas.,"Score de riesgo: 16/100 (Nivel BAJO). Motor de reglas: 2 regla(s) activada(s), 0 crítica(s). (Modelo ML no disponible — score calculado con reglas y señales documentales.)",23.3,0.0,16.0,23.3,True,14,R008|R009,,ALTO,2,0
SIN-0390,48.0,MEDIO,Escalar a la Unidad Antifraude para revisión documental.,"Score de riesgo: 48/100 (Nivel MEDIO). Motor de reglas: 5 regla(s) activada(s), 2 crítica(s). Narrativa con similitud 93% respecto a otro siniestro. (Modelo ML no disponible — score calculado con reglas y señales documentales.)",56.7,0.0,93.0,56.7,True,34,R002|R008|R011|R014|R023,R011|R014,CRÍTICO,5,2
SIN-0391,13.0,BAJO,Continuar flujo normal de liquidación. Sin señales de riesgo significativas.,"Score de riesgo: 13/100 (Nivel BAJO). Motor de reglas: 1 regla(s) activada(s), 0 crítica(s). (Modelo ML no disponible — score calculado con reglas y señales documentales.)",6.7,0.0,60.0,6.7,True,4,R023,,BAJO,1,0
SIN-0392,18.6,BAJO,Continuar flujo normal de liquidación. Sin señales de riesgo significativas.,"Score de riesgo: 19/100 (Nivel BAJO). Motor de reglas: 2 regla(s) activada(s), 0 crítica(s). Narrativa con similitud 71% respecto a otro siniestro. (Modelo ML no disponible — score calculado con reglas y señales documentales.)",13.3,0.0,71.0,13.3,True,8,R015|R023,,ALTO,2,0
SIN-0393,9.6,BAJO,Continuar flujo normal de liquidación. Sin señales de riesgo significativas.,"Score de riesgo: 10/100 (Nivel BAJO). Motor de reglas: 1 regla(s) activada(s), 0 crítica(s). (Modelo ML no disponible — score calculado con reglas y señales documentales.)",13.3,0.0,11.0,13.3,True,8,R008,,ALTO,1,0
SIN-0394,20.5,BAJO,Continuar flujo normal de liquidación. Sin señales de riesgo significativas.,"Score de riesgo: 20/100 (Nivel BAJO). Motor de reglas: 3 regla(s) activada(s), 0 crítica(s). (Modelo ML no disponible — score calculado con reglas y señales documentales.)",26.7,0.0,30.0,26.7,True,16,R002|R008|R023,,ALTO,3,0
SIN-0395,3.4,BAJO,Continuar flujo normal de liquidación. Sin señales de riesgo significativas.,Score de riesgo: 3/100 (Nivel BAJO). (Modelo ML no disponible — score calculado con reglas y señales documentales.),0.0,0.0,23.0,0.0,True,0,,,NINGUNA,0,0
SIN-0396,37.1,MEDIO,Escalar a la Unidad Antifraude para revisión documental.,"Score de riesgo: 37/100 (Nivel MEDIO). Motor de reglas: 5 regla(s) activada(s), 1 crítica(s). (Modelo ML no disponible — score calculado con reglas y señales documentales.)",53.3,0.0,34.0,53.3,True,32,R002|R008|R009|R011|R023,R011,CRÍTICO,5,1
SIN-0397,10.6,BAJO,Continuar flujo normal de liquidación. Sin señales de riesgo significativas.,"Score de riesgo: 11/100 (Nivel BAJO). Motor de reglas: 1 regla(s) activada(s), 0 crítica(s). (Modelo ML no disponible — score calculado con reglas y señales documentales.)",13.3,0.0,17.0,13.3,True,8,R008,,ALTO,1,0
SIN-0398,11.8,BAJO,Continuar flujo normal de liquidación. Sin señales de riesgo significativas.,"Score de riesgo: 12/100 (Nivel BAJO). Motor de reglas: 1 regla(s) activada(s), 0 crítica(s). (Modelo ML no disponible — score calculado con reglas y señales documentales.)",13.3,0.0,25.0,13.3,True,8,R008,,ALTO,1,0
SIN-0399,24.2,BAJO,Continuar flujo normal de liquidación. Sin señales de riesgo significativas.,"Score de riesgo: 24/100 (Nivel BAJO). Motor de reglas: 3 regla(s) activada(s), 0 crítica(s). (Modelo ML no disponible — score calculado con reglas y señales documentales.)",26.7,0.0,55.0,26.7,True,16,R002|R008|R023,,ALTO,3,0
SIN-0400,22.4,BAJO,Continuar flujo normal de liquidación. Sin señales de riesgo significativas.,"Score de riesgo: 22/100 (Nivel BAJO). Motor de reglas: 3 regla(s) activada(s), 0 crítica(s). (Modelo ML no disponible — score calculado con reglas y señales documentales.)",30.0,0.0,29.0,30.0,True,18,R002|R008|R009,,ALTO,3,0
SIN-0401,34.6,MEDIO,Escalar a la Unidad Antifraude para revisión documental.,"Score de riesgo: 35/100 (Nivel MEDIO). Motor de reglas: 3 regla(s) activada(s), 1 crítica(s). Narrativa con similitud 97% respecto a otro siniestro. (Modelo ML no disponible — score calculado con reglas y señales documentales.)",33.3,0.0,97.0,33.3,True,20,R008|R014|R023,R014,CRÍTICO,3,1
SIN-0402,29.8,BAJO,Continuar flujo normal de liquidación. Sin señales de riesgo significativas.,"Score de riesgo: 30/100 (Nivel BAJO). Motor de reglas: 3 regla(s) activada(s), 0 crítica(s). Narrativa con similitud 79% respecto a otro siniestro. (Modelo ML no disponible — score calculado con reglas y señales documentales.)",30.0,0.0,79.0,30.0,True,18,R008|R009|R015,,ALTO,3,0
SIN-0403,26.2,BAJO,Continuar flujo normal de liquidación. Sin señales de riesgo significativas.,"Score de riesgo: 26/100 (Nivel BAJO). Motor de reglas: 3 regla(s) activada(s), 0 crítica(s). (Modelo ML no disponible — score calculado con reglas y señales documentales.)",30.0,0.0,55.0,30.0,True,18,R002|R008|R009,,ALTO,3,0
SIN-0404,43.8,MEDIO,Escalar a la Unidad Antifraude para revisión documental.,"Score de riesgo: 44/100 (Nivel MEDIO). Motor de reglas: 6 regla(s) activada(s), 1 crítica(s). (Modelo ML no disponible — score calculado con reglas y señales documentales.)",61.7,0.0,45.0,61.7,True,37,R002|R005|R008|R009|R011|R023,R011,CRÍTICO,6,1
SIN-0405,10.7,BAJO,Continuar flujo normal de liquidación. Sin señales de riesgo significativas.,"Score de riesgo: 11/100 (Nivel BAJO). Motor de reglas: 2 regla(s) activada(s), 0 crítica(s). (Modelo ML no disponible — score calculado con reglas y señales documentales.)",13.3,0.0,18.0,13.3,True,8,R002|R023,,ALTO,2,0
SIN-0406,38.6,MEDIO,Escalar a la Unidad Antifraude para revisión documental.,"Score de riesgo: 39/100 (Nivel MEDIO). Motor de reglas: 5 regla(s) activada(s), 1 crítica(s). (Modelo ML no disponible — score calculado con reglas y señales documentales.)",55.0,0.0,37.0,55.0,True,33,R005|R008|R009|R011|R023,R011,CRÍTICO,5,1
SIN-0407,15.8,BAJO,Continuar flujo normal de liquidación. Sin señales de riesgo significativas.,"Score de riesgo: 16/100 (Nivel BAJO). Motor de reglas: 2 regla(s) activada(s), 0 crítica(s). (Modelo ML no disponible — score calculado con reglas y señales documentales.)",23.3,0.0,12.0,23.3,True,14,R008|R009,,ALTO,2,0
SIN-0408,22.6,BAJO,Continuar flujo normal de liquidación. Sin señales de riesgo significativas.,"Score de riesgo: 23/100 (Nivel BAJO). Motor de reglas: 3 regla(s) activada(s), 0 crítica(s). (Modelo ML no disponible — score calculado con reglas y señales documentales.)",30.0,0.0,31.0,30.0,True,18,R008|R009|R023,,ALTO,3,0
SIN-0409,31.0,MEDIO,Escalar a la Unidad Antifraude para revisión documental.,"Score de riesgo: 31/100 (Nivel MEDIO). Motor de reglas: 3 regla(s) activada(s), 1 crítica(s). (Modelo ML no disponible — score calculado con reglas y señales documentales.)",36.7,0.0,60.0,36.7,True,22,R008|R011|R023,R011,CRÍTICO,3,1
SIN-0410,9.5,BAJO,Continuar flujo normal de liquidación. Sin señales de riesgo significativas.,"Score de riesgo: 10/100 (Nivel BAJO). Motor de reglas: 1 regla(s) activada(s), 0 crítica(s). (Modelo ML no disponible — score calculado con reglas y señales documentales.)",13.3,0.0,10.0,13.3,True,8,R008,,ALTO,1,0
SIN-0411,49.3,MEDIO,Escalar a la Unidad Antifraude para revisión documental.,"Score de riesgo: 49/100 (Nivel MEDIO). Motor de reglas: 6 regla(s) activada(s), 1 crítica(s). Narrativa con similitud 82% respecto a otro siniestro. (Modelo ML no disponible — score calculado con reglas y señales documentales.)",61.7,0.0,82.0,61.7,True,37,R005|R008|R009|R011|R015|R023,R011,CRÍTICO,6,1
SIN-0412,26.6,BAJO,Continuar flujo normal de liquidación. Sin señales de riesgo significativas.,"Score de riesgo: 27/100 (Nivel BAJO). Motor de reglas: 3 regla(s) activada(s), 0 crítica(s). (Modelo ML no disponible — score calculado con reglas y señales documentales.)",30.0,0.0,57.0,30.0,True,18,R002|R008|R009,,ALTO,3,0
SIN-0413,16.1,BAJO,Continuar flujo normal de liquidación. Sin señales de riesgo significativas.,"Score de riesgo: 16/100 (Nivel BAJO). Motor de reglas: 2 regla(s) activada(s), 0 crítica(s). (Modelo ML no disponible — score calculado con reglas y señales documentales.)",23.3,0.0,14.0,23.3,True,14,R008|R009,,ALTO,2,0
SIN-0414,4.0,BAJO,Continuar flujo normal de liquidación. Sin señales de riesgo significativas.,Score de riesgo: 4/100 (Nivel BAJO). (Modelo ML no disponible — score calculado con reglas y señales documentales.),0.0,0.0,27.0,0.0,True,0,,,NINGUNA,0,0
SIN-0415,16.8,BAJO,Continuar flujo normal de liquidación. Sin señales de riesgo significativas.,"Score de riesgo: 17/100 (Nivel BAJO). Motor de reglas: 1 regla(s) activada(s), 0 crítica(s). (Modelo ML no disponible — score calculado con reglas y señales documentales.)",13.3,0.0,59.0,13.3,True,8,R008,,ALTO,1,0
SIN-0416,30.7,MEDIO,Escalar a la Unidad Antifraude para revisión documental.,"Score de riesgo: 31/100 (Nivel MEDIO). Motor de reglas: 4 regla(s) activada(s), 0 crítica(s). (Modelo ML no disponible — score calculado con reglas y señales documentales.)",36.7,0.0,58.0,36.7,True,22,R002|R008|R009|R023,,ALTO,4,0
SIN-0417,10.8,BAJO,Continuar flujo normal de liquidación. Sin señales de riesgo significativas.,"Score de riesgo: 11/100 (Nivel BAJO). Motor de reglas: 1 regla(s) activada(s), 0 crítica(s). (Modelo ML no disponible — score calculado con reglas y señales documentales.)",13.3,0.0,19.0,13.3,True,8,R008,,ALTO,1,0
SIN-0418,43.8,MEDIO,Escalar a la Unidad Antifraude para revisión documental.,"Score de riesgo: 44/100 (Nivel MEDIO). Motor de reglas: 5 regla(s) activada(s), 1 crítica(s). Narrativa con similitud 92% respecto a otro siniestro. (Modelo ML no disponible — score calculado con reglas y señales documentales.)",50.0,0.0,92.0,50.0,True,30,R002|R008|R009|R014|R023,R014,CRÍTICO,5,1
SIN-0419,34.4,MEDIO,Escalar a la Unidad Antifraude para revisión documental.,"Score de riesgo: 34/100 (Nivel MEDIO). Motor de reglas: 3 regla(s) activada(s), 2 crítica(s). Narrativa con similitud 96% respecto a otro siniestro. (Modelo ML no disponible — score calculado con reglas y señales documentales.)",33.3,0.0,96.0,33.3,True,20,R001|R014|R023,R001|R014,CRÍTICO,3,2
SIN-0420,1.5,BAJO,Continuar flujo normal de liquidación. Sin señales de riesgo significativas.,Score de riesgo: 2/100 (Nivel BAJO). (Modelo ML no disponible — score calculado con reglas y señales documentales.),0.0,0.0,10.0,0.0,True,0,,,NINGUNA,0,0
SIN-0421,23.6,BAJO,Continuar flujo normal de liquidación. Sin señales de riesgo significativas.,"Score de riesgo: 24/100 (Nivel BAJO). Motor de reglas: 4 regla(s) activada(s), 0 crítica(s). (Modelo ML no disponible — score calculado con reglas y señales documentales.)",36.7,0.0,11.0,36.7,True,22,R002|R008|R009|R023,,ALTO,4,0
SIN-0422,37.6,MEDIO,Escalar a la Unidad Antifraude para revisión documental.,"Score de riesgo: 38/100 (Nivel MEDIO). Motor de reglas: 5 regla(s) activada(s), 1 crítica(s). (Modelo ML no disponible — score calculado con reglas y señales documentales.)",53.3,0.0,37.0,53.3,True,32,R002|R008|R009|R011|R023,R011,CRÍTICO,5,1
SIN-0423,53.6,MEDIO,Escalar a la Unidad Antifraude para revisión documental.,"Score de riesgo: 54/100 (Nivel MEDIO). Motor de reglas: 6 regla(s) activada(s), 2 crítica(s). Narrativa con similitud 91% respecto a otro siniestro. (Modelo ML no disponible — score calculado con reglas y señales documentales.)",66.7,0.0,91.0,66.7,True,40,R002|R008|R009|R011|R014|R023,R011|R014,CRÍTICO,6,2
SIN-0424,29.4,BAJO,Continuar flujo normal de liquidación. Sin señales de riesgo significativas.,"Score de riesgo: 29/100 (Nivel BAJO). Motor de reglas: 4 regla(s) activada(s), 0 crítica(s). (Modelo ML no disponible — score calculado con reglas y señales documentales.)",35.0,0.0,56.0,35.0,True,21,R002|R005|R008|R023,,ALTO,4,0
SIN-0425,1.8,BAJO,Continuar flujo normal de liquidación. Sin señales de riesgo significativas.,Score de riesgo: 2/100 (Nivel BAJO). (Modelo ML no disponible — score calculado con reglas y señales documentales.),0.0,0.0,12.0,0.0,True,0,,,NINGUNA,0,0
SIN-0426,16.6,BAJO,Continuar flujo normal de liquidación. Sin señales de riesgo significativas.,"Score de riesgo: 17/100 (Nivel BAJO). Motor de reglas: 2 regla(s) activada(s), 0 crítica(s). (Modelo ML no disponible — score calculado con reglas y señales documentales.)",23.3,0.0,17.0,23.3,True,14,R008|R009,,ALTO,2,0
SIN-0427,58.1,MEDIO,Escalar a la Unidad Antifraude para revisión documental.,"Score de riesgo: 58/100 (Nivel MEDIO). Motor de reglas: 7 regla(s) activada(s), 2 crítica(s). Narrativa con similitud 94% respecto a otro siniestro. (Modelo ML no disponible — score calculado con reglas y señales documentales.)",73.3,0.0,94.0,73.3,True,44,R001|R005|R008|R009|R014|R016|R023,R001|R014,CRÍTICO,7,2
SIN-0428,43.2,MEDIO,Escalar a la Unidad Antifraude para revisión documental.,"Score de riesgo: 43/100 (Nivel MEDIO). Motor de reglas: 5 regla(s) activada(s), 1 crítica(s). Narrativa con similitud 88% respecto a otro siniestro. (Modelo ML no disponible — score calculado con reglas y señales documentales.)",50.0,0.0,88.0,50.0,True,30,R002|R008|R009|R014|R023,R014,CRÍTICO,5,1
SIN-0429,11.0,BAJO,Continuar flujo normal de liquidación. Sin señales de riesgo significativas.,"Score de riesgo: 11/100 (Nivel BAJO). Motor de reglas: 1 regla(s) activada(s), 0 crítica(s). (Modelo ML no disponible — score calculado con reglas y señales documentales.)",13.3,0.0,20.0,13.3,True,8,R008,,ALTO,1,0
SIN-0430,20.8,BAJO,Continuar flujo normal de liquidación. Sin señales de riesgo significativas.,"Score de riesgo: 21/100 (Nivel BAJO). Motor de reglas: 3 regla(s) activada(s), 0 crítica(s). (Modelo ML no disponible — score calculado con reglas y señales documentales.)",30.0,0.0,19.0,30.0,True,18,R008|R009|R023,,ALTO,3,0
SIN-0431,13.8,BAJO,Continuar flujo normal de liquidación. Sin señales de riesgo significativas.,"Score de riesgo: 14/100 (Nivel BAJO). Motor de reglas: 1 regla(s) activada(s), 0 crítica(s). (Modelo ML no disponible — score calculado con reglas y señales documentales.)",13.3,0.0,39.0,13.3,True,8,R008,,ALTO,1,0
SIN-0432,26.8,BAJO,Continuar flujo normal de liquidación. Sin señales de riesgo significativas.,"Score de riesgo: 27/100 (Nivel BAJO). Motor de reglas: 3 regla(s) activada(s), 0 crítica(s). (Modelo ML no disponible — score calculado con reglas y señales documentales.)",30.0,0.0,59.0,30.0,True,18,R008|R009|R023,,ALTO,3,0
SIN-0433,21.3,BAJO,Continuar flujo normal de liquidación. Sin señales de riesgo significativas.,"Score de riesgo: 21/100 (Nivel BAJO). Motor de reglas: 3 regla(s) activada(s), 0 crítica(s). (Modelo ML no disponible — score calculado con reglas y señales documentales.)",30.0,0.0,22.0,30.0,True,18,R002|R008|R009,,ALTO,3,0
SIN-0434,9.5,BAJO,Continuar flujo normal de liquidación. Sin señales de riesgo significativas.,"Score de riesgo: 10/100 (Nivel BAJO). Motor de reglas: 1 regla(s) activada(s), 0 crítica(s). (Modelo ML no disponible — score calculado con reglas y señales documentales.)",13.3,0.0,10.0,13.3,True,8,R008,,ALTO,1,0
SIN-0435,17.9,BAJO,Continuar flujo normal de liquidación. Sin señales de riesgo significativas.,"Score de riesgo: 18/100 (Nivel BAJO). Motor de reglas: 1 regla(s) activada(s), 0 crítica(s). (Modelo ML no disponible — score calculado con reglas y señales documentales.)",13.3,0.0,66.0,13.3,True,8,R008,,ALTO,1,0
SIN-0436,9.6,BAJO,Continuar flujo normal de liquidación. Sin señales de riesgo significativas.,"Score de riesgo: 10/100 (Nivel BAJO). Motor de reglas: 1 regla(s) activada(s), 0 crítica(s). (Modelo ML no disponible — score calculado con reglas y señales documentales.)",13.3,0.0,11.0,13.3,True,8,R008,,ALTO,1,0
SIN-0437,24.2,BAJO,Continuar flujo normal de liquidación. Sin señales de riesgo significativas.,"Score de riesgo: 24/100 (Nivel BAJO). Motor de reglas: 4 regla(s) activada(s), 0 crítica(s). (Modelo ML no disponible — score calculado con reglas y señales documentales.)",36.7,0.0,15.0,36.7,True,22,R002|R008|R009|R023,,ALTO,4,0
SIN-0438,17.6,BAJO,Continuar flujo normal de liquidación. Sin señales de riesgo significativas.,"Score de riesgo: 18/100 (Nivel BAJO). Motor de reglas: 3 regla(s) activada(s), 0 crítica(s). (Modelo ML no disponible — score calculado con reglas y señales documentales.)",26.7,0.0,11.0,26.7,True,16,R002|R008|R023,,ALTO,3,0
SIN-0439,16.4,BAJO,Continuar flujo normal de liquidación. Sin señales de riesgo significativas.,"Score de riesgo: 16/100 (Nivel BAJO). Motor de reglas: 2 regla(s) activada(s), 0 crítica(s). (Modelo ML no disponible — score calculado con reglas y señales documentales.)",23.3,0.0,16.0,23.3,True,14,R008|R009,,ALTO,2,0
SIN-0440,3.2,BAJO,Continuar flujo normal de liquidación. Sin señales de riesgo significativas.,Score de riesgo: 3/100 (Nivel BAJO). (Modelo ML no disponible — score calculado con reglas y señales documentales.),0.0,0.0,21.0,0.0,True,0,,,NINGUNA,0,0
SIN-0441,18.8,BAJO,Continuar flujo normal de liquidación. Sin señales de riesgo significativas.,"Score de riesgo: 19/100 (Nivel BAJO). Motor de reglas: 2 regla(s) activada(s), 0 crítica(s). Narrativa con similitud 72% respecto a otro siniestro. (Modelo ML no disponible — score calculado con reglas y señales documentales.)",13.3,0.0,72.0,13.3,True,8,R002|R015,,ALTO,2,0
SIN-0442,23.6,BAJO,Continuar flujo normal de liquidación. Sin señales de riesgo significativas.,"Score de riesgo: 24/100 (Nivel BAJO). Motor de reglas: 3 regla(s) activada(s), 0 crítica(s). (Modelo ML no disponible — score calculado con reglas y señales documentales.)",28.3,0.0,44.0,28.3,True,17,R005|R008|R023,,ALTO,3,0
SIN-0443,15.2,BAJO,Continuar flujo normal de liquidación. Sin señales de riesgo significativas.,"Score de riesgo: 15/100 (Nivel BAJO). Motor de reglas: 2 regla(s) activada(s), 0 crítica(s). (Modelo ML no disponible — score calculado con reglas y señales documentales.)",23.3,0.0,8.0,23.3,True,14,R008|R009,,ALTO,2,0
SIN-0444,18.0,BAJO,Continuar flujo normal de liquidación. Sin señales de riesgo significativas.,"Score de riesgo: 18/100 (Nivel BAJO). Motor de reglas: 2 regla(s) activada(s), 0 crítica(s). (Modelo ML no disponible — score calculado con reglas y señales documentales.)",23.3,0.0,27.0,23.3,True,14,R008|R009,,ALTO,2,0
SIN-0445,26.8,BAJO,Continuar flujo normal de liquidación. Sin señales de riesgo significativas.,"Score de riesgo: 27/100 (Nivel BAJO). Motor de reglas: 3 regla(s) activada(s), 0 crítica(s). (Modelo ML no disponible — score calculado con reglas y señales documentales.)",30.0,0.0,59.0,30.0,True,18,R002|R008|R009,,ALTO,3,0
SIN-0446,22.8,BAJO,Continuar flujo normal de liquidación. Sin señales de riesgo significativas.,"Score de riesgo: 23/100 (Nivel BAJO). Motor de reglas: 2 regla(s) activada(s), 0 crítica(s). (Modelo ML no disponible — score calculado con reglas y señales documentales.)",23.3,0.0,59.0,23.3,True,14,R008|R009,,ALTO,2,0
SIN-0447,3.3,BAJO,Continuar flujo normal de liquidación. Sin señales de riesgo significativas.,Score de riesgo: 3/100 (Nivel BAJO). (Modelo ML no disponible — score calculado con reglas y señales documentales.),0.0,0.0,22.0,0.0,True,0,,,NINGUNA,0,0
SIN-0448,50.3,MEDIO,Escalar a la Unidad Antifraude para revisión documental.,"Score de riesgo: 50/100 (Nivel MEDIO). Motor de reglas: 6 regla(s) activada(s), 1 crítica(s). Señales documentales PDF: score 13/100. Narrativa con similitud 87% respecto a otro siniestro. (Modelo ML no disponible — score calculado con reglas y señales documentales.)",56.7,13.0,87.0,56.7,True,34,R002|R005|R008|R014|R020|R023,R014,CRÍTICO,6,1
SIN-0449,10.8,BAJO,Continuar flujo normal de liquidación. Sin señales de riesgo significativas.,"Score de riesgo: 11/100 (Nivel BAJO). Motor de reglas: 1 regla(s) activada(s), 0 crítica(s). (Modelo ML no disponible — score calculado con reglas y señales documentales.)",13.3,0.0,19.0,13.3,True,8,R008,,ALTO,1,0
SIN-0450,23.0,BAJO,Continuar flujo normal de liquidación. Sin señales de riesgo significativas.,"Score de riesgo: 23/100 (Nivel BAJO). Motor de reglas: 3 regla(s) activada(s), 0 crítica(s). (Modelo ML no disponible — score calculado con reglas y señales documentales.)",30.0,0.0,33.0,30.0,True,18,R002|R008|R009,,ALTO,3,0
SIN-0451,38.9,MEDIO,Escalar a la Unidad Antifraude para revisión documental.,"Score de riesgo: 39/100 (Nivel MEDIO). Motor de reglas: 5 regla(s) activada(s), 1 crítica(s). (Modelo ML no disponible — score calculado con reglas y señales documentales.)",53.3,0.0,46.0,53.3,True,32,R002|R008|R009|R011|R023,R011,CRÍTICO,5,1
SIN-0452,22.2,BAJO,Continuar flujo normal de liquidación. Sin señales de riesgo significativas.,"Score de riesgo: 22/100 (Nivel BAJO). Motor de reglas: 3 regla(s) activada(s), 0 crítica(s). (Modelo ML no disponible — score calculado con reglas y señales documentales.)",26.7,0.0,41.0,26.7,True,16,R002|R008|R023,,ALTO,3,0
SIN-0453,15.8,BAJO,Continuar flujo normal de liquidación. Sin señales de riesgo significativas.,"Score de riesgo: 16/100 (Nivel BAJO). Motor de reglas: 2 regla(s) activada(s), 0 crítica(s). (Modelo ML no disponible — score calculado con reglas y señales documentales.)",23.3,0.0,12.0,23.3,True,14,R008|R009,,ALTO,2,0
SIN-0454,32.0,MEDIO,Escalar a la Unidad Antifraude para revisión documental.,"Score de riesgo: 32/100 (Nivel MEDIO). Motor de reglas: 4 regla(s) activada(s), 1 crítica(s). (Modelo ML no disponible — score calculado con reglas y señales documentales.)",43.3,0.0,40.0,43.3,True,26,R001|R008|R009|R023,R001,CRÍTICO,4,1
SIN-0455,16.0,BAJO,Continuar flujo normal de liquidación. Sin señales de riesgo significativas.,"Score de riesgo: 16/100 (Nivel BAJO). Motor de reglas: 2 regla(s) activada(s), 0 crítica(s). (Modelo ML no disponible — score calculado con reglas y señales documentales.)",23.3,0.0,13.0,23.3,True,14,R008|R009,,ALTO,2,0
SIN-0456,36.9,MEDIO,Escalar a la Unidad Antifraude para revisión documental.,"Score de riesgo: 37/100 (Nivel MEDIO). Motor de reglas: 4 regla(s) activada(s), 1 crítica(s). Narrativa con similitud 86% respecto a otro siniestro. (Modelo ML no disponible — score calculado con reglas y señales documentales.)",40.0,0.0,86.0,40.0,True,24,R002|R008|R014|R023,R014,CRÍTICO,4,1
SIN-0457,9.6,BAJO,Continuar flujo normal de liquidación. Sin señales de riesgo significativas.,"Score de riesgo: 10/100 (Nivel BAJO). Motor de reglas: 2 regla(s) activada(s), 0 crítica(s). (Modelo ML no disponible — score calculado con reglas y señales documentales.)",13.3,0.0,11.0,13.3,True,8,R002|R023,,ALTO,2,0
SIN-0458,12.2,BAJO,Continuar flujo normal de liquidación. Sin señales de riesgo significativas.,"Score de riesgo: 12/100 (Nivel BAJO). Motor de reglas: 1 regla(s) activada(s), 0 crítica(s). (Modelo ML no disponible — score calculado con reglas y señales documentales.)",13.3,0.0,28.0,13.3,True,8,R008,,ALTO,1,0
SIN-0459,5.8,BAJO,Continuar flujo normal de liquidación. Sin señales de riesgo significativas.,"Score de riesgo: 6/100 (Nivel BAJO). Motor de reglas: 1 regla(s) activada(s), 0 crítica(s). (Modelo ML no disponible — score calculado con reglas y señales documentales.)",6.7,0.0,12.0,6.7,True,4,R002,,ALTO,1,0
SIN-0460,38.8,MEDIO,Escalar a la Unidad Antifraude para revisión documental.,"Score de riesgo: 39/100 (Nivel MEDIO). Motor de reglas: 5 regla(s) activada(s), 1 crítica(s). (Modelo ML no disponible — score calculado con reglas y señales documentales.)",53.3,0.0,45.0,53.3,True,32,R002|R008|R009|R011|R023,R011,CRÍTICO,5,1
SIN-0461,1.5,BAJO,Continuar flujo normal de liquidación. Sin señales de riesgo significativas.,Score de riesgo: 2/100 (Nivel BAJO). (Modelo ML no disponible — score calculado con reglas y señales documentales.),0.0,0.0,10.0,0.0,True,0,,,NINGUNA,0,0
SIN-0462,33.2,MEDIO,Escalar a la Unidad Antifraude para revisión documental.,"Score de riesgo: 33/100 (Nivel MEDIO). Motor de reglas: 5 regla(s) activada(s), 0 crítica(s). (Modelo ML no disponible — score calculado con reglas y señales documentales.)",45.0,0.0,41.0,45.0,True,27,R002|R005|R008|R009|R023,,ALTO,5,0
SIN-0463,8.8,BAJO,Continuar flujo normal de liquidación. Sin señales de riesgo significativas.,"Score de riesgo: 9/100 (Nivel BAJO). Motor de reglas: 1 regla(s) activada(s), 0 crítica(s). (Modelo ML no disponible — score calculado con reglas y señales documentales.)",13.3,0.0,5.0,13.3,True,8,R008,,ALTO,1,0
SIN-0464,37.4,MEDIO,Escalar a la Unidad Antifraude para revisión documental.,"Score de riesgo: 37/100 (Nivel MEDIO). Motor de reglas: 4 regla(s) activada(s), 1 crítica(s). Narrativa con similitud 89% respecto a otro siniestro. (Modelo ML no disponible — score calculado con reglas y señales documentales.)",40.0,0.0,89.0,40.0,True,24,R002|R008|R014|R023,R014,CRÍTICO,4,1
SIN-0465,16.4,BAJO,Continuar flujo normal de liquidación. Sin señales de riesgo significativas.,"Score de riesgo: 16/100 (Nivel BAJO). Motor de reglas: 2 regla(s) activada(s), 0 crítica(s). (Modelo ML no disponible — score calculado con reglas y señales documentales.)",20.0,0.0,29.0,20.0,True,12,R002|R008,,ALTO,2,0
SIN-0466,20.2,BAJO,Continuar flujo normal de liquidación. Sin señales de riesgo significativas.,"Score de riesgo: 20/100 (Nivel BAJO). Motor de reglas: 3 regla(s) activada(s), 0 crítica(s). (Modelo ML no disponible — score calculado con reglas y señales documentales.)",30.0,0.0,15.0,30.0,True,18,R008|R009|R023,,ALTO,3,0
SIN-0467,11.6,BAJO,Continuar flujo normal de liquidación. Sin señales de riesgo significativas.,"Score de riesgo: 12/100 (Nivel BAJO). Motor de reglas: 1 regla(s) activada(s), 0 crítica(s). (Modelo ML no disponible — score calculado con reglas y señales documentales.)",13.3,0.0,24.0,13.3,True,8,R008,,ALTO,1,0
SIN-0468,12.6,BAJO,Continuar flujo normal de liquidación. Sin señales de riesgo significativas.,"Score de riesgo: 13/100 (Nivel BAJO). Motor de reglas: 1 regla(s) activada(s), 0 crítica(s). (Modelo ML no disponible — score calculado con reglas y señales documentales.)",13.3,0.0,31.0,13.3,True,8,R008,,ALTO,1,0
SIN-0469,47.2,MEDIO,Escalar a la Unidad Antifraude para revisión documental.,"Score de riesgo: 47/100 (Nivel MEDIO). Motor de reglas: 6 regla(s) activada(s), 1 crítica(s). Narrativa con similitud 81% respecto a otro siniestro. (Modelo ML no disponible — score calculado con reglas y señales documentales.)",58.3,0.0,81.0,58.3,True,35,R001|R005|R008|R009|R015|R023,R001,CRÍTICO,6,1
SIN-0470,19.1,BAJO,Continuar flujo normal de liquidación. Sin señales de riesgo significativas.,"Score de riesgo: 19/100 (Nivel BAJO). Motor de reglas: 2 regla(s) activada(s), 0 crítica(s). (Modelo ML no disponible — score calculado con reglas y señales documentales.)",23.3,0.0,34.0,23.3,True,14,R008|R009,,ALTO,2,0
SIN-0471,11.0,BAJO,Continuar flujo normal de liquidación. Sin señales de riesgo significativas.,"Score de riesgo: 11/100 (Nivel BAJO). Motor de reglas: 1 regla(s) activada(s), 0 crítica(s). (Modelo ML no disponible — score calculado con reglas y señales documentales.)",13.3,0.0,20.0,13.3,True,8,R008,,ALTO,1,0
SIN-0472,39.0,MEDIO,Escalar a la Unidad Antifraude para revisión documental.,"Score de riesgo: 39/100 (Nivel MEDIO). Motor de reglas: 5 regla(s) activada(s), 0 crítica(s). Narrativa con similitud 80% respecto a otro siniestro. (Modelo ML no disponible — score calculado con reglas y señales documentales.)",45.0,0.0,80.0,45.0,True,27,R005|R008|R009|R015|R023,,ALTO,5,0
SIN-0473,29.8,BAJO,Continuar flujo normal de liquidación. Sin señales de riesgo significativas.,"Score de riesgo: 30/100 (Nivel BAJO). Motor de reglas: 3 regla(s) activada(s), 0 crítica(s). Narrativa con similitud 79% respecto a otro siniestro. (Modelo ML no disponible — score calculado con reglas y señales documentales.)",30.0,0.0,79.0,30.0,True,18,R008|R009|R015,,ALTO,3,0
SIN-0474,11.9,BAJO,Continuar flujo normal de liquidación. Sin señales de riesgo significativas.,"Score de riesgo: 12/100 (Nivel BAJO). Motor de reglas: 1 regla(s) activada(s), 0 crítica(s). (Modelo ML no disponible — score calculado con reglas y señales documentales.)",13.3,0.0,26.0,13.3,True,8,R008,,ALTO,1,0
SIN-0475,27.1,BAJO,Continuar flujo normal de liquidación. Sin señales de riesgo significativas.,"Score de riesgo: 27/100 (Nivel BAJO). Motor de reglas: 3 regla(s) activada(s), 1 crítica(s). (Modelo ML no disponible — score calculado con reglas y señales documentales.)",36.7,0.0,34.0,36.7,True,22,R008|R011|R023,R011,CRÍTICO,3,1
SIN-0476,28.6,BAJO,Continuar flujo normal de liquidación. Sin señales de riesgo significativas.,"Score de riesgo: 29/100 (Nivel BAJO). Motor de reglas: 4 regla(s) activada(s), 0 crítica(s). (Modelo ML no disponible — score calculado con reglas y señales documentales.)",38.3,0.0,37.0,38.3,True,23,R005|R008|R009|R023,,ALTO,4,0
SIN-0477,53.4,MEDIO,Escalar a la Unidad Antifraude para revisión documental.,"Score de riesgo: 53/100 (Nivel MEDIO). Motor de reglas: 6 regla(s) activada(s), 2 crítica(s). Narrativa con similitud 89% respecto a otro siniestro. (Modelo ML no disponible — score calculado con reglas y señales documentales.)",66.7,0.0,89.0,66.7,True,40,R002|R008|R009|R011|R014|R023,R011|R014,CRÍTICO,6,2
SIN-0478,11.0,BAJO,Continuar flujo normal de liquidación. Sin señales de riesgo significativas.,"Score de riesgo: 11/100 (Nivel BAJO). Motor de reglas: 1 regla(s) activada(s), 0 crítica(s). (Modelo ML no disponible — score calculado con reglas y señales documentales.)",13.3,0.0,20.0,13.3,True,8,R008,,ALTO,1,0
SIN-0479,23.0,BAJO,Continuar flujo normal de liquidación. Sin señales de riesgo significativas.,"Score de riesgo: 23/100 (Nivel BAJO). Motor de reglas: 2 regla(s) activada(s), 0 crítica(s). (Modelo ML no disponible — score calculado con reglas y señales documentales.)",23.3,0.0,60.0,23.3,True,14,R008|R009,,ALTO,2,0
SIN-0480,11.3,BAJO,Continuar flujo normal de liquidación. Sin señales de riesgo significativas.,"Score de riesgo: 11/100 (Nivel BAJO). Motor de reglas: 1 regla(s) activada(s), 0 crítica(s). (Modelo ML no disponible — score calculado con reglas y señales documentales.)",13.3,0.0,22.0,13.3,True,8,R008,,ALTO,1,0
SIN-0481,37.6,MEDIO,Escalar a la Unidad Antifraude para revisión documental.,"Score de riesgo: 38/100 (Nivel MEDIO). Motor de reglas: 5 regla(s) activada(s), 0 crítica(s). Narrativa con similitud 84% respecto a otro siniestro. (Modelo ML no disponible — score calculado con reglas y señales documentales.)",41.7,0.0,84.0,41.7,True,25,R002|R005|R008|R015|R023,,ALTO,5,0
SIN-0482,38.0,MEDIO,Escalar a la Unidad Antifraude para revisión documental.,"Score de riesgo: 38/100 (Nivel MEDIO). Motor de reglas: 5 regla(s) activada(s), 1 crítica(s). (Modelo ML no disponible — score calculado con reglas y señales documentales.)",53.3,0.0,40.0,53.3,True,32,R002|R008|R009|R011|R023,R011,CRÍTICO,5,1
SIN-0483,15.2,BAJO,Continuar flujo normal de liquidación. Sin señales de riesgo significativas.,"Score de riesgo: 15/100 (Nivel BAJO). Motor de reglas: 2 regla(s) activada(s), 0 crítica(s). (Modelo ML no disponible — score calculado con reglas y señales documentales.)",20.0,0.0,21.0,20.0,True,12,R002|R008,,ALTO,2,0
SIN-0484,18.6,BAJO,Continuar flujo normal de liquidación. Sin señales de riesgo significativas.,"Score de riesgo: 19/100 (Nivel BAJO). Motor de reglas: 2 regla(s) activada(s), 0 crítica(s). (Modelo ML no disponible — score calculado con reglas y señales documentales.)",23.3,0.0,31.0,23.3,True,14,R008|R009,,ALTO,2,0
SIN-0485,31.8,MEDIO,Escalar a la Unidad Antifraude para revisión documental.,"Score de riesgo: 32/100 (Nivel MEDIO). Motor de reglas: 5 regla(s) activada(s), 0 crítica(s). (Modelo ML no disponible — score calculado con reglas y señales documentales.)",45.0,0.0,32.0,45.0,True,27,R002|R005|R008|R009|R023,,ALTO,5,0
SIN-0486,9.2,BAJO,Continuar flujo normal de liquidación. Sin señales de riesgo significativas.,"Score de riesgo: 9/100 (Nivel BAJO). Motor de reglas: 1 regla(s) activada(s), 0 crítica(s). (Modelo ML no disponible — score calculado con reglas y señales documentales.)",13.3,0.0,8.0,13.3,True,8,R008,,ALTO,1,0
SIN-0487,3.2,BAJO,Continuar flujo normal de liquidación. Sin señales de riesgo significativas.,Score de riesgo: 3/100 (Nivel BAJO). (Modelo ML no disponible — score calculado con reglas y señales documentales.),0.0,0.0,21.0,0.0,True,0,,,NINGUNA,0,0
SIN-0488,20.1,BAJO,Continuar flujo normal de liquidación. Sin señales de riesgo significativas.,"Score de riesgo: 20/100 (Nivel BAJO). Motor de reglas: 3 regla(s) activada(s), 0 crítica(s). (Modelo ML no disponible — score calculado con reglas y señales documentales.)",30.0,0.0,14.0,30.0,True,18,R008|R009|R023,,ALTO,3,0
SIN-0489,12.6,BAJO,Continuar flujo normal de liquidación. Sin señales de riesgo significativas.,"Score de riesgo: 13/100 (Nivel BAJO). Motor de reglas: 1 regla(s) activada(s), 0 crítica(s). (Modelo ML no disponible — score calculado con reglas y señales documentales.)",13.3,0.0,31.0,13.3,True,8,R008,,ALTO,1,0
SIN-0490,2.7,BAJO,Continuar flujo normal de liquidación. Sin señales de riesgo significativas.,Score de riesgo: 3/100 (Nivel BAJO). (Modelo ML no disponible — score calculado con reglas y señales documentales.),0.0,0.0,18.0,0.0,True,0,,,NINGUNA,0,0
SIN-0491,9.4,BAJO,Continuar flujo normal de liquidación. Sin señales de riesgo significativas.,"Score de riesgo: 9/100 (Nivel BAJO). Motor de reglas: 1 regla(s) activada(s), 0 crítica(s). (Modelo ML no disponible — score calculado con reglas y señales documentales.)",13.3,0.0,9.0,13.3,True,8,R008,,ALTO,1,0
SIN-0492,48.8,MEDIO,Escalar a la Unidad Antifraude para revisión documental.,"Score de riesgo: 49/100 (Nivel MEDIO). Motor de reglas: 5 regla(s) activada(s), 2 crítica(s). Narrativa con similitud 92% respecto a otro siniestro. (Modelo ML no disponible — score calculado con reglas y señales documentales.)",58.3,0.0,92.0,58.3,True,35,R005|R008|R011|R014|R023,R011|R014,CRÍTICO,5,2
SIN-0493,33.8,MEDIO,Escalar a la Unidad Antifraude para revisión documental.,"Score de riesgo: 34/100 (Nivel MEDIO). Motor de reglas: 4 regla(s) activada(s), 1 crítica(s). (Modelo ML no disponible — score calculado con reglas y señales documentales.)",46.7,0.0,39.0,46.7,True,28,R008|R009|R011|R023,R011,CRÍTICO,4,1
SIN-0494,39.4,MEDIO,Escalar a la Unidad Antifraude para revisión documental.,"Score de riesgo: 39/100 (Nivel MEDIO). Motor de reglas: 4 regla(s) activada(s), 1 crítica(s). Narrativa con similitud 89% respecto a otro siniestro. (Modelo ML no disponible — score calculado con reglas y señales documentales.)",43.3,0.0,89.0,43.3,True,26,R008|R009|R014|R023,R014,CRÍTICO,4,1
SIN-0495,19.4,BAJO,Continuar flujo normal de liquidación. Sin señales de riesgo significativas.,"Score de riesgo: 19/100 (Nivel BAJO). Motor de reglas: 3 regla(s) activada(s), 0 crítica(s). (Modelo ML no disponible — score calculado con reglas y señales documentales.)",26.7,0.0,23.0,26.7,True,16,R002|R008|R023,,ALTO,3,0
SIN-0496,17.4,BAJO,Continuar flujo normal de liquidación. Sin señales de riesgo significativas.,"Score de riesgo: 17/100 (Nivel BAJO). Motor de reglas: 2 regla(s) activada(s), 0 crítica(s). (Modelo ML no disponible — score calculado con reglas y señales documentales.)",20.0,0.0,36.0,20.0,True,12,R002|R008,,ALTO,2,0
SIN-0497,38.9,MEDIO,Escalar a la Unidad Antifraude para revisión documental.,"Score de riesgo: 39/100 (Nivel MEDIO). Motor de reglas: 4 regla(s) activada(s), 1 crítica(s). Narrativa con similitud 86% respecto a otro siniestro. (Modelo ML no disponible — score calculado con reglas y señales documentales.)",43.3,0.0,86.0,43.3,True,26,R008|R009|R014|R023,R014,CRÍTICO,4,1
SIN-0498,23.0,BAJO,Continuar flujo normal de liquidación. Sin señales de riesgo significativas.,"Score de riesgo: 23/100 (Nivel BAJO). Motor de reglas: 3 regla(s) activada(s), 0 crítica(s). (Modelo ML no disponible — score calculado con reglas y señales documentales.)",30.0,0.0,33.0,30.0,True,18,R002|R008|R009,,ALTO,3,0
SIN-0499,17.0,BAJO,Continuar flujo normal de liquidación. Sin señales de riesgo significativas.,"Score de riesgo: 17/100 (Nivel BAJO). Motor de reglas: 1 regla(s) activada(s), 0 crítica(s). (Modelo ML no disponible — score calculado con reglas y señales documentales.)",13.3,0.0,60.0,13.3,True,8,R008,,ALTO,1,0
SIN-0500,17.4,BAJO,Continuar flujo normal de liquidación. Sin señales de riesgo significativas.,"Score de riesgo: 17/100 (Nivel BAJO). Motor de reglas: 2 regla(s) activada(s), 0 crítica(s). (Modelo ML no disponible — score calculado con reglas y señales documentales.)",23.3,0.0,23.0,23.3,True,14,R008|R009,,ALTO,2,0
