id_siniestro,id_poliza,id_asegurado,ramo,placa,cobertura,fecha_ocurrencia,fecha_reporte,dias_ocurrencia_reporte,monto_reclamado,monto_estimado,monto_pagado,estado,sucursal,id_proveedor,descripcion,docs_completos,proveedor_lista_restrictiva,dias_desde_inicio_poliza,dias_hasta_fin_poliza,historial_siniestros_asegurado,suma_asegurada,similitud_narrativa,numero_parte_policial,fecha_inicio_poliza,fecha_fin_poliza,prima_anual,canal_venta,estado_poliza,nombres_asegurado,segmento,ciudad,antiguedad_anios,n_polizas_activas,n_reclamos_12_meses,n_reclamos_historico,reclamos_rc_sin_tercero,perfil_riesgo_historico,nombre_proveedor,tipo_proveedor,ciudad_proveedor,n_siniestros_proveedor,proveedor_en_lista_restrictiva,motivo_restriccion,promedio_monto_proveedor,cantidad_documentos,cantidad_declaraciones,cantidad_denuncia_policial,cantidad_exámenes,cantidad_facturas,cantidad_factura_de_reparacion,cantidad_factura_hospitalaria,cantidad_fotografías,cantidad_fotografías_del_daño,cantidad_historia_clínica,cantidad_informe_tecnico,cantidad_orden_medica,cantidad_partes_policiales,cantidad_peritaje,ratio_monto_suma,delta_monto_proveedor,alerta_borde_inicio,alerta_borde_fin,reporte_tardio,narrativa_similar,narrativa_clonada,doc_factura_alterada,doc_ruc_invalido,doc_caso_fraude,doc_caso_inconsistente,doc_parte_tardio_dias,doc_sin_denuncia_previa,doc_robo,doc_perdida_total,doc_flagrancia,doc_lesionados,doc_detenidos,doc_tercero_identificado,doc_sin_testigos,doc_sin_intervencion,doc_hora_accidente,doc_fecha_factura_min,n_pdfs_extraidos,tipos_pdf,doc_parte_tardio,alerta_similitud_sin_testigos,alerta_robo_sin_denuncia,alerta_proveedor_fraude_documental,score_documental_raw,nlp_freq_descripcion,nlp_descripcion_rara,nlp_descripcion_comun,nlp_grupo_id,nlp_sim_entre_grupos,nlp_cluster_fraude,nlp_score,nlp_valida_excel
SIN-0001,POL-0001,ASEG-0010,Vehículos,MNT-7384,Choque,2025-06-27,2025-06-27,0,5528,5268,5083,Liquidado,Portoviejo,TALLER-007,"Golpe trasero en cola de tráfico, testigos presentes.",True,False,321,44,0,20000,0.15,,2024-08-10,2025-08-10,564,Broker,Expirada,García Morales Luis Eduardo,Natural,Quito,7,1,2,2,2,Medio,Multiservicios Automotrices EC,Automotriz,Ambato,17,False,No,,4,0,1,0,1,1,0,0,1,0,0,0,0,0,0.2764,,False,False,False,False,False,False,False,False,False,,False,False,False,False,False,False,False,False,False,False,True,1,Factura,False,False,False,False,0.0,19,False,True,0,0.0752,-1,18.6,False
SIN-0002,POL-0002,ASEG-0171,Hogar,,Daño por Agua,2024-08-20,2024-08-21,1,14139,11761,0,Pago Parcial,Portoviejo,PROV-020,Humedad por filtración desde techo.,False,False,72,293,0,40000,0.65,,2024-06-09,2025-06-09,1195,Broker,Expirada,Pérez Vásquez Ana Lucía,Natural,Riobamba,8,1,0,2,1,Medio,Servicios Generales GYE,Servicios,Esmeraldas,17,False,No,,2,0,0,0,0,0,0,1,0,0,1,0,0,0,0.3535,,False,False,False,False,False,False,False,False,False,,False,False,False,False,False,False,False,False,False,False,False,0,,False,False,False,False,0.0,8,False,False,1,0.0,-1,48.9,True
SIN-0003,POL-0003,ASEG-0158,Vehículos,CHB-4472,Robo de Accesorios,2025-01-09,2025-01-10,1,8084,7775,7254,Liquidado,Ambato,TALLER-020,Robo de airbags y pantalla en parqueadero.,True,False,167,198,0,28000,0.25,,2024-07-26,2025-07-26,831,Digital,Expirada,Torres Espinoza Carlos Andrés,Natural,Ambato,5,1,0,2,1,Medio,Taller Quito Sur Cía.,Automotriz,Guayaquil,24,False,No,,4,0,1,0,1,0,0,0,1,0,0,0,0,1,0.2887,,False,False,False,False,False,False,False,False,False,,False,False,False,False,False,False,False,False,False,False,True,1,Factura,False,False,False,False,0.0,18,False,True,2,0.1055,-1,25.2,False
SIN-0004,POL-0004,ASEG-0169,Vehículos,RIO-2918,Choque,2024-10-14,2024-10-14,0,22832,18155,0,Reserva,Ambato,TALLER-003,Impacto lateral en intersección con semáforo.,False,False,24,341,0,30000,0.88,,2024-09-20,2025-09-20,681,Agente,Expirada,Rodríguez Cárdenas María José,Natural,Loja,4,3,0,2,0,Medio,Mecánica Imbabura S.A.,Automotriz,Manta,26,False,No,,4,0,0,0,1,1,0,0,1,0,0,0,0,1,0.7611,,True,False,False,True,True,True,True,True,False,,False,False,False,False,False,False,False,False,False,False,True,1,Factura,False,False,False,False,75.0,13,False,True,3,0.208,-1,67.2,True
SIN-0005,POL-0005,ASEG-0103,Vehículos,AZY-7734,Robo,2024-12-26,2024-12-31,5,6994,3602,0,Investigación,Cuenca,TALLER-004,Robo con violencia en domicilio.,False,False,25,340,0,8000,0.44,PTACP20260492817,2024-12-01,2025-12-01,244,Broker,Expirada,López Guerrero Juan Pablo,Natural,Riobamba,1,1,1,2,0,Medio,Servicio Express Loja,Automotriz,Ibarra,24,False,No,,4,0,0,0,1,1,0,0,1,0,0,0,1,0,0.8742,,True,False,False,False,False,True,True,True,False,5.0,True,True,True,False,False,False,False,True,False,False,True,2,Factura|Parte Policial,False,False,True,False,100.0,30,False,True,4,0.1055,-1,43.7,False
SIN-0006,POL-0006,ASEG-0194,Vehículos,MNT-7384,Pérdida Total,2025-02-16,2025-02-27,11,19430,11331,0,Reserva,Portoviejo,TALLER-888,Vehículo destruido en accidente de tránsito.,False,True,44,321,0,28000,0.49,,2025-01-03,2026-01-03,671,Agente,Expirada,Martínez Alvarado Rosa Elena,Natural,Cuenca,4,2,1,2,1,Medio,Taller Anónimo Manta — Documentos alterados,Automotriz,Ambato,10,True,Sí,,4,0,1,0,1,0,0,0,0,0,0,0,0,1,0.6939,,False,False,True,False,False,True,True,True,False,,False,False,False,False,False,False,False,False,False,False,True,1,Factura,False,False,False,True,75.0,10,False,True,5,0.109,-1,38.6,False
SIN-0007,POL-0007,ASEG-0061,Vehículos,GYE-8371,Responsabilidad Civil,2025-02-23,2025-02-25,2,3576,3482,3202,Pago Total,Loja,TALLER-017,Colisión en rotonda con vehículo de tercero.,True,False,256,109,0,28000,0.09,,2024-06-12,2025-06-12,536,Digital,Expirada,Freire Castillo Marco Antonio,Natural,Loja,7,1,1,9,2,Alto,Mecánica Manabí,Automotriz,Ibarra,19,False,No,,3,0,1,0,1,1,0,0,0,0,0,0,0,0,0.1277,,False,False,False,False,False,False,False,False,False,,False,False,False,False,False,False,False,False,False,False,True,1,Factura,False,False,False,False,0.0,15,False,True,6,0.1095,-1,12.7,False
SIN-0008,POL-0008,ASEG-0100,Vehículos,GYE-8371,Robo de Accesorios,2025-09-23,2025-09-24,1,11697,12211,11359,Liquidado,Quito,TALLER-020,Robo de accesorios en zona residencial.,True,False,240,125,0,30000,0.24,,2025-01-26,2026-01-26,700,Bancaseguros,Expirada,Sánchez Herrera Diego Alejandro,Natural,Cuenca,6,3,2,5,1,Alto,Taller Quito Sur Cía.,Automotriz,Guayaquil,24,False,No,,3,0,0,0,1,0,0,0,0,0,0,0,0,1,0.3899,,False,False,False,False,False,False,False,False,False,,False,False,False,False,False,False,False,False,False,False,True,1,Factura,False,False,False,False,0.0,16,False,True,7,0.1055,-1,23.7,False
SIN-0009,POL-0009,ASEG-0125,Vehículos,CHB-4472,Choque,2024-06-26,2024-06-26,0,13749,7434,0,Negativa,Ibarra,TALLER-006,Impacto lateral en intersección con semáforo.,False,False,5,360,0,22000,0.81,,2024-06-21,2025-06-21,619,Agente,Expirada,Ramírez Peñafiel Carmen Susana,Natural,Loja,8,3,1,2,1,Medio,Auto Service Quito Norte,Automotriz,Guayaquil,15,False,No,,4,0,0,0,1,1,0,0,1,0,0,0,0,1,0.625,,True,False,False,True,False,True,True,True,False,,False,False,False,False,False,False,False,False,False,False,True,1,Factura,False,False,False,False,75.0,13,False,True,3,0.208,-1,62.3,False
SIN-0010,POL-0010,ASEG-0084,Vehículos,GYE-4837,Responsabilidad Civil,2024-07-30,2024-08-01,2,9899,9557,9155,Liquidado,Ibarra,TALLER-001,Colisión en rotonda con vehículo de tercero.,True,False,69,296,0,22000,0.18,,2024-05-22,2025-05-22,474,Bancaseguros,Expirada,Flores Castillo Roberto Antonio,Natural,Riobamba,6,3,2,5,0,Alto,Taller El Norte Cía. Ltda.,Automotriz,Ambato,11,False,No,,3,0,0,0,1,0,0,0,0,0,0,0,0,1,0.45,,False,False,False,False,False,False,False,False,False,,False,False,False,False,False,False,False,False,False,False,True,1,Factura,False,False,False,False,0.0,15,False,True,6,0.1095,-1,19.0,False
SIN-0011,POL-0011,ASEG-0160,Hogar,,Incendio,2024-04-26,2024-05-01,5,13876,13695,0,Reserva,Manta,PROV-016,Incendio en cocina con informe de bomberos.,True,False,52,313,0,30000,0.15,,2024-03-05,2025-03-05,821,Bancaseguros,Expirada,Jiménez Vargas Patricia Elena,Natural,Quito,0,3,1,2,2,Medio,Técnicos del Hogar Cía.,Servicios,Cuenca,16,False,No,,2,0,1,0,0,0,0,0,0,0,1,0,0,0,0.4625,,False,False,False,False,False,False,False,False,False,,False,False,False,False,False,False,False,False,False,False,False,0,,False,False,False,False,0.0,7,False,False,8,0.1021,-1,13.5,True
SIN-0012,POL-0012,ASEG-0080,Hogar,,Rotura de Cristales,2024-09-18,2024-09-20,2,11694,12231,0,Reserva,Ibarra,PROV-019,Siniestro reportado con documentación.,True,False,58,307,0,40000,0.28,,2024-07-22,2025-07-22,831,Digital,Expirada,Morales Freire Byron Rodrigo,Natural,Cuenca,8,1,1,3,2,Medio,Reparaciones Norte Ecuador,Servicios,Esmeraldas,10,False,No,,2,0,0,0,0,1,0,0,0,0,1,0,0,0,0.2924,,False,False,False,False,False,False,False,False,False,,False,False,False,False,False,False,False,False,False,False,False,0,,False,False,False,False,0.0,70,False,True,9,0.0,-1,49.6,False
SIN-0013,POL-0013,ASEG-0018,Vehículos,LOJ-1847,Robo de Accesorios,2024-09-08,2024-09-10,2,5026,4723,4256,Pago Total,Loja,TALLER-020,Robo de accesorios en zona residencial.,True,False,245,120,0,22000,0.27,,2024-01-07,2025-01-06,649,Digital,Expirada,Castro Villafuerte Sandra Cristina,Natural,Portoviejo,6,1,0,4,1,Alto,Taller Quito Sur Cía.,Automotriz,Guayaquil,24,False,No,,2,0,0,0,0,1,0,0,0,0,0,0,0,1,0.2285,,False,False,False,False,False,False,False,False,False,,False,False,False,False,False,False,False,False,False,False,False,0,,False,False,False,False,0.0,16,False,True,7,0.1055,-1,25.8,False
SIN-0014,POL-0014,ASEG-0083,Vehículos,AZY-8812,Robo,2025-01-31,2025-02-01,1,9722,9174,8306,Pago Total,Guayaquil,TALLER-013,Robo con violencia en domicilio.,True,False,254,111,0,25000,0.06,,2024-05-22,2025-05-22,535,Bancaseguros,Expirada,Ortega Suárez Héctor Guillermo,Natural,Riobamba,3,2,3,3,0,Medio,Taller Chimborazo Express,Automotriz,Loja,25,False,No,,2,0,1,0,0,0,0,0,1,0,0,0,0,0,0.3889,,False,False,False,False,False,False,False,False,False,,False,False,False,False,False,False,False,False,False,False,False,0,,False,False,False,False,0.0,30,False,True,4,0.1055,-1,17.1,False
SIN-0015,POL-0015,ASEG-0143,Salud,,Hospitalización,2024-10-07,2024-10-09,2,6637,6492,5726,Pago Total,Esmeraldas,HOSP-002,Hospitalización de emergencia por apendicitis.,True,False,183,182,0,20000,0.17,,2024-04-07,2025-04-07,428,Agente,Expirada,Núñez Andrade Verónica Paola,Natural,Riobamba,5,2,5,5,0,Alto,Hospital Metropolitano Quito,Salud,Quito,3,False,No,,2,0,0,0,0,0,1,0,0,0,0,1,0,0,0.3318,,False,False,False,False,False,False,False,False,False,,False,False,False,False,False,False,False,False,False,False,False,0,,False,False,False,False,0.0,4,False,False,10,0.14,-1,13.6,True
SIN-0016,POL-0016,ASEG-0079,Vehículos,AZY-2918,Cristales,2025-02-21,2025-02-22,1,3776,3597,3217,Liquidado,Portoviejo,TALLER-013,Parabrisas fisurado en autopista.,True,False,229,136,0,25000,0.23,,2024-07-07,2025-07-07,644,Bancaseguros,Expirada,Herrera Salinas Jorge Enrique,Natural,Guayaquil,1,1,1,1,0,Bajo,Taller Chimborazo Express,Automotriz,Loja,25,False,No,,3,0,1,0,0,1,0,0,1,0,0,0,0,0,0.151,,False,False,False,False,False,False,False,False,False,,False,False,False,False,False,False,False,False,False,False,False,0,,False,False,False,False,0.0,14,False,True,11,0.1435,-1,22.1,False
SIN-0017,POL-0017,ASEG-0050,Hogar,,Incendio,2024-07-17,2024-07-17,0,14231,13903,0,Reserva,Riobamba,PROV-018,Incendio en cocina con informe de bomberos.,True,False,57,308,0,40000,0.21,,2024-05-21,2025-05-21,1050,Broker,Expirada,Vega Montoya Fanny Lorena,Natural,Loja,3,2,3,6,1,Alto,Hogar Seguro S.A.,Servicios,Ambato,17,False,No,,3,0,1,0,0,1,0,0,0,0,1,0,0,0,0.3558,,False,False,False,False,False,False,False,False,False,,False,False,False,False,False,False,False,False,False,False,False,0,,False,False,False,False,0.0,7,False,False,8,0.1021,-1,17.7,True
SIN-0018,POL-0018,ASEG-0179,Vehículos,PDO-1029,Robo,2024-12-03,2024-12-04,1,488,508,476,Liquidado,Riobamba,TALLER-016,Robo de joyas y equipos electrónicos.,True,False,285,80,0,8000,0.1,,2024-02-22,2025-02-21,208,Broker,Expirada,Mendoza Ríos Marco Vinicio,Natural,Riobamba,5,3,0,2,1,Medio,Servicio Técnico Loja,Automotriz,Ibarra,20,False,No,,3,0,1,0,0,1,0,0,0,0,0,0,0,0,0.061,,False,False,False,False,False,False,False,False,False,,False,False,False,False,False,False,False,False,False,False,False,0,,False,False,False,False,0.0,24,False,True,12,0.1055,-1,17.3,False
SIN-0019,POL-0019,ASEG-0039,Vehículos,PIC-9182,Robo,2025-03-04,2025-03-06,2,2935,2996,2773,Pago Total,Portoviejo,TALLER-012,Sustracción de bienes durante ausencia del hogar.,True,False,273,92,0,10000,0.2,,2024-06-04,2025-06-04,319,Broker,Expirada,Silva Intriago Katherine Noemi,Natural,Ambato,7,1,3,8,2,Alto,Serviautos Litoral,Automotriz,Riobamba,23,False,No,,3,0,0,0,0,1,0,0,0,0,0,0,0,1,0.2935,,False,False,False,False,False,False,False,False,False,,False,False,False,False,False,False,False,False,False,False,False,0,,False,False,False,False,0.0,36,False,True,13,0.1176,-1,29.4,False
SIN-0020,POL-0020,ASEG-0146,Vehículos,AZY-6647,Robo de Accesorios,2025-04-25,2025-04-26,1,1043,983,873,Liquidado,Quito,TALLER-017,Robo de airbags y pantalla en parqueadero.,True,False,168,197,0,10000,0.22,,2024-11-08,2025-11-08,313,Broker,Expirada,Ramos Loor Freddy Oswaldo,Natural,Riobamba,8,1,1,2,0,Medio,Mecánica Manabí,Automotriz,Ibarra,19,False,No,,2,0,0,0,0,1,0,0,1,0,0,0,0,0,0.1043,,False,False,False,False,False,False,False,False,False,,False,False,False,False,False,False,False,False,False,False,False,0,,False,False,False,False,0.0,18,False,True,2,0.1055,-1,23.1,False
SIN-0021,POL-0021,ASEG-0075,Salud,,Hospitalización,2024-07-11,2024-07-16,5,48514,35957,0,Investigación,Manta,PROV-020,Hospitalización por cuadro febril agudo.,False,True,45,320,0,80000,0.33,,2024-05-27,2025-05-27,1757,Digital,Expirada,Aguirre Bermeo Liliana Alexandra,Natural,Portoviejo,3,2,1,6,2,Alto,Servicios Generales GYE,Servicios,Esmeraldas,17,False,No,,3,0,0,1,0,0,0,0,0,1,0,1,0,0,0.6064,,False,False,False,False,False,False,False,False,False,,False,False,False,False,False,False,False,False,False,False,False,0,,False,False,False,False,0.0,9,False,False,14,0.14,-1,27.0,True
SIN-0022,POL-0022,ASEG-0037,Vehículos,PIC-7293,Choque,2024-04-11,2024-04-13,2,10352,6709,0,Investigación,Quito,TALLER-999,"Accidente múltiple de madrugada, daños en carrocería.",False,True,17,348,0,18000,0.31,PTACP20260183492,2024-03-25,2025-03-25,474,Agente,Expirada,Carrillo Cabrera Patricio German,Natural,Loja,6,1,0,2,2,Medio,Taller No Registrado — Asociado a red de fraude,Automotriz,Portoviejo,12,True,Sí,,4,0,0,0,1,1,0,0,0,0,0,0,1,1,0.5751,,True,False,False,False,False,True,True,True,False,17.0,False,False,False,False,False,False,False,False,False,False,True,2,Factura|Parte Policial,True,False,False,True,85.0,20,False,True,15,0.0942,-1,30.3,False
SIN-0023,POL-0023,ASEG-0007,Vehículos,PIC-2847,Choque,2025-06-26,2025-06-28,2,10502,10304,9873,Pago Total,Manta,TALLER-006,"Golpe trasero en cola de tráfico, testigos presentes.",True,False,197,168,0,30000,0.06,,2024-12-11,2025-12-11,787,Digital,Expirada,Gutiérrez Moreta Diana Fernanda,Natural,Manta,3,1,1,1,1,Bajo,Auto Service Quito Norte,Automotriz,Guayaquil,15,False,No,,2,0,0,0,0,0,0,0,0,0,0,0,0,1,0.3501,,False,False,False,False,False,False,False,False,False,,False,False,False,False,False,False,False,False,False,False,False,0,,False,False,False,False,0.0,19,False,True,0,0.0752,-1,12.3,False
SIN-0024,POL-0024,ASEG-0024,Hogar,,Daño Estructural,2024-12-17,2024-12-18,1,6078,6115,5675,Liquidado,Loja,PROV-021,Siniestro reportado con documentación.,True,False,142,223,0,25000,0.15,,2024-07-28,2025-07-28,562,Broker,Expirada,Vargas Andrade William Alexis,Natural,Ambato,6,2,6,6,0,Alto,Reparaciones Tungurahua,Servicios,Cuenca,17,False,No,,2,0,0,0,0,1,0,0,0,0,1,0,0,0,0.2431,,False,False,False,False,False,False,False,False,False,,False,False,False,False,False,False,False,False,False,False,False,0,,False,False,False,False,0.0,70,False,True,9,0.0,-1,40.5,False
SIN-0025,POL-0025,ASEG-0083,Vehículos,TNB-4918,Choque,2025-06-18,2025-06-18,0,1506,1533,1464,Liquidado,Ibarra,TALLER-007,Impacto lateral en intersección con semáforo.,True,False,271,94,1,8000,0.1,,2024-09-20,2025-09-20,218,Bancaseguros,Expirada,Ortega Suárez Héctor Guillermo,Natural,Riobamba,3,2,3,3,0,Medio,Multiservicios Automotrices EC,Automotriz,Ambato,17,False,No,,2,0,0,0,0,0,0,0,1,0,0,0,0,0,0.1882,,False,False,False,False,False,False,False,False,False,,False,False,False,False,False,False,False,False,False,False,False,0,,False,False,False,False,0.0,13,False,True,3,0.208,-1,12.6,False
SIN-0026,POL-0026,ASEG-0113,Salud,,Urgencias,2024-06-04,2024-06-05,1,21313,19866,19847,Liquidado,Guayaquil,HOSP-004,Siniestro reportado con documentación.,True,False,141,224,0,80000,0.19,,2024-01-15,2025-01-14,2122,Broker,Expirada,Mora Loza Adriana Marcela,Natural,Guayaquil,1,1,5,5,0,Alto,Hospital Básico Guayaquil,Salud,Loja,5,False,No,,3,0,0,1,0,0,0,0,0,1,0,1,0,0,0.2664,,False,False,False,False,False,False,False,False,False,,False,False,False,False,False,False,False,False,False,False,False,0,,False,False,False,False,0.0,70,False,True,9,0.0,-1,43.3,False
SIN-0027,POL-0027,ASEG-0184,Vehículos,CHB-5523,Responsabilidad Civil,2025-10-24,2025-10-24,0,1787,1688,1606,Liquidado,Esmeraldas,TALLER-003,Accidente en vía rápida con daño a tercero.,True,False,301,64,0,18000,0.16,,2024-12-27,2025-12-27,429,Bancaseguros,Expirada,Naranjo Velasco Edwin Patricio,Natural,Riobamba,1,2,1,2,1,Medio,Mecánica Imbabura S.A.,Automotriz,Manta,26,False,No,,2,0,1,0,0,1,0,0,0,0,0,0,0,0,0.0993,,False,False,False,False,False,False,False,False,False,,False,False,False,False,False,False,False,False,False,False,False,0,,False,False,False,False,0.0,13,False,True,16,0.096,-1,16.8,False
SIN-0028,POL-0028,ASEG-0130,Vehículos,PIC-1234,Responsabilidad Civil,2024-08-20,2024-08-26,6,7977,7465,0,Pago Parcial,Quito,TALLER-013,Colisión en rotonda con vehículo de tercero.,True,False,88,277,0,18000,0.2,,2024-05-24,2025-05-24,535,Agente,Expirada,Espinoza Rueda Cinthya Dayana,Natural,Ambato,3,3,1,2,2,Medio,Taller Chimborazo Express,Automotriz,Loja,25,False,No,,3,0,0,0,1,1,0,0,0,0,0,0,0,0,0.4432,,False,False,False,False,False,False,False,False,True,,False,False,False,False,False,False,False,False,False,False,True,1,Factura,False,False,False,False,15.0,15,False,True,6,0.1095,-1,20.4,False
SIN-0029,POL-0029,ASEG-0147,Vehículos,TNB-1029,Pérdida Total,2025-04-25,2025-04-28,3,12933,11419,0,Reserva,Manta,TALLER-018,Vehículo totalmente siniestrado en volcamiento.,True,False,83,282,0,22000,0.14,,2025-02-01,2026-02-01,409,Broker,Expirada,Brito Ordóñez Henry Omar,Natural,Loja,1,2,1,4,0,Alto,Automotriz Ambato Central,Automotriz,Ibarra,15,False,No,,3,0,0,0,1,1,0,0,1,0,0,0,0,0,0.5879,,False,False,False,False,False,False,False,False,True,,False,False,False,False,False,False,False,False,False,False,True,1,Factura,False,False,False,False,15.0,17,False,True,17,0.0928,-1,17.1,False
SIN-0030,POL-0030,ASEG-0004,Vehículos,MNT-7384,Cristales,2024-10-06,2024-10-08,2,4379,4241,0,Investigación,Cuenca,TALLER-016,Parabrisas fisurado en autopista.,False,False,70,295,0,12000,0.57,,2024-07-28,2025-07-28,229,Broker,Expirada,Pacheco Vélez Gloria Susana,Natural,Ibarra,3,2,4,7,0,Alto,Servicio Técnico Loja,Automotriz,Ibarra,20,False,No,,3,0,0,0,1,0,0,0,1,0,0,0,0,1,0.3649,,False,False,False,False,False,False,False,False,True,,False,False,False,False,False,False,False,False,False,False,True,1,Factura,False,False,False,False,15.0,14,False,True,11,0.1435,-1,45.9,False
SIN-0031,POL-0031,ASEG-0139,Vehículos,CHB-9918,Choque,2024-02-13,2024-02-16,3,11848,6988,0,Investigación,Portoviejo,TALLER-002,"Accidente múltiple de madrugada, daños en carrocería.",False,False,8,357,0,15000,0.4,,2024-02-05,2025-02-04,403,Broker,Expirada,Delgado Cevallos Iván Rodrigo,Natural,Cuenca,8,3,1,1,1,Bajo,Automotriz Centro Sur,Automotriz,Cuenca,23,False,No,,2,0,0,0,0,0,0,0,1,0,0,0,0,0,0.7899,,True,False,False,False,False,False,False,False,False,,False,False,False,False,False,False,False,False,False,False,False,0,,False,False,False,False,0.0,20,False,True,15,0.0942,-1,36.6,False
SIN-0032,POL-0032,ASEG-0111,Vehículos,LOJ-8834,Robo,2024-10-28,2024-10-30,2,10271,8835,0,Investigación,Manta,TALLER-005,Sustracción de bienes durante ausencia del hogar.,True,False,30,335,0,22000,0.36,,2024-09-28,2025-09-28,570,Broker,Expirada,Cabrera Yépez Marcelo Javier,Natural,Portoviejo,5,3,2,2,1,Medio,Taller Portuario Guayaquil,Automotriz,Portoviejo,21,False,No,,3,0,0,0,1,1,0,0,1,0,0,0,0,0,0.4669,,True,False,False,False,False,False,False,False,True,,False,False,False,False,False,False,False,False,False,False,True,1,Factura,False,False,False,False,15.0,36,False,True,13,0.1176,-1,40.6,False
SIN-0033,POL-0033,ASEG-0118,Vehículos,MNT-5834,Responsabilidad Civil,2025-06-08,2025-06-09,1,2927,3058,2944,Pago Total,Quito,TALLER-012,Accidente en vía rápida con daño a tercero.,True,False,286,79,0,18000,0.3,,2024-08-26,2025-08-26,495,Agente,Expirada,Salcedo Ponce Margoth Elizabeth,Natural,Manta,8,3,3,3,0,Medio,Serviautos Litoral,Automotriz,Riobamba,23,False,No,,3,0,0,0,0,1,0,0,1,0,0,0,0,1,0.1626,,False,False,False,False,False,False,False,False,False,,False,False,False,False,False,False,False,False,False,False,False,0,,False,False,False,False,0.0,13,False,True,16,0.096,-1,26.6,False
SIN-0034,POL-0034,ASEG-0028,Vehículos,CHB-5523,Robo,2024-11-01,2024-11-09,8,11961,8441,0,Reserva,Ibarra,TALLER-002,Sustracción de bienes durante ausencia del hogar.,False,False,13,352,0,20000,0.57,,2024-10-19,2025-10-19,521,Broker,Expirada,Núñez Villafuerte Diego Sebastián,Natural,Loja,2,2,0,5,2,Alto,Automotriz Centro Sur,Automotriz,Cuenca,23,False,No,,2,0,1,0,0,0,0,0,0,0,0,0,0,0,0.598,,True,False,True,False,False,False,False,False,False,,False,False,False,False,False,False,False,False,False,False,False,0,,False,False,False,False,0.0,36,False,True,13,0.1176,-1,55.3,False
SIN-0035,POL-0035,ASEG-0156,Vehículos,SDO-1847,Responsabilidad Civil,2024-12-05,2024-12-05,0,7143,6266,0,Pago Parcial,Manta,TALLER-002,Raspón lateral a vehículo estacionado.,True,False,14,351,0,15000,0.37,,2024-11-21,2025-11-21,400,Bancaseguros,Expirada,Palacios Andrade Cristóbal Sebastián,Natural,Riobamba,7,1,0,1,0,Bajo,Automotriz Centro Sur,Automotriz,Cuenca,23,False,No,,3,0,1,0,1,0,0,0,0,0,0,0,0,0,0.4762,,True,False,False,False,False,False,False,False,True,,False,False,False,False,False,False,False,False,False,False,True,1,Factura,False,False,False,False,15.0,12,False,True,18,0.1083,-1,31.0,False
SIN-0036,POL-0036,ASEG-0024,Vehículos,CHB-5523,Responsabilidad Civil,2025-09-21,2025-09-23,2,3338,3142,3109,Pago Total,Loja,TALLER-012,Raspón lateral a vehículo estacionado.,True,False,247,118,1,22000,0.18,,2025-01-17,2026-01-17,450,Agente,Expirada,Vargas Andrade William Alexis,Natural,Ambato,6,2,6,6,0,Alto,Serviautos Litoral,Automotriz,Riobamba,23,False,No,,3,0,1,0,0,0,0,0,1,0,0,0,0,0,0.1517,,False,False,False,False,False,False,False,False,False,,False,False,False,False,False,False,False,False,False,False,False,0,,False,False,False,False,0.0,12,False,True,18,0.1083,-1,17.7,False
SIN-0037,POL-0037,ASEG-0120,Hogar,,Robo,2025-02-21,2025-02-22,1,8756,8000,0,Investigación,Cuenca,PROV-018,Sustracción de bienes durante ausencia del hogar.,False,False,31,334,0,20000,0.55,,2025-01-21,2026-01-21,601,Digital,Expirada,Montoya Llorente Daniela Fernanda,Natural,Esmeraldas,6,2,1,1,0,Bajo,Hogar Seguro S.A.,Servicios,Ambato,17,False,No,,2,0,1,0,0,1,0,0,0,0,0,0,0,0,0.4378,,False,False,False,False,False,False,False,False,False,,False,False,False,False,False,False,False,False,False,False,False,0,,False,False,False,False,0.0,36,False,True,13,0.1176,-1,53.9,False
SIN-0038,POL-0038,ASEG-0028,Vehículos,GYE-1029,Cristales,2024-09-12,2024-09-30,18,4343,2353,0,Investigación,Manta,TALLER-012,Rotura de parabrisas por impacto de piedra.,False,False,14,351,1,8000,0.6,,2024-08-29,2025-08-29,213,Broker,Expirada,Núñez Villafuerte Diego Sebastián,Natural,Loja,2,2,0,5,2,Alto,Serviautos Litoral,Automotriz,Riobamba,23,False,No,,3,0,1,0,0,1,0,0,0,0,0,0,0,0,0.5429,,True,False,True,False,False,False,False,False,False,,False,False,False,False,False,False,False,False,False,False,False,0,,False,False,False,False,0.0,27,False,True,19,0.1435,-1,53.6,False
SIN-0039,POL-0039,ASEG-0100,Vehículos,MNT-7384,Pérdida Total,2025-01-10,2025-01-16,6,16202,14094,0,Investigación,Loja,TALLER-015,Daños irreparables por colisión frontal.,True,False,32,333,1,28000,0.28,,2024-12-09,2025-12-09,668,Broker,Expirada,Sánchez Herrera Diego Alejandro,Natural,Cuenca,6,3,2,5,1,Alto,Automotriz Sur Azuay,Automotriz,Manta,18,False,No,,3,0,1,0,0,0,0,0,1,0,0,0,0,0,0.5786,,False,False,False,False,False,False,False,False,False,,False,False,False,False,False,False,False,False,False,False,False,0,,False,False,False,False,0.0,22,False,True,20,0.1095,-1,29.0,False
SIN-0040,POL-0040,ASEG-0061,Vehículos,GYE-1847,Responsabilidad Civil,2024-12-25,2024-12-28,3,15440,8702,0,Reserva,Guayaquil,TALLER-999,Raspón lateral a vehículo estacionado.,False,True,8,357,1,20000,0.59,PTACP20260284716,2024-12-17,2025-12-17,512,Bancaseguros,Expirada,Freire Castillo Marco Antonio,Natural,Loja,7,1,1,9,2,Alto,Taller No Registrado — Asociado a red de fraude,Automotriz,Portoviejo,12,True,Sí,,2,0,0,0,0,1,0,0,0,0,0,0,1,0,0.772,,True,False,False,False,False,False,False,False,False,3.0,False,False,False,True,True,True,False,False,False,False,False,1,Parte Policial,False,False,False,False,0.0,12,False,True,18,0.1083,-1,46.4,False
SIN-0041,POL-0041,ASEG-0033,Hogar,,Rotura de Cristales,2024-07-24,2024-07-24,0,5024,5210,4586,Liquidado,Manta,PROV-016,Siniestro reportado con documentación.,True,False,170,195,0,50000,0.13,,2024-02-05,2025-02-04,1436,Agente,Expirada,Hidalgo Zurita Alexandra Paola,Natural,Riobamba,2,3,0,3,1,Medio,Técnicos del Hogar Cía.,Servicios,Cuenca,16,False,No,,2,0,1,0,0,0,0,0,0,0,1,0,0,0,0.1005,,False,False,False,False,False,False,False,False,False,,False,False,False,False,False,False,False,False,False,False,False,0,,False,False,False,False,0.0,70,False,True,9,0.0,-1,39.1,False
SIN-0042,POL-0042,ASEG-0029,Vehículos,IBR-1029,Cristales,2024-04-30,2024-04-30,0,3178,2632,0,Reserva,Quito,TALLER-020,Vidrio lateral roto por vandalismo.,True,False,53,312,0,8000,0.14,,2024-03-08,2025-03-08,184,Broker,Expirada,Benítez Arcos Luis Fernando,Natural,Manta,3,3,0,3,0,Medio,Taller Quito Sur Cía.,Automotriz,Guayaquil,24,False,No,,3,0,1,0,0,0,0,0,1,0,0,0,0,1,0.3972,,False,False,False,False,False,False,False,False,False,,False,False,False,False,False,False,False,False,False,False,False,0,,False,False,False,False,0.0,18,False,True,21,0.1048,-1,17.5,False
SIN-0043,POL-0043,ASEG-0116,Vehículos,IBR-1029,Robo de Accesorios,2024-11-30,2024-12-14,14,4393,2338,0,Reserva,Manta,TALLER-018,Robo de airbags y pantalla en parqueadero.,False,False,20,345,0,8000,0.32,,2024-11-10,2025-11-10,225,Agente,Expirada,Cordero Alvarado Beatriz Elena,Natural,Portoviejo,8,1,3,5,2,Alto,Automotriz Ambato Central,Automotriz,Ibarra,15,False,No,,2,0,0,0,0,0,0,0,1,0,0,0,0,0,0.5491,,True,False,True,False,False,False,False,False,False,,False,False,False,False,False,False,False,False,False,False,False,0,,False,False,False,False,0.0,18,False,True,2,0.1055,-1,30.1,False
SIN-0044,POL-0044,ASEG-0017,Vehículos,ESM-1234,Robo,2025-06-13,2025-06-14,1,6491,6640,5934,Liquidado,Ambato,TALLER-017,Robo de joyas y equipos electrónicos.,True,False,210,155,0,30000,0.18,,2024-11-15,2025-11-15,770,Agente,Expirada,Ulloa Morocho Gonzalo Patricio,Natural,Manta,5,1,1,2,0,Medio,Mecánica Manabí,Automotriz,Ibarra,19,False,No,,3,0,1,0,0,0,0,0,1,0,0,0,0,0,0.2164,,False,False,False,False,False,False,False,False,False,,False,False,False,False,False,False,False,False,False,False,False,0,,False,False,False,False,0.0,24,False,True,12,0.1055,-1,22.9,False
SIN-0045,POL-0045,ASEG-0087,Hogar,,Daño Estructural,2025-02-06,2025-02-07,1,12863,12627,11249,Liquidado,Ibarra,PROV-015,Siniestro reportado con documentación.,True,False,190,175,0,40000,0.29,,2024-07-31,2025-07-31,773,Bancaseguros,Expirada,Andrade Viteri Sandra Lorena,Natural,Ambato,5,1,0,3,1,Medio,Reparaciones Domésticas EC,Servicios,Ambato,12,False,No,,2,0,0,0,0,1,0,0,0,0,1,0,0,0,0.3216,,False,False,False,False,False,False,False,False,False,,False,False,False,False,False,False,False,False,False,False,False,0,,False,False,False,False,0.0,70,False,True,9,0.0,-1,50.3,False
SIN-0046,POL-0046,ASEG-0034,Vehículos,IBR-3847,Robo de Accesorios,2024-11-22,2024-11-27,5,10446,9866,0,Reserva,Quito,TALLER-005,Robo de accesorios en zona residencial.,True,False,26,339,0,28000,0.69,,2024-10-27,2025-10-27,724,Bancaseguros,Expirada,Almeida Granda Fernando Eduardo,Natural,Riobamba,7,3,1,1,0,Bajo,Taller Portuario Guayaquil,Automotriz,Portoviejo,21,False,No,,3,0,1,0,0,1,0,0,1,0,0,0,0,0,0.3731,,True,False,False,False,False,False,False,False,False,,False,False,False,False,False,False,False,False,False,False,False,0,,False,False,False,False,0.0,16,False,True,7,0.1055,-1,55.2,False
SIN-0047,POL-0047,ASEG-0028,Vehículos,TNB-1029,Responsabilidad Civil,2024-07-21,2024-07-23,2,4448,4235,0,Investigación,Esmeraldas,TALLER-011,Colisión en rotonda con vehículo de tercero.,False,False,14,351,2,10000,0.3,,2024-07-07,2025-07-07,287,Digital,Expirada,Núñez Villafuerte Diego Sebastián,Natural,Loja,2,2,0,5,2,Alto,Mecánica Tungurahua,Automotriz,Quito,16,False,No,,2,0,1,0,0,0,0,0,1,0,0,0,0,0,0.4448,,True,False,False,False,False,False,False,False,False,,False,False,False,False,False,False,False,False,False,False,False,0,,False,False,False,False,0.0,15,False,True,6,0.1095,-1,27.4,False
SIN-0048,POL-0048,ASEG-0180,Vehículos,PIC-3847,Responsabilidad Civil,2025-03-20,2025-03-20,0,2396,2213,2145,Liquidado,Loja,TALLER-016,Accidente en vía rápida con daño a tercero.,True,False,265,100,0,8000,0.09,,2024-06-28,2025-06-28,164,Broker,Expirada,Bonilla Torres Nathaly Carolina,Natural,Esmeraldas,5,2,3,3,1,Medio,Servicio Técnico Loja,Automotriz,Ibarra,20,False,No,,2,0,0,0,0,0,0,0,1,0,0,0,0,0,0.2995,,False,False,False,False,False,False,False,False,False,,False,False,False,False,False,False,False,False,False,False,False,0,,False,False,False,False,0.0,13,False,True,16,0.096,-1,11.9,False
SIN-0049,POL-0049,ASEG-0041,Vehículos,SDO-1847,Responsabilidad Civil,2025-02-12,2025-02-12,0,5348,4387,0,Pago Parcial,Ambato,TALLER-017,Accidente en vía rápida con daño a tercero.,True,False,39,326,0,20000,0.33,,2025-01-04,2026-01-04,578,Broker,Expirada,García Morales Luis Eduardo,Natural,Cuenca,5,1,3,3,2,Medio,Mecánica Manabí,Automotriz,Ibarra,19,False,No,,2,0,0,0,0,1,0,0,0,0,0,0,0,0,0.2674,,False,False,False,False,False,False,False,False,False,,False,False,False,False,False,False,False,False,False,False,False,0,,False,False,False,False,0.0,13,False,True,16,0.096,-1,28.7,False
SIN-0050,POL-0050,ASEG-0070,Vehículos,TNB-0192,Robo,2025-01-02,2025-01-04,2,1172,1138,1083,Liquidado,Esmeraldas,TALLER-007,Robo de joyas y equipos electrónicos.,True,False,309,56,0,20000,0.22,,2024-02-28,2025-02-27,480,Digital,Expirada,Pérez Vásquez Ana Lucía,Natural,Esmeraldas,5,1,7,7,1,Alto,Multiservicios Automotrices EC,Automotriz,Ambato,17,False,No,,2,0,0,0,0,1,0,0,1,0,0,0,0,0,0.0586,,False,False,False,False,False,False,False,False,False,,False,False,False,False,False,False,False,False,False,False,False,0,,False,False,False,False,0.0,24,False,True,12,0.1055,-1,25.7,False
SIN-0051,POL-0051,ASEG-0196,Vehículos,ESM-1234,Responsabilidad Civil,2024-08-23,2024-08-25,2,4250,4285,0,Pago Parcial,Ambato,TALLER-003,"Impacto posterior en intersección, tercero no identificado.",True,False,68,297,0,10000,0.31,,2024-06-16,2025-06-16,181,Bancaseguros,Expirada,Torres Espinoza Carlos Andrés,Natural,Ibarra,6,2,0,1,1,Bajo,Mecánica Imbabura S.A.,Automotriz,Manta,26,False,No,,2,0,0,0,0,0,0,0,0,0,0,0,0,1,0.425,,False,False,False,False,False,False,False,False,False,,False,False,False,False,False,False,False,False,False,False,False,0,,False,False,False,False,0.0,12,False,True,22,0.208,-1,26.8,False
SIN-0052,POL-0052,ASEG-0005,Vehículos,IBR-7291,Pérdida Total,2025-03-09,2025-03-10,1,1456,1400,1366,Pago Total,Guayaquil,TALLER-015,Daños irreparables por colisión frontal.,True,False,273,92,0,30000,0.08,,2024-06-09,2025-06-09,720,Bancaseguros,Expirada,Rodríguez Cárdenas María José,Natural,Guayaquil,1,1,2,2,1,Medio,Automotriz Sur Azuay,Automotriz,Manta,18,False,No,,3,0,1,0,0,1,0,0,1,0,0,0,0,0,0.0485,,False,False,False,False,False,False,False,False,False,,False,False,False,False,False,False,False,False,False,False,False,0,,False,False,False,False,0.0,22,False,True,20,0.1095,-1,15.0,False
SIN-0053,POL-0053,ASEG-0063,Salud,,Urgencias,2024-08-01,2024-08-05,4,52343,40397,0,Negativa,Portoviejo,PROV-019,Siniestro reportado con documentación.,False,True,8,357,0,60000,0.52,,2024-07-24,2025-07-24,1146,Agente,Expirada,López Guerrero Juan Pablo,Natural,Ibarra,0,3,1,7,2,Alto,Reparaciones Norte Ecuador,Servicios,Esmeraldas,10,False,No,,3,0,0,1,0,0,1,0,0,0,0,1,0,0,0.8724,,True,False,False,False,False,False,False,False,False,,False,False,False,False,False,False,False,False,False,False,False,0,,False,False,False,False,0.0,70,False,True,9,0.0,-1,66.4,False
SIN-0054,POL-0054,ASEG-0066,Vehículos,PDO-1029,Robo,2024-11-18,2024-11-19,1,5367,5071,0,Investigación,Cuenca,TALLER-013,Robo con violencia en domicilio.,True,False,14,351,0,12000,0.24,,2024-11-04,2025-11-04,344,Bancaseguros,Expirada,Martínez Alvarado Rosa Elena,Natural,Riobamba,8,1,0,2,1,Medio,Taller Chimborazo Express,Automotriz,Loja,25,False,No,,2,0,0,0,0,0,0,0,1,0,0,0,0,1,0.4472,,True,False,False,False,False,False,False,False,False,,False,False,False,False,False,False,False,False,False,False,False,0,,False,False,False,False,0.0,30,False,True,4,0.1055,-1,29.7,False
SIN-0055,POL-0055,ASEG-0039,Vehículos,TNB-0192,Pérdida Total,2024-11-20,2024-11-20,0,10204,8308,0,Pago Parcial,Guayaquil,TALLER-003,Vehículo destruido en accidente de tránsito.,True,False,84,281,1,25000,0.62,,2024-08-28,2025-08-28,671,Agente,Expirada,Silva Intriago Katherine Noemi,Natural,Ambato,7,1,3,8,2,Alto,Mecánica Imbabura S.A.,Automotriz,Manta,26,False,No,,2,0,0,0,0,1,0,0,1,0,0,0,0,0,0.4082,,False,False,False,False,False,False,False,False,False,,False,False,False,False,False,False,False,False,False,False,False,0,,False,False,False,False,0.0,10,False,True,5,0.109,-1,47.7,False
SIN-0056,POL-0056,ASEG-0119,Vehículos,GYE-7384,Robo de Accesorios,2025-02-18,2025-02-28,10,5881,3735,0,Negativa,Esmeraldas,TALLER-003,Hospitalización por cuadro febril agudo.,False,False,36,329,0,8000,0.89,,2025-01-13,2026-01-13,194,Digital,Expirada,Sánchez Herrera Diego Alejandro,Natural,Manta,6,1,0,1,1,Bajo,Mecánica Imbabura S.A.,Automotriz,Manta,26,False,No,,3,0,1,0,0,0,0,0,0,0,0,0,0,1,0.7351,,False,False,True,True,True,False,False,False,False,,False,False,False,False,False,False,False,False,False,False,False,0,,False,False,False,False,0.0,9,False,False,14,0.14,-1,66.2,False
SIN-0057,POL-0057,ASEG-0113,Vehículos,ESM-1234,Robo de Accesorios,2024-11-23,2024-11-23,0,6184,4127,0,Negativa,Esmeraldas,TALLER-888,Daños irreparables por colisión frontal.,False,True,15,350,1,12000,0.85,,2024-11-08,2025-11-08,277,Agente,Expirada,Mora Loza Adriana Marcela,Natural,Guayaquil,1,1,5,5,0,Alto,Taller Anónimo Manta — Documentos alterados,Automotriz,Ambato,10,True,Sí,,2,0,1,0,0,0,0,0,0,0,0,0,0,1,0.5153,,True,False,False,True,True,False,False,False,False,,False,False,False,False,False,False,False,False,False,False,False,0,,False,False,False,False,0.0,22,False,True,20,0.1095,-1,68.9,True
SIN-0058,POL-0058,ASEG-0021,Vehículos,CHB-9918,Robo de Accesorios,2024-07-28,2024-07-29,1,8554,7545,0,Reserva,Cuenca,TALLER-003,Robo de airbags y pantalla en parqueadero.,False,False,30,335,0,18000,0.27,,2024-06-28,2025-06-28,568,Digital,Expirada,Ramírez Peñafiel Carmen Susana,Natural,Manta,6,1,3,3,2,Medio,Mecánica Imbabura S.A.,Automotriz,Manta,26,False,No,,2,0,0,0,0,1,0,0,0,0,0,0,0,0,0.4752,,True,False,False,False,False,False,False,False,False,,False,False,False,False,False,False,False,False,False,False,False,0,,False,False,False,False,0.0,18,False,True,2,0.1055,-1,26.6,False
SIN-0059,POL-0059,ASEG-0131,Vehículos,TNB-7291,Responsabilidad Civil,2025-05-08,2025-05-08,0,1735,1613,1582,Liquidado,Quito,TALLER-002,Raspón lateral a vehículo estacionado.,True,False,308,57,0,18000,0.11,,2024-07-04,2025-07-04,369,Digital,Expirada,Flores Castillo Roberto Antonio,Natural,Ibarra,5,2,3,3,0,Medio,Automotriz Centro Sur,Automotriz,Cuenca,23,False,No,,3,0,0,0,0,1,0,0,1,0,0,0,0,0,0.0964,,False,False,False,False,False,False,False,False,False,,False,False,False,False,False,False,False,False,False,False,False,0,,False,False,False,False,0.0,12,False,True,18,0.1083,-1,12.8,False
SIN-0060,POL-0060,ASEG-0153,Hogar,,Daño Estructural,2024-04-07,2024-04-08,1,7550,7398,0,Pago Parcial,Cuenca,PROV-018,Siniestro reportado con documentación.,True,False,14,351,0,20000,0.11,,2024-03-24,2025-03-24,593,Digital,Expirada,Jiménez Vargas Patricia Elena,Natural,Esmeraldas,5,1,3,4,0,Alto,Hogar Seguro S.A.,Servicios,Ambato,17,False,No,,3,0,1,0,0,1,0,0,0,0,1,0,0,0,0.3775,,True,False,False,False,False,False,False,False,False,,False,False,False,False,False,False,False,False,False,False,False,0,,False,False,False,False,0.0,70,False,True,9,0.0,-1,37.7,False
SIN-0061,POL-0061,ASEG-0137,Vehículos,IBR-1029,Robo,2024-09-22,2024-09-23,1,10206,5526,0,Negativa,Ambato,TALLER-777,Sustracción de bienes durante ausencia del hogar.,False,True,25,340,0,15000,0.92,,2024-08-28,2025-08-28,347,Digital,Expirada,Morales Freire Byron Rodrigo,Natural,Ibarra,4,2,1,1,1,Bajo,Mecánica Sin Nombre — Facturación irregular,Automotriz,Ambato,10,True,Sí,,3,0,1,0,0,1,0,0,0,0,0,0,0,0,0.6804,,True,False,False,True,True,False,False,False,False,,False,False,False,False,False,False,False,False,False,False,False,0,,False,False,False,False,0.0,36,False,True,13,0.1176,-1,79.8,True
SIN-0062,POL-0062,ASEG-0073,Hogar,,Robo,2025-02-26,2025-02-26,0,3931,3847,3546,Liquidado,Cuenca,PROV-020,Sustracción de bienes durante ausencia del hogar.,True,False,283,82,0,30000,0.29,,2024-05-19,2025-05-19,920,Bancaseguros,Expirada,Ruiz Andrade Patricia Elena,Natural,Quito,6,1,3,7,0,Alto,Servicios Generales GYE,Servicios,Esmeraldas,17,False,No,,2,0,0,0,0,1,0,1,0,0,0,0,0,0,0.131,,False,False,False,False,False,False,False,False,False,,False,False,False,False,False,False,False,False,False,False,False,0,,False,False,False,False,0.0,36,False,True,13,0.1176,-1,35.7,False
SIN-0063,POL-0063,ASEG-0061,Vehículos,LOJ-5523,Pérdida Total,2024-07-30,2024-08-04,5,14241,10362,0,Negativa,Guayaquil,TALLER-888,Daños irreparables por colisión frontal.,False,True,20,345,2,15000,0.48,,2024-07-10,2025-07-10,276,Broker,Expirada,Freire Castillo Marco Antonio,Natural,Loja,7,1,1,9,2,Alto,Taller Anónimo Manta — Documentos alterados,Automotriz,Ambato,10,True,Sí,,3,0,1,0,0,1,0,0,0,0,0,0,0,1,0.9494,,True,False,False,False,False,False,False,False,False,,False,False,False,False,False,False,False,False,False,False,False,0,,False,False,False,False,0.0,22,False,True,20,0.1095,-1,43.0,False
SIN-0064,POL-0064,ASEG-0039,Vehículos,PDO-1029,Robo de Accesorios,2025-04-29,2025-04-29,0,4666,4774,4462,Liquidado,Portoviejo,TALLER-020,Robo de airbags y pantalla en parqueadero.,True,False,214,151,2,22000,0.06,,2024-09-27,2025-09-27,430,Digital,Expirada,Silva Intriago Katherine Noemi,Natural,Ambato,7,1,3,8,2,Alto,Taller Quito Sur Cía.,Automotriz,Guayaquil,24,False,No,,3,0,0,0,0,1,0,0,1,0,0,0,0,1,0.2121,,False,False,False,False,False,False,False,False,False,,False,False,False,False,False,False,False,False,False,False,False,0,,False,False,False,False,0.0,18,False,True,2,0.1055,-1,11.9,False
SIN-0065,POL-0065,ASEG-0162,Vehículos,PIC-9182,Robo de Accesorios,2024-12-29,2024-12-29,0,1401,1410,1329,Pago Total,Portoviejo,TALLER-003,Robo de airbags y pantalla en parqueadero.,True,False,240,125,0,12000,0.19,,2024-05-03,2025-05-03,265,Agente,Expirada,Castro Villafuerte Sandra Cristina,Natural,Portoviejo,5,3,0,4,0,Alto,Mecánica Imbabura S.A.,Automotriz,Manta,26,False,No,,2,0,1,0,0,0,0,0,0,0,0,0,0,0,0.1168,,False,False,False,False,False,False,False,False,False,,False,False,False,False,False,False,False,False,False,False,False,0,,False,False,False,False,0.0,18,False,True,2,0.1055,-1,21.0,False
SIN-0066,POL-0066,ASEG-0100,Vehículos,PIC-7291,Pérdida Total,2025-01-28,2025-01-29,1,3990,4050,3869,Pago Total,Quito,TALLER-005,Daños irreparables por colisión frontal.,True,False,68,297,2,22000,0.25,,2024-11-21,2025-11-21,698,Broker,Expirada,Sánchez Herrera Diego Alejandro,Natural,Cuenca,6,3,2,5,1,Alto,Taller Portuario Guayaquil,Automotriz,Portoviejo,21,False,No,,2,0,1,0,0,0,0,0,0,0,0,0,0,0,0.1814,,False,False,False,False,False,False,False,False,False,,False,False,False,False,False,False,False,False,False,False,False,0,,False,False,False,False,0.0,22,False,True,20,0.1095,-1,26.9,False
SIN-0067,POL-0067,ASEG-0165,Vehículos,LOJ-5523,Robo,2025-01-05,2025-01-06,1,10383,5812,0,Investigación,Riobamba,TALLER-013,Robo con violencia en domicilio.,False,False,14,351,0,25000,0.58,,2024-12-22,2025-12-22,671,Agente,Expirada,Ortega Suárez Héctor Guillermo,Natural,Ibarra,2,3,1,1,1,Bajo,Taller Chimborazo Express,Automotriz,Loja,25,False,No,,3,0,1,0,0,0,0,0,0,0,0,0,0,1,0.4153,,True,False,False,False,False,False,False,False,False,,False,False,False,False,False,False,False,False,False,False,False,0,,False,False,False,False,0.0,30,False,True,4,0.1055,-1,53.5,False
SIN-0068,POL-0068,ASEG-0065,Vehículos,PDO-1029,Choque,2025-01-10,2025-01-11,1,3817,3953,3831,Pago Total,Manta,TALLER-013,"Golpe trasero en cola de tráfico, testigos presentes.",True,False,229,136,0,20000,0.08,,2024-05-26,2025-05-26,601,Agente,Expirada,Núñez Andrade Verónica Paola,Natural,Portoviejo,6,1,1,4,2,Alto,Taller Chimborazo Express,Automotriz,Loja,25,False,No,,2,0,0,0,0,0,0,0,1,0,0,0,0,0,0.1908,,False,False,False,False,False,False,False,False,False,,False,False,False,False,False,False,False,False,False,False,False,0,,False,False,False,False,0.0,19,False,True,0,0.0752,-1,13.7,False
SIN-0069,POL-0069,ASEG-0095,Hogar,,Rotura de Cristales,2024-07-13,2024-07-15,2,3282,3159,2891,Pago Total,Ambato,PROV-020,Siniestro reportado con documentación.,True,False,152,213,0,40000,0.12,,2024-02-12,2025-02-11,958,Agente,Expirada,Herrera Salinas Jorge Enrique,Natural,Ibarra,0,3,5,6,1,Alto,Servicios Generales GYE,Servicios,Esmeraldas,17,False,No,,2,0,1,0,0,0,0,1,0,0,0,0,0,0,0.082,,False,False,False,False,False,False,False,False,False,,False,False,False,False,False,False,False,False,False,False,False,0,,False,False,False,False,0.0,70,False,True,9,0.0,-1,38.4,False
SIN-0070,POL-0070,ASEG-0115,Salud,,Hospitalización,2024-12-20,2025-01-03,14,41859,30989,0,Reserva,Loja,PROV-016,Hospitalización de emergencia por apendicitis.,False,False,40,325,0,50000,0.59,,2024-11-10,2025-11-10,1092,Digital,Expirada,Vega Montoya Fanny Lorena,Natural,Cuenca,6,3,1,3,2,Medio,Técnicos del Hogar Cía.,Servicios,Cuenca,16,False,No,,2,0,0,0,0,0,0,0,0,1,0,1,0,0,0.8372,,False,False,True,False,False,False,False,False,False,,False,False,False,False,False,False,False,False,False,False,False,0,,False,False,False,False,0.0,4,False,False,10,0.14,-1,43.0,True
SIN-0071,POL-0071,ASEG-0009,Vehículos,LOJ-2847,Robo,2024-06-03,2024-06-16,13,10604,7729,0,Reserva,Guayaquil,TALLER-777,Robo con violencia en domicilio.,False,True,34,331,0,20000,0.46,,2024-04-30,2025-04-30,461,Broker,Expirada,Mendoza Ríos Marco Vinicio,Natural,Ibarra,8,1,3,5,1,Alto,Mecánica Sin Nombre — Facturación irregular,Automotriz,Ambato,10,True,Sí,,3,0,0,0,0,1,0,0,0,0,0,0,0,1,0.5302,,False,False,True,False,False,False,False,False,False,,False,False,False,False,False,False,False,False,False,False,False,0,,False,False,False,False,0.0,30,False,True,4,0.1055,-1,45.1,False
SIN-0072,POL-0072,ASEG-0064,Salud,,Hospitalización,2025-05-11,2025-05-12,1,9859,9345,8909,Pago Total,Quito,HOSP-002,Hospitalización por cuadro febril agudo.,True,False,120,245,0,30000,0.24,,2025-01-11,2026-01-11,750,Digital,Expirada,Silva Intriago Katherine Noemi,Natural,Guayaquil,2,3,3,7,0,Alto,Hospital Metropolitano Quito,Salud,Quito,3,False,No,,2,0,0,0,0,0,1,0,0,1,0,0,0,0,0.3286,,False,False,False,False,False,False,False,False,False,,False,False,False,False,False,False,False,False,False,False,False,0,,False,False,False,False,0.0,9,False,False,14,0.14,-1,20.7,True
SIN-0073,POL-0073,ASEG-0116,Vehículos,RIO-2918,Robo,2024-03-27,2024-03-28,1,5849,4973,0,Reserva,Riobamba,TALLER-008,Sustracción de bienes durante ausencia del hogar.,True,False,42,323,1,20000,0.67,,2024-02-14,2025-02-13,547,Bancaseguros,Expirada,Cordero Alvarado Beatriz Elena,Natural,Portoviejo,8,1,3,5,2,Alto,Reparaciones Viales Cía.,Automotriz,Manta,21,False,No,,3,0,1,0,0,0,0,0,1,0,0,0,0,0,0.2924,,False,False,False,False,False,False,False,False,False,,False,False,False,False,False,False,False,False,False,False,False,0,,False,False,False,False,0.0,36,False,True,13,0.1176,-1,62.3,False
SIN-0074,POL-0074,ASEG-0093,Vehículos,RIO-2918,Robo de Accesorios,2024-09-04,2024-09-05,1,12540,11680,0,Pago Parcial,Portoviejo,TALLER-003,Robo de accesorios en zona residencial.,True,False,59,306,0,25000,0.4,,2024-07-07,2025-07-07,731,Digital,Expirada,Ramos Loor Freddy Oswaldo,Natural,Ambato,6,3,5,6,2,Alto,Mecánica Imbabura S.A.,Automotriz,Manta,26,False,No,,3,0,1,0,0,1,0,0,1,0,0,0,0,0,0.5016,,False,False,False,False,False,False,False,False,False,,False,False,False,False,False,False,False,False,False,False,False,0,,False,False,False,False,0.0,16,False,True,7,0.1055,-1,34.9,False
SIN-0075,POL-0075,ASEG-0116,Hogar,,Daño Estructural,2024-09-08,2024-09-10,2,5387,4476,0,Reserva,Esmeraldas,PROV-018,Siniestro reportado con documentación.,True,False,75,290,2,20000,0.37,,2024-06-25,2025-06-25,606,Agente,Expirada,Cordero Alvarado Beatriz Elena,Natural,Portoviejo,8,1,3,5,2,Alto,Hogar Seguro S.A.,Servicios,Ambato,17,False,No,,3,0,1,0,0,1,0,0,0,0,1,0,0,0,0.2694,,False,False,False,False,False,False,False,False,False,,False,False,False,False,False,False,False,False,False,False,False,0,,False,False,False,False,0.0,70,False,True,9,0.0,-1,55.9,False
SIN-0076,POL-0076,ASEG-0182,Hogar,,Incendio,2025-04-10,2025-04-10,0,7297,6801,6508,Liquidado,Loja,PROV-016,Incendio estructural por fuga de gas.,True,False,200,165,0,25000,0.21,,2024-09-22,2025-09-22,746,Bancaseguros,Expirada,Aguirre Bermeo Liliana Alexandra,Natural,Manta,2,2,6,6,2,Alto,Técnicos del Hogar Cía.,Servicios,Cuenca,16,False,No,,3,0,0,0,0,1,0,1,0,0,1,0,0,0,0.2919,,False,False,False,False,False,False,False,False,False,,False,False,False,False,False,False,False,False,False,False,False,0,,False,False,False,False,0.0,4,False,False,23,0.108,-1,16.4,True
SIN-0077,POL-0077,ASEG-0145,Vehículos,IBR-3847,Choque,2024-02-25,2024-02-27,2,3789,3502,0,Investigación,Quito,TALLER-012,"Accidente múltiple de madrugada, daños en carrocería.",True,False,14,351,0,8000,0.22,,2024-02-11,2025-02-10,250,Broker,Expirada,Carrillo Cabrera Patricio German,Natural,Quito,0,2,0,3,0,Medio,Serviautos Litoral,Automotriz,Riobamba,23,False,No,,3,0,1,0,0,0,0,0,0,0,0,0,0,1,0.4736,,True,False,False,False,False,False,False,False,False,,False,False,False,False,False,False,False,False,False,False,False,0,,False,False,False,False,0.0,20,False,True,15,0.0942,-1,24.0,False
SIN-0078,POL-0078,ASEG-0063,Vehículos,ESM-4847,Cristales,2025-03-13,2025-03-14,1,3091,3087,2832,Pago Total,Ibarra,TALLER-015,Rotura de parabrisas por impacto de piedra.,True,False,285,80,1,25000,0.17,,2024-06-01,2025-06-01,476,Digital,Expirada,López Guerrero Juan Pablo,Natural,Ibarra,0,3,1,7,2,Alto,Automotriz Sur Azuay,Automotriz,Manta,18,False,No,,3,0,0,0,0,1,0,0,0,0,0,0,0,1,0.1236,,False,False,False,False,False,False,False,False,False,,False,False,False,False,False,False,False,False,False,False,False,0,,False,False,False,False,0.0,27,False,True,19,0.1435,-1,23.5,False
SIN-0079,POL-0079,ASEG-0132,Vehículos,ESM-4847,Robo de Accesorios,2024-12-15,2024-12-15,0,2384,2312,2205,Liquidado,Guayaquil,TALLER-006,Robo de airbags y pantalla en parqueadero.,True,False,186,179,0,15000,0.07,,2024-06-12,2025-06-12,368,Bancaseguros,Expirada,Gutiérrez Moreta Diana Fernanda,Natural,Portoviejo,8,1,0,1,0,Bajo,Auto Service Quito Norte,Automotriz,Guayaquil,15,False,No,,3,0,0,0,0,1,0,0,0,0,0,0,0,1,0.1589,,False,False,False,False,False,False,False,False,False,,False,False,False,False,False,False,False,False,False,False,False,0,,False,False,False,False,0.0,18,False,True,2,0.1055,-1,12.6,False
SIN-0080,POL-0080,ASEG-0049,Vehículos,PIC-3847,Robo,2024-11-30,2024-11-30,0,6180,6462,5853,Pago Total,Riobamba,TALLER-002,Sustracción de bienes durante ausencia del hogar.,True,False,71,294,0,25000,0.29,,2024-09-20,2025-09-20,625,Digital,Expirada,Vargas Andrade William Alexis,Natural,Loja,2,2,3,3,0,Medio,Automotriz Centro Sur,Automotriz,Cuenca,23,False,No,,2,0,0,0,0,1,0,0,1,0,0,0,0,0,0.2472,,False,False,False,False,False,False,False,False,False,,False,False,False,False,False,False,False,False,False,False,False,0,,False,False,False,False,0.0,36,False,True,13,0.1176,-1,35.7,False
SIN-0081,POL-0081,ASEG-0153,Vehículos,TNB-4918,Cristales,2024-10-01,2024-10-02,1,9889,9568,8879,Liquidado,Riobamba,TALLER-015,Vidrio lateral roto por vandalismo.,True,False,128,237,1,28000,0.23,,2024-05-26,2025-05-26,507,Digital,Expirada,Jiménez Vargas Patricia Elena,Natural,Esmeraldas,5,1,3,4,0,Alto,Automotriz Sur Azuay,Automotriz,Manta,18,False,No,,2,0,1,0,0,0,0,0,1,0,0,0,0,0,0.3532,,False,False,False,False,False,False,False,False,False,,False,False,False,False,False,False,False,False,False,False,False,0,,False,False,False,False,0.0,18,False,True,21,0.1048,-1,23.8,False
SIN-0082,POL-0082,ASEG-0099,Vehículos,MNT-5834,Robo de Accesorios,2025-02-12,2025-02-14,2,18989,11426,0,Negativa,Riobamba,TALLER-777,Robo de airbags y pantalla en parqueadero.,False,True,17,348,0,28000,0.36,,2025-01-26,2026-01-26,614,Digital,Expirada,Mora Loza Adriana Marcela,Natural,Manta,3,2,1,6,0,Alto,Mecánica Sin Nombre — Facturación irregular,Automotriz,Ambato,10,True,Sí,,3,0,1,0,0,1,0,0,0,0,0,0,0,0,0.6782,,True,False,False,False,False,False,False,False,False,,False,False,False,False,False,False,False,False,False,False,False,0,,False,False,False,False,0.0,18,False,True,2,0.1055,-1,32.9,False
SIN-0083,POL-0083,ASEG-0012,Salud,,Hospitalización,2025-05-16,2025-05-18,2,3892,4051,3719,Pago Total,Cuenca,HOSP-005,Internación por accidente doméstico.,True,False,136,229,0,40000,0.27,,2024-12-31,2025-12-31,1170,Agente,Expirada,Naranjo Velasco Edwin Patricio,Natural,Quito,6,2,8,8,0,Alto,Centro Médico del Sur,Salud,Quito,8,False,No,,2,0,0,1,0,0,1,0,0,0,0,0,0,0,0.0973,,False,False,False,False,False,False,False,False,False,,False,False,False,False,False,False,False,False,False,False,False,0,,False,False,False,False,0.0,2,True,False,24,0.109,-1,19.8,True
SIN-0084,POL-0084,ASEG-0130,Vehículos,SDO-5523,Robo de Accesorios,2024-09-21,2024-10-09,18,12279,7887,0,Reserva,Esmeraldas,TALLER-008,Sustracción de rines y estéreo durante la noche.,False,False,14,351,1,30000,0.52,,2024-09-07,2025-09-07,666,Agente,Expirada,Espinoza Rueda Cinthya Dayana,Natural,Ambato,3,3,1,2,2,Medio,Reparaciones Viales Cía.,Automotriz,Manta,21,False,No,,3,0,0,0,0,1,0,0,1,0,0,0,0,1,0.4093,,True,False,True,False,False,False,False,False,False,,False,False,False,False,False,False,False,False,False,False,False,0,,False,False,False,False,0.0,14,False,True,25,0.1176,-1,42.4,False
SIN-0085,POL-0085,ASEG-0038,Hogar,,Incendio,2025-05-28,2025-05-29,1,12924,12579,12239,Pago Total,Quito,PROV-014,Incendio en cocina con informe de bomberos.,True,False,220,145,0,40000,0.09,,2024-10-20,2025-10-20,782,Agente,Expirada,Espinoza Rueda Cinthya Dayana,Natural,Quito,2,3,2,5,0,Alto,Servicios Hogar Ecuador,Servicios,Quito,10,False,No,,2,0,1,0,0,1,0,0,0,0,0,0,0,0,0.3231,,False,False,False,False,False,False,False,False,False,,False,False,False,False,False,False,False,False,False,False,False,0,,False,False,False,False,0.0,7,False,False,8,0.1021,-1,9.3,True
SIN-0086,POL-0086,ASEG-0144,Hogar,,Daño por Agua,2025-05-19,2025-05-21,2,10695,10841,10376,Pago Total,Riobamba,PROV-021,Fuga de tubería con daños en piso y paredes.,True,False,235,130,0,30000,0.14,,2024-09-26,2025-09-26,672,Broker,Expirada,Brito Ordóñez Henry Omar,Natural,Guayaquil,7,3,0,1,0,Bajo,Reparaciones Tungurahua,Servicios,Cuenca,17,False,No,,3,0,1,0,0,0,0,1,0,0,1,0,0,0,0.3565,,False,False,False,False,False,False,False,False,False,,False,False,False,False,False,False,False,False,False,False,False,0,,False,False,False,False,0.0,5,False,False,26,0.108,-1,11.9,True
SIN-0087,POL-0087,ASEG-0143,Vehículos,TNB-7291,Responsabilidad Civil,2024-08-04,2024-08-11,7,9511,8259,0,Reserva,Manta,TALLER-016,Accidente en vía rápida con daño a tercero.,True,False,64,301,1,18000,0.77,,2024-06-01,2025-06-01,502,Digital,Expirada,Núñez Andrade Verónica Paola,Natural,Riobamba,5,2,5,5,0,Alto,Servicio Técnico Loja,Automotriz,Ibarra,20,False,No,,2,0,1,0,0,0,0,0,1,0,0,0,0,0,0.5284,,False,False,False,True,False,False,False,False,False,,False,False,False,False,False,False,False,False,False,False,False,0,,False,False,False,False,0.0,13,False,True,16,0.096,-1,59.5,False
SIN-0088,POL-0088,ASEG-0198,Vehículos,TNB-0192,Robo,2024-11-03,2024-11-05,2,4255,4026,3803,Pago Total,Ambato,TALLER-005,Robo con violencia en domicilio.,True,False,286,79,0,18000,0.11,,2024-01-22,2025-01-21,565,Digital,Expirada,Pacheco Vélez Gloria Susana,Natural,Cuenca,4,2,0,4,0,Alto,Taller Portuario Guayaquil,Automotriz,Portoviejo,21,False,No,,3,0,0,0,0,1,0,0,1,0,0,0,0,1,0.2364,,False,False,False,False,False,False,False,False,False,,False,False,False,False,False,False,False,False,False,False,False,0,,False,False,False,False,0.0,30,False,True,4,0.1055,-1,20.6,False
SIN-0089,POL-0089,ASEG-0063,Hogar,,Robo,2024-12-10,2024-12-12,2,12771,11977,11926,Liquidado,Esmeraldas,PROV-020,Sustracción de bienes durante ausencia del hogar.,True,False,229,136,2,40000,0.17,,2024-04-25,2025-04-25,850,Digital,Expirada,López Guerrero Juan Pablo,Natural,Ibarra,0,3,1,7,2,Alto,Servicios Generales GYE,Servicios,Esmeraldas,17,False,No,,3,0,1,0,0,0,0,1,0,0,1,0,0,0,0.3193,,False,False,False,False,False,False,False,False,False,,False,False,False,False,False,False,False,False,False,False,False,0,,False,False,False,False,0.0,36,False,True,13,0.1176,-1,27.3,False
SIN-0090,POL-0090,ASEG-0167,Vehículos,TNB-0192,Robo,2024-07-26,2024-07-31,5,12557,6419,0,Investigación,Ambato,TALLER-017,Robo con violencia en domicilio.,False,False,43,322,0,18000,0.96,,2024-06-13,2025-06-13,487,Digital,Expirada,Delgado Cevallos Iván Rodrigo,Natural,Manta,7,2,0,2,0,Medio,Mecánica Manabí,Automotriz,Ibarra,19,False,No,,3,0,1,0,0,0,0,0,1,0,0,0,0,1,0.6976,,False,False,False,True,True,False,False,False,False,,False,False,False,False,False,False,False,False,False,False,False,0,,False,False,False,False,0.0,30,False,True,4,0.1055,-1,80.1,True
SIN-0091,POL-0091,ASEG-0048,Vehículos,IBR-4918,Cristales,2024-04-18,2024-04-25,7,4627,4686,0,Pago Parcial,Ambato,TALLER-011,Rotura de parabrisas por impacto de piedra.,True,False,89,276,0,8000,0.67,,2024-01-20,2025-01-19,177,Broker,Expirada,Cabrera Yépez Marcelo Javier,Natural,Ibarra,7,1,1,2,0,Medio,Mecánica Tungurahua,Automotriz,Quito,16,False,No,,3,0,1,0,0,0,0,0,1,0,0,0,0,1,0.5784,,False,False,False,False,False,False,False,False,False,,False,False,False,False,False,False,False,False,False,False,False,0,,False,False,False,False,0.0,27,False,True,19,0.1435,-1,58.5,False
SIN-0092,POL-0092,ASEG-0042,Vehículos,PIC-9182,Cristales,2025-07-17,2025-07-18,1,6308,5947,5844,Pago Total,Riobamba,TALLER-017,Vidrio lateral roto por vandalismo.,True,False,232,133,0,18000,0.19,,2024-11-27,2025-11-27,505,Digital,Expirada,Salcedo Ponce Margoth Elizabeth,Natural,Ibarra,1,1,0,5,1,Alto,Mecánica Manabí,Automotriz,Ibarra,19,False,No,,2,0,0,0,0,1,0,0,1,0,0,0,0,0,0.3504,,False,False,False,False,False,False,False,False,False,,False,False,False,False,False,False,False,False,False,False,False,0,,False,False,False,False,0.0,18,False,True,21,0.1048,-1,21.0,False
SIN-0093,POL-0093,ASEG-0103,Vehículos,AZY-8812,Cristales,2024-05-01,2024-05-04,3,7965,6262,0,Negativa,Guayaquil,TALLER-001,Rotura de parabrisas por impacto de piedra.,False,False,27,338,1,12000,0.85,,2024-04-04,2025-04-04,296,Broker,Expirada,López Guerrero Juan Pablo,Natural,Riobamba,1,1,1,2,0,Medio,Taller El Norte Cía. Ltda.,Automotriz,Ambato,11,False,No,,3,0,0,0,0,1,0,0,1,0,0,0,0,1,0.6637,,True,False,False,True,True,False,False,False,False,,False,False,False,False,False,False,False,False,False,False,False,0,,False,False,False,False,0.0,27,False,True,19,0.1435,-1,71.1,True
SIN-0094,POL-0094,ASEG-0171,Vehículos,SDO-5523,Choque,2025-01-11,2025-01-13,2,4987,4779,4557,Liquidado,Riobamba,TALLER-005,Impacto lateral en intersección con semáforo.,True,False,219,146,1,12000,0.08,,2024-06-06,2025-06-06,284,Bancaseguros,Expirada,Pérez Vásquez Ana Lucía,Natural,Riobamba,8,1,0,2,1,Medio,Taller Portuario Guayaquil,Automotriz,Portoviejo,21,False,No,,2,0,0,0,0,1,0,0,0,0,0,0,0,1,0.4156,,False,False,False,False,False,False,False,False,False,,False,False,False,False,False,False,False,False,False,False,False,0,,False,False,False,False,0.0,13,False,True,3,0.208,-1,11.2,False
SIN-0095,POL-0095,ASEG-0192,Vehículos,TNB-4918,Robo de Accesorios,2024-08-30,2024-09-01,2,13896,11388,0,Investigación,Loja,TALLER-004,Robo de airbags y pantalla en parqueadero.,True,False,30,335,0,28000,0.23,,2024-07-31,2025-07-31,862,Agente,Expirada,Palacios Andrade Cristóbal Sebastián,Natural,Cuenca,7,1,1,2,1,Medio,Servicio Express Loja,Automotriz,Ibarra,24,False,No,,3,0,1,0,0,0,0,0,1,0,0,0,0,0,0.4963,,True,False,False,False,False,False,False,False,False,,False,False,False,False,False,False,False,False,False,False,False,0,,False,False,False,False,0.0,18,False,True,2,0.1055,-1,23.8,False
SIN-0096,POL-0096,ASEG-0147,Vehículos,IBR-3847,Robo de Accesorios,2024-09-06,2024-09-08,2,1545,1523,1488,Pago Total,Cuenca,TALLER-005,Robo de accesorios en zona residencial.,True,False,165,200,1,20000,0.2,,2024-03-25,2025-03-25,599,Agente,Expirada,Brito Ordóñez Henry Omar,Natural,Loja,1,2,1,4,0,Alto,Taller Portuario Guayaquil,Automotriz,Portoviejo,21,False,No,,2,0,0,0,0,1,0,0,1,0,0,0,0,0,0.0772,,False,False,False,False,False,False,False,False,False,,False,False,False,False,False,False,False,False,False,False,False,0,,False,False,False,False,0.0,16,False,True,7,0.1055,-1,20.9,False
SIN-0097,POL-0097,ASEG-0145,Vehículos,TNB-3847,Choque,2024-10-24,2024-10-26,2,1258,1226,1181,Liquidado,Esmeraldas,TALLER-003,Colisión en tráfico urbano con parte policial y fotografías.,True,False,61,304,1,18000,0.1,,2024-08-24,2025-08-24,506,Broker,Expirada,Carrillo Cabrera Patricio German,Natural,Quito,0,2,0,3,0,Medio,Mecánica Imbabura S.A.,Automotriz,Manta,26,False,No,,2,0,0,0,0,0,0,0,0,0,0,0,0,1,0.0699,,False,False,False,False,False,False,False,False,False,,False,False,False,False,False,False,False,False,False,False,False,0,,False,False,False,False,0.0,17,False,True,27,0.0852,-1,14.3,False
SIN-0098,POL-0098,ASEG-0105,Hogar,,Incendio,2025-04-14,2025-04-20,6,19558,18882,0,Investigación,Cuenca,PROV-016,Cortocircuito que causó incendio parcial.,True,False,77,288,0,40000,0.64,,2025-01-27,2026-01-27,1268,Agente,Expirada,Montoya Llorente Daniela Fernanda,Natural,Portoviejo,2,3,1,1,0,Bajo,Técnicos del Hogar Cía.,Servicios,Cuenca,16,False,No,,2,0,0,0,0,1,0,0,0,0,1,0,0,0,0.489,,False,False,False,False,False,False,False,False,False,,False,False,False,False,False,False,False,False,False,False,False,0,,False,False,False,False,0.0,6,False,False,28,0.1021,-1,47.4,True
SIN-0099,POL-0099,ASEG-0046,Hogar,,Rotura de Cristales,2024-11-27,2024-11-27,0,4596,4657,4335,Pago Total,Ibarra,PROV-017,Siniestro reportado con documentación.,True,False,61,304,0,20000,0.29,,2024-09-27,2025-09-27,564,Agente,Expirada,Hidalgo Zurita Alexandra Paola,Natural,Loja,0,1,5,5,2,Alto,Servicios Integrales Sur,Servicios,Loja,10,False,No,,2,0,1,0,0,0,0,1,0,0,0,0,0,0,0.2298,,False,False,False,False,False,False,False,False,False,,False,False,False,False,False,False,False,False,False,False,False,0,,False,False,False,False,0.0,70,False,True,9,0.0,-1,50.3,False
SIN-0100,POL-0100,ASEG-0040,Vehículos,TNB-4918,Responsabilidad Civil,2025-02-21,2025-02-21,0,2617,2484,0,Investigación,Manta,TALLER-002,"Impacto posterior en intersección, tercero no identificado.",True,False,46,319,0,10000,0.13,,2025-01-06,2026-01-06,185,Broker,Expirada,Benítez Arcos Luis Fernando,Natural,Cuenca,8,1,1,2,1,Medio,Automotriz Centro Sur,Automotriz,Cuenca,23,False,No,,2,0,1,0,0,1,0,0,0,0,0,0,0,0,0.2617,,False,False,False,False,False,False,False,False,False,,False,False,False,False,False,False,False,False,False,False,False,0,,False,False,False,False,0.0,12,False,True,22,0.208,-1,14.2,False
SIN-0101,POL-0101,ASEG-0113,Vehículos,CHB-9918,Robo,2024-06-04,2024-06-22,18,5491,3135,0,Investigación,Esmeraldas,TALLER-008,Colisión en tráfico urbano con parte policial y fotografías.,False,False,44,321,2,8000,0.87,,2024-04-21,2025-04-21,160,Broker,Expirada,Mora Loza Adriana Marcela,Natural,Guayaquil,1,1,5,5,0,Alto,Reparaciones Viales Cía.,Automotriz,Manta,21,False,No,,2,0,1,0,0,0,0,0,0,0,0,0,0,1,0.6864,,False,False,True,True,True,False,False,False,False,,False,False,False,False,False,False,False,False,False,False,False,0,,False,False,False,False,0.0,17,False,True,27,0.0852,-1,68.2,True
SIN-0102,POL-0102,ASEG-0143,Hogar,,Daño Estructural,2024-07-09,2024-07-15,6,15270,15095,0,Pago Parcial,Quito,PROV-017,Siniestro reportado con documentación.,True,False,14,351,2,40000,0.14,,2024-06-25,2025-06-25,1096,Bancaseguros,Expirada,Núñez Andrade Verónica Paola,Natural,Riobamba,5,2,5,5,0,Alto,Servicios Integrales Sur,Servicios,Loja,10,False,No,,3,0,1,0,0,1,0,0,0,0,1,0,0,0,0.3818,,True,False,False,False,False,False,False,False,False,,False,False,False,False,False,False,False,False,False,False,False,0,,False,False,False,False,0.0,70,False,True,9,0.0,-1,39.8,False
SIN-0103,POL-0103,ASEG-0182,Vehículos,AZY-2918,Robo,2024-06-06,2024-06-07,1,3454,3468,3435,Pago Total,Riobamba,TALLER-003,Robo con violencia en domicilio.,True,False,128,237,1,28000,0.11,,2024-01-30,2025-01-29,666,Agente,Expirada,Aguirre Bermeo Liliana Alexandra,Natural,Manta,2,2,6,6,2,Alto,Mecánica Imbabura S.A.,Automotriz,Manta,26,False,No,,2,0,0,0,0,1,0,0,0,0,0,0,0,1,0.1234,,False,False,False,False,False,False,False,False,False,,False,False,False,False,False,False,False,False,False,False,False,0,,False,False,False,False,0.0,30,False,True,4,0.1055,-1,20.6,False
SIN-0104,POL-0104,ASEG-0014,Hogar,,Daño por Agua,2025-01-09,2025-01-11,2,34288,17301,0,Investigación,Ibarra,PROV-015,Humedad por filtración desde techo.,False,False,30,335,0,35000,0.52,,2024-12-10,2025-12-10,925,Agente,Expirada,Cordero Alvarado Beatriz Elena,Natural,Quito,3,3,2,3,0,Medio,Reparaciones Domésticas EC,Servicios,Ambato,12,False,No,,2,0,0,0,0,0,0,1,0,0,1,0,0,0,0.9797,,True,False,False,False,False,False,False,False,False,,False,False,False,False,False,False,False,False,False,False,False,0,,False,False,False,False,0.0,8,False,False,1,0.0,-1,39.8,True
SIN-0105,POL-0105,ASEG-0102,Vehículos,RIO-2918,Robo,2025-02-11,2025-02-12,1,4504,4434,3954,Pago Total,Esmeraldas,TALLER-013,Sustracción de bienes durante ausencia del hogar.,True,False,243,122,0,18000,0.12,,2024-06-13,2025-06-13,420,Digital,Expirada,Ulloa Morocho Gonzalo Patricio,Natural,Cuenca,8,3,2,2,0,Medio,Taller Chimborazo Express,Automotriz,Loja,25,False,No,,2,0,0,0,0,0,0,0,1,0,0,0,0,0,0.2502,,False,False,False,False,False,False,False,False,False,,False,False,False,False,False,False,False,False,False,False,False,0,,False,False,False,False,0.0,36,False,True,13,0.1176,-1,23.8,False
SIN-0106,POL-0106,ASEG-0106,Vehículos,ESM-1234,Choque,2024-06-07,2024-06-08,1,5393,4645,0,Investigación,Portoviejo,TALLER-013,"Golpe trasero en cola de tráfico, testigos presentes.",True,False,45,320,0,12000,0.61,,2024-04-23,2025-04-23,219,Digital,Expirada,Andrade Viteri Sandra Lorena,Natural,Quito,1,1,1,4,1,Alto,Taller Chimborazo Express,Automotriz,Loja,25,False,No,,2,0,0,0,0,1,0,0,1,0,0,0,0,0,0.4494,,False,False,False,False,False,False,False,False,False,,False,False,False,False,False,False,False,False,False,False,False,0,,False,False,False,False,0.0,19,False,True,0,0.0752,-1,50.8,False
SIN-0107,POL-0107,ASEG-0118,Vehículos,AZY-6647,Robo,2024-06-25,2024-06-27,2,4645,4844,4651,Liquidado,Loja,TALLER-017,Robo con violencia en domicilio.,True,False,90,275,1,12000,0.06,,2024-03-27,2025-03-27,337,Bancaseguros,Expirada,Salcedo Ponce Margoth Elizabeth,Natural,Manta,8,3,3,3,0,Medio,Mecánica Manabí,Automotriz,Ibarra,19,False,No,,2,0,1,0,0,1,0,0,0,0,0,0,0,0,0.3871,,False,False,False,False,False,False,False,False,False,,False,False,False,False,False,False,False,False,False,False,False,0,,False,False,False,False,0.0,30,False,True,4,0.1055,-1,17.1,False
SIN-0108,POL-0108,ASEG-0018,Hogar,,Incendio,2025-02-22,2025-02-24,2,1494,1481,1305,Pago Total,Quito,PROV-022,Incendio en cocina con informe de bomberos.,True,False,307,58,1,35000,0.17,,2024-04-21,2025-04-21,853,Broker,Expirada,Castro Villafuerte Sandra Cristina,Natural,Portoviejo,6,1,0,4,1,Alto,Técnicos Especializados EC,Servicios,Guayaquil,12,False,No,,2,0,0,0,0,1,0,0,0,0,1,0,0,0,0.0427,,False,False,False,False,False,False,False,False,False,,False,False,False,False,False,False,False,False,False,False,False,0,,False,False,False,False,0.0,7,False,False,8,0.1021,-1,14.9,True
SIN-0109,POL-0109,ASEG-0046,Vehículos,MNT-7384,Choque,2024-10-09,2024-10-10,1,7029,6429,0,Reserva,Guayaquil,TALLER-008,Colisión en tráfico urbano con parte policial y fotografías.,True,False,14,351,1,12000,0.57,,2024-09-25,2025-09-25,256,Broker,Expirada,Hidalgo Zurita Alexandra Paola,Natural,Loja,0,1,5,5,2,Alto,Reparaciones Viales Cía.,Automotriz,Manta,21,False,No,,2,0,0,0,0,0,0,0,1,0,0,0,0,0,0.5858,,True,False,False,False,False,False,False,False,False,,False,False,False,False,False,False,False,False,False,False,False,0,,False,False,False,False,0.0,17,False,True,27,0.0852,-1,47.2,False
SIN-0110,POL-0110,ASEG-0024,Vehículos,LOJ-1847,Pérdida Total,2024-10-03,2024-10-04,1,10246,10700,0,Reserva,Ibarra,TALLER-002,Vehículo destruido en accidente de tránsito.,True,False,83,282,2,28000,0.29,,2024-07-12,2025-07-12,691,Agente,Expirada,Vargas Andrade William Alexis,Natural,Ambato,6,2,6,6,0,Alto,Automotriz Centro Sur,Automotriz,Cuenca,23,False,No,,3,0,0,0,0,1,0,0,1,0,0,0,0,1,0.3659,,False,False,False,False,False,False,False,False,False,,False,False,False,False,False,False,False,False,False,False,False,0,,False,False,False,False,0.0,10,False,True,5,0.109,-1,24.6,False
SIN-0111,POL-0111,ASEG-0070,Vehículos,CHB-1029,Choque,2025-02-14,2025-02-14,0,8198,8100,0,Investigación,Guayaquil,TALLER-016,Colisión en tráfico urbano con parte policial y fotografías.,True,False,60,305,1,18000,0.39,,2024-12-16,2025-12-16,551,Broker,Expirada,Pérez Vásquez Ana Lucía,Natural,Esmeraldas,5,1,7,7,1,Alto,Servicio Técnico Loja,Automotriz,Ibarra,20,False,No,,3,0,1,0,0,1,0,0,1,0,0,0,0,0,0.4554,,False,False,False,False,False,False,False,False,False,,False,False,False,False,False,False,False,False,False,False,False,0,,False,False,False,False,0.0,17,False,True,27,0.0852,-1,34.6,False
SIN-0112,POL-0112,ASEG-0042,Hogar,,Rotura de Cristales,2024-11-16,2024-11-23,7,18552,15294,0,Reserva,Manta,PROV-015,Siniestro reportado con documentación.,True,False,30,335,1,50000,0.32,,2024-10-17,2025-10-17,1495,Broker,Expirada,Salcedo Ponce Margoth Elizabeth,Natural,Ibarra,1,1,0,5,1,Alto,Reparaciones Domésticas EC,Servicios,Ambato,12,False,No,,3,0,1,0,0,1,0,0,0,0,1,0,0,0,0.371,,True,False,False,False,False,False,False,False,False,,False,False,False,False,False,False,False,False,False,False,False,0,,False,False,False,False,0.0,70,False,True,9,0.0,-1,52.4,False
SIN-0113,POL-0113,ASEG-0008,Vehículos,MNT-2918,Cristales,2024-10-25,2024-10-28,3,8834,7611,0,Reserva,Ambato,TALLER-003,Rotura de parabrisas por impacto de piedra.,True,False,68,297,0,25000,0.33,,2024-08-18,2025-08-18,530,Bancaseguros,Expirada,Almeida Granda Fernando Eduardo,Natural,Cuenca,3,1,2,3,0,Medio,Mecánica Imbabura S.A.,Automotriz,Manta,26,False,No,,3,0,1,0,0,0,0,0,1,0,0,0,0,1,0.3534,,False,False,False,False,False,False,False,False,False,,False,False,False,False,False,False,False,False,False,False,False,0,,False,False,False,False,0.0,27,False,True,19,0.1435,-1,34.7,False
SIN-0114,POL-0114,ASEG-0183,Vehículos,MNT-2918,Cristales,2025-03-16,2025-03-17,1,7747,7230,6438,Pago Total,Cuenca,TALLER-018,Parabrisas fisurado en autopista.,True,False,62,303,0,22000,0.16,,2025-01-13,2026-01-13,494,Digital,Expirada,Bonilla Torres Nathaly Carolina,Natural,Guayaquil,7,1,2,3,1,Medio,Automotriz Ambato Central,Automotriz,Ibarra,15,False,No,,3,0,1,0,0,1,0,0,0,0,0,0,0,0,0.3521,,False,False,False,False,False,False,False,False,False,,False,False,False,False,False,False,False,False,False,False,False,0,,False,False,False,False,0.0,14,False,True,11,0.1435,-1,17.2,False
SIN-0115,POL-0115,ASEG-0027,Vehículos,AZY-6647,Choque,2024-08-26,2024-09-01,6,7830,8027,0,Reserva,Guayaquil,TALLER-006,"Golpe trasero en cola de tráfico, testigos presentes.",True,False,57,308,0,28000,0.22,,2024-06-30,2025-06-30,540,Digital,Expirada,García Morales Luis Eduardo,Natural,Ambato,8,3,1,2,2,Medio,Auto Service Quito Norte,Automotriz,Guayaquil,15,False,No,,3,0,1,0,0,1,0,0,0,0,0,0,0,1,0.2796,,False,False,False,False,False,False,False,False,False,,False,False,False,False,False,False,False,False,False,False,False,0,,False,False,False,False,0.0,19,False,True,0,0.0752,-1,23.5,False
SIN-0116,POL-0116,ASEG-0036,Salud,,Consulta Externa,2024-12-04,2024-12-05,1,18044,17447,17330,Pago Total,Ambato,HOSP-005,Siniestro reportado con documentación.,True,False,201,164,0,50000,0.12,,2024-05-17,2025-05-17,1002,Digital,Expirada,Pérez Vásquez Ana Lucía,Natural,Esmeraldas,7,2,3,5,2,Alto,Centro Médico del Sur,Salud,Quito,8,False,No,,3,0,0,0,0,0,1,0,0,1,0,1,0,0,0.3609,,False,False,False,False,False,False,False,False,False,,False,False,False,False,False,False,False,False,False,False,False,0,,False,False,False,False,0.0,70,False,True,9,0.0,-1,38.4,False
SIN-0117,POL-0117,ASEG-0028,Hogar,,Incendio,2024-03-19,2024-03-26,7,10866,11266,0,Reserva,Ambato,PROV-021,Incendio en cocina con informe de bomberos.,True,False,75,290,3,30000,0.58,,2024-01-04,2025-01-03,680,Bancaseguros,Expirada,Núñez Villafuerte Diego Sebastián,Natural,Loja,2,2,0,5,2,Alto,Reparaciones Tungurahua,Servicios,Cuenca,17,False,No,,3,0,1,0,0,1,0,1,0,0,0,0,0,0,0.3622,,False,False,False,False,False,False,False,False,False,,False,False,False,False,False,False,False,False,False,False,False,0,,False,False,False,False,0.0,7,False,False,8,0.1021,-1,43.6,True
SIN-0118,POL-0118,ASEG-0082,Vehículos,CHB-4472,Responsabilidad Civil,2025-07-09,2025-07-10,1,4067,4054,3832,Liquidado,Riobamba,TALLER-018,Colisión en rotonda con vehículo de tercero.,True,False,261,104,0,15000,0.08,,2024-10-21,2025-10-21,338,Agente,Expirada,Torres Espinoza Carlos Andrés,Natural,Manta,4,1,3,4,0,Alto,Automotriz Ambato Central,Automotriz,Ibarra,15,False,No,,3,0,0,0,0,1,0,0,1,0,0,0,0,0,0.2711,,False,False,False,False,False,False,False,False,False,,False,False,False,False,False,False,False,False,False,False,False,0,,False,False,False,False,0.0,15,False,True,6,0.1095,-1,12.0,False
SIN-0119,POL-0119,ASEG-0075,Vehículos,TNB-7291,Cristales,2025-02-02,2025-02-04,2,5337,5171,4829,Pago Total,Guayaquil,TALLER-016,Parabrisas fisurado en autopista.,True,False,189,176,1,25000,0.09,,2024-07-28,2025-07-28,499,Bancaseguros,Expirada,Aguirre Bermeo Liliana Alexandra,Natural,Portoviejo,3,2,1,6,2,Alto,Servicio Técnico Loja,Automotriz,Ibarra,20,False,No,,2,0,0,0,0,1,0,0,0,0,0,0,0,0,0.2135,,False,False,False,False,False,False,False,False,False,,False,False,False,False,False,False,False,False,False,False,False,0,,False,False,False,False,0.0,14,False,True,11,0.1435,-1,12.3,False
SIN-0120,POL-0120,ASEG-0140,Vehículos,LOJ-0294,Choque,2025-02-04,2025-02-17,13,12830,8773,0,Reserva,Loja,TALLER-016,"Golpe trasero en cola de tráfico, testigos presentes.",False,False,41,324,0,28000,0.59,PTACP20260739281,2024-12-25,2025-12-25,737,Agente,Expirada,Rodríguez Cárdenas María José,Natural,Portoviejo,1,3,2,3,1,Medio,Servicio Técnico Loja,Automotriz,Ibarra,20,False,No,,2,0,1,0,0,0,0,0,0,0,0,0,1,0,0.4582,,False,False,True,False,False,False,False,False,False,13.0,False,False,False,False,False,False,False,False,False,False,False,1,Parte Policial,True,False,False,False,10.0,19,False,True,0,0.0752,-1,49.4,False
SIN-0121,POL-0121,ASEG-0003,Vehículos,GYE-2918,Choque,2024-06-29,2024-07-05,6,13659,13284,0,Reserva,Ambato,TALLER-015,"Golpe trasero en cola de tráfico, testigos presentes.",True,False,67,298,0,28000,0.24,,2024-04-23,2025-04-23,797,Bancaseguros,Expirada,López Guerrero Juan Pablo,Natural,Riobamba,3,3,1,2,0,Medio,Automotriz Sur Azuay,Automotriz,Manta,18,False,No,,2,0,0,0,0,1,0,0,1,0,0,0,0,0,0.4878,,False,False,False,False,False,False,False,False,False,,False,False,False,False,False,False,False,False,False,False,False,0,,False,False,False,False,0.0,19,False,True,0,0.0752,-1,24.9,False
SIN-0122,POL-0122,ASEG-0076,Vehículos,MNT-7384,Pérdida Total,2024-08-12,2024-08-14,2,2822,2756,2655,Pago Total,Guayaquil,TALLER-003,Vehículo destruido en accidente de tránsito.,True,False,165,200,0,12000,0.17,,2024-02-29,2025-02-28,275,Bancaseguros,Expirada,Martínez Alvarado Rosa Elena,Natural,Ambato,6,3,1,1,1,Bajo,Mecánica Imbabura S.A.,Automotriz,Manta,26,False,No,,3,0,0,0,0,1,0,0,1,0,0,0,0,0,0.2352,,False,False,False,False,False,False,False,False,False,,False,False,False,False,False,False,False,False,False,False,False,0,,False,False,False,False,0.0,10,False,True,5,0.109,-1,16.2,False
SIN-0123,POL-0123,ASEG-0006,Salud,,Consulta Externa,2025-01-21,2025-01-22,1,17563,15068,0,Pago Parcial,Guayaquil,PROV-016,Siniestro reportado con documentación.,False,False,40,325,0,30000,0.27,,2024-12-12,2025-12-12,931,Agente,Expirada,Sánchez Herrera Diego Alejandro,Natural,Ibarra,1,3,1,2,2,Medio,Técnicos del Hogar Cía.,Servicios,Cuenca,16,False,No,,2,0,0,1,0,0,0,0,0,1,0,0,0,0,0.5854,,False,False,False,False,False,False,False,False,False,,False,False,False,False,False,False,False,False,False,False,False,0,,False,False,False,False,0.0,70,False,True,9,0.0,-1,48.9,False
SIN-0124,POL-0124,ASEG-0008,Vehículos,TNB-4918,Cristales,2024-09-27,2024-09-27,0,8213,8405,7978,Liquidado,Portoviejo,TALLER-015,Rotura de parabrisas por impacto de piedra.,True,False,169,196,1,25000,0.12,,2024-04-11,2025-04-11,657,Broker,Expirada,Almeida Granda Fernando Eduardo,Natural,Cuenca,3,1,2,3,0,Medio,Automotriz Sur Azuay,Automotriz,Manta,18,False,No,,3,0,1,0,0,0,0,0,1,0,0,0,0,0,0.3285,,False,False,False,False,False,False,False,False,False,,False,False,False,False,False,False,False,False,False,False,False,0,,False,False,False,False,0.0,27,False,True,19,0.1435,-1,20.0,False
SIN-0125,POL-0125,ASEG-0030,Vehículos,RIO-2918,Responsabilidad Civil,2024-12-01,2024-12-02,1,10696,10444,0,Pago Parcial,Riobamba,TALLER-003,Colisión en rotonda con vehículo de tercero.,True,False,65,300,0,20000,0.7,,2024-09-27,2025-09-27,527,Digital,Expirada,Ramírez Peñafiel Carmen Susana,Natural,Guayaquil,5,2,3,3,0,Medio,Mecánica Imbabura S.A.,Automotriz,Manta,26,False,No,,2,0,0,0,0,1,0,0,0,0,0,0,0,0,0.5348,,False,False,False,True,False,False,False,False,False,,False,False,False,False,False,False,False,False,False,False,False,0,,False,False,False,False,0.0,15,False,True,6,0.1095,-1,55.4,False
SIN-0126,POL-0126,ASEG-0031,Hogar,,Incendio,2024-11-13,2024-11-14,1,5513,5375,5043,Liquidado,Ambato,PROV-022,Cortocircuito que causó incendio parcial.,True,False,258,107,0,20000,0.2,,2024-02-29,2025-02-28,465,Broker,Expirada,Morales Espín Byron Rodrigo,Natural,Ambato,0,3,3,4,0,Alto,Técnicos Especializados EC,Servicios,Guayaquil,12,False,No,,3,0,1,0,0,1,0,0,0,0,1,0,0,0,0.2756,,False,False,False,False,False,False,False,False,False,,False,False,False,False,False,False,False,False,False,False,False,0,,False,False,False,False,0.0,6,False,False,28,0.1021,-1,16.6,True
SIN-0127,POL-0127,ASEG-0036,Vehículos,AZY-8812,Robo,2024-10-21,2024-10-22,1,11227,11735,11038,Pago Total,Loja,TALLER-017,Sustracción de bienes durante ausencia del hogar.,True,False,64,301,1,30000,0.08,,2024-08-18,2025-08-18,563,Digital,Expirada,Pérez Vásquez Ana Lucía,Natural,Esmeraldas,7,2,3,5,2,Alto,Mecánica Manabí,Automotriz,Ibarra,19,False,No,,3,0,0,0,0,1,0,0,0,0,0,0,0,1,0.3742,,False,False,False,False,False,False,False,False,False,,False,False,False,False,False,False,False,False,False,False,False,0,,False,False,False,False,0.0,36,False,True,13,0.1176,-1,21.0,False
SIN-0128,POL-0128,ASEG-0182,Vehículos,AZY-2918,Pérdida Total,2024-04-19,2024-04-20,1,3510,3493,0,Investigación,Riobamba,TALLER-020,Vehículo totalmente siniestrado en volcamiento.,True,False,24,341,2,10000,0.6,,2024-03-26,2025-03-26,259,Agente,Expirada,Aguirre Bermeo Liliana Alexandra,Natural,Manta,2,2,6,6,2,Alto,Taller Quito Sur Cía.,Automotriz,Guayaquil,24,False,No,,3,0,0,0,0,1,0,0,1,0,0,0,0,1,0.351,,True,False,False,False,False,False,False,False,False,,False,False,False,False,False,False,False,False,False,False,False,0,,False,False,False,False,0.0,17,False,True,17,0.0928,-1,49.3,False
SIN-0129,POL-0129,ASEG-0147,Vehículos,GYE-7384,Choque,2025-04-22,2025-04-24,2,3628,3538,3425,Liquidado,Ambato,TALLER-012,"Golpe trasero en cola de tráfico, testigos presentes.",True,False,81,284,2,28000,0.16,,2025-01-31,2026-01-31,827,Agente,Expirada,Brito Ordóñez Henry Omar,Natural,Loja,1,2,1,4,0,Alto,Serviautos Litoral,Automotriz,Riobamba,23,False,No,,3,0,0,0,0,0,0,0,1,0,0,0,0,1,0.1296,,False,False,False,False,False,False,False,False,False,,False,False,False,False,False,False,False,False,False,False,False,0,,False,False,False,False,0.0,19,False,True,0,0.0752,-1,19.3,False
SIN-0130,POL-0130,ASEG-0090,Vehículos,CHB-5523,Choque,2024-03-15,2024-03-17,2,6984,6957,0,Reserva,Riobamba,TALLER-002,"Accidente múltiple de madrugada, daños en carrocería.",False,False,14,351,0,15000,0.23,,2024-03-01,2025-03-01,314,Broker,Expirada,Flores Castillo Roberto Antonio,Natural,Ibarra,8,2,1,1,1,Bajo,Automotriz Centro Sur,Automotriz,Cuenca,23,False,No,,3,0,1,0,0,0,0,0,1,0,0,0,0,0,0.4656,,True,False,False,False,False,False,False,False,False,,False,False,False,False,False,False,False,False,False,False,False,0,,False,False,False,False,0.0,20,False,True,15,0.0942,-1,24.7,False
SIN-0131,POL-0131,ASEG-0153,Vehículos,LOJ-1847,Robo de Accesorios,2025-05-03,2025-05-05,2,1720,1750,1626,Liquidado,Cuenca,TALLER-011,Sustracción de rines y estéreo durante la noche.,True,False,323,42,2,18000,0.25,,2024-06-14,2025-06-14,397,Bancaseguros,Expirada,Jiménez Vargas Patricia Elena,Natural,Esmeraldas,5,1,3,4,0,Alto,Mecánica Tungurahua,Automotriz,Quito,16,False,No,,2,0,1,0,0,0,0,0,0,0,0,0,0,1,0.0956,,False,False,False,False,False,False,False,False,False,,False,False,False,False,False,False,False,False,False,False,False,0,,False,False,False,False,0.0,14,False,True,25,0.1176,-1,23.5,False
SIN-0132,POL-0132,ASEG-0064,Vehículos,GYE-4837,Robo,2024-05-20,2024-05-26,6,10378,10585,0,Reserva,Loja,TALLER-016,Robo con violencia en domicilio.,True,False,14,351,1,22000,0.24,,2024-05-06,2025-05-06,547,Bancaseguros,Expirada,Silva Intriago Katherine Noemi,Natural,Guayaquil,2,3,3,7,0,Alto,Servicio Técnico Loja,Automotriz,Ibarra,20,False,No,,2,0,1,0,0,0,0,0,1,0,0,0,0,0,0.4717,,True,False,False,False,False,False,False,False,False,,False,False,False,False,False,False,False,False,False,False,False,0,,False,False,False,False,0.0,30,False,True,4,0.1055,-1,29.7,False
SIN-0133,POL-0133,ASEG-0178,Vehículos,CHB-9918,Responsabilidad Civil,2024-10-17,2024-10-30,13,13950,10304,0,Negativa,Riobamba,TALLER-007,Raspón lateral a vehículo estacionado.,False,False,41,324,0,20000,0.59,,2024-09-06,2025-09-06,523,Agente,Expirada,Jiménez Vargas Patricia Elena,Natural,Ibarra,2,2,0,3,0,Medio,Multiservicios Automotrices EC,Automotriz,Ambato,17,False,No,,2,0,1,0,0,1,0,0,0,0,0,0,0,0,0.6975,,False,False,True,False,False,False,False,False,False,,False,False,False,False,False,False,False,False,False,False,False,0,,False,False,False,False,0.0,12,False,True,18,0.1083,-1,46.4,False
SIN-0134,POL-0134,ASEG-0073,Salud,,Consulta Externa,2025-06-14,2025-06-16,2,1765,1767,1732,Liquidado,Esmeraldas,HOSP-001,Siniestro reportado con documentación.,True,False,235,130,1,30000,0.24,,2024-10-22,2025-10-22,778,Broker,Expirada,Ruiz Andrade Patricia Elena,Natural,Quito,6,1,3,7,0,Alto,Clínica Santa Cecilia,Salud,Ambato,8,False,No,,2,0,0,0,0,0,0,0,0,1,0,1,0,0,0.0588,,False,False,False,False,False,False,False,False,False,,False,False,False,False,False,False,False,False,False,False,False,0,,False,False,False,False,0.0,70,False,True,9,0.0,-1,46.8,False
SIN-0135,POL-0135,ASEG-0001,Vehículos,SDO-5523,Pérdida Total,2025-07-06,2025-07-06,0,1711,1656,1636,Liquidado,Manta,TALLER-002,Vehículo totalmente siniestrado en volcamiento.,True,False,200,165,0,12000,0.21,,2024-12-18,2025-12-18,364,Bancaseguros,Expirada,Morales Freire Byron Rodrigo,Natural,Manta,3,1,1,3,1,Medio,Automotriz Centro Sur,Automotriz,Cuenca,23,False,No,,3,0,0,0,0,0,0,0,1,0,0,0,0,1,0.1426,,False,False,False,False,False,False,False,False,False,,False,False,False,False,False,False,False,False,False,False,False,0,,False,False,False,False,0.0,17,False,True,17,0.0928,-1,22.0,False
SIN-0136,POL-0136,ASEG-0186,Vehículos,MNT-5834,Cristales,2025-06-07,2025-06-07,0,1327,1338,1178,Pago Total,Manta,TALLER-004,Parabrisas fisurado en autopista.,True,False,304,61,0,10000,0.08,,2024-08-07,2025-08-07,279,Bancaseguros,Expirada,Castro Villafuerte Sandra Cristina,Natural,Guayaquil,2,2,1,1,1,Bajo,Servicio Express Loja,Automotriz,Ibarra,24,False,No,,2,0,1,0,0,0,0,0,0,0,0,0,0,0,0.1327,,False,False,False,False,False,False,False,False,False,,False,False,False,False,False,False,False,False,False,False,False,0,,False,False,False,False,0.0,14,False,True,11,0.1435,-1,11.6,False
SIN-0137,POL-0137,ASEG-0123,Vehículos,LOJ-8834,Choque,2025-02-20,2025-02-21,1,962,981,951,Liquidado,Manta,TALLER-005,Colisión en tráfico urbano con parte policial y fotografías.,True,False,220,145,0,10000,0.27,,2024-07-15,2025-07-15,282,Bancaseguros,Expirada,Ortega Suárez Héctor Guillermo,Natural,Loja,0,3,0,2,1,Medio,Taller Portuario Guayaquil,Automotriz,Portoviejo,21,False,No,,3,0,0,0,0,0,0,0,1,0,0,0,0,1,0.0962,,False,False,False,False,False,False,False,False,False,,False,False,False,False,False,False,False,False,False,False,False,0,,False,False,False,False,0.0,17,False,True,27,0.0852,-1,26.2,False
SIN-0138,POL-0138,ASEG-0113,Vehículos,AZY-5573,Responsabilidad Civil,2024-12-19,2024-12-19,0,5476,4906,0,Pago Parcial,Manta,TALLER-013,Colisión en rotonda con vehículo de tercero.,True,False,32,333,3,12000,0.33,,2024-11-17,2025-11-17,371,Bancaseguros,Expirada,Mora Loza Adriana Marcela,Natural,Guayaquil,1,1,5,5,0,Alto,Taller Chimborazo Express,Automotriz,Loja,25,False,No,,3,0,1,0,0,1,0,0,1,0,0,0,0,0,0.4563,,False,False,False,False,False,False,False,False,False,,False,False,False,False,False,False,False,False,False,False,False,0,,False,False,False,False,0.0,15,False,True,6,0.1095,-1,29.5,False
SIN-0139,POL-0139,ASEG-0071,Hogar,,Robo,2024-10-24,2024-10-25,1,16184,13710,0,Pago Parcial,Manta,PROV-018,Robo de joyas y equipos electrónicos.,True,False,14,351,0,35000,0.16,,2024-10-10,2025-10-10,924,Digital,Expirada,Núñez Andrade Verónica Paola,Natural,Esmeraldas,5,1,1,4,1,Alto,Hogar Seguro S.A.,Servicios,Ambato,17,False,No,,3,0,1,0,0,0,0,1,0,0,1,0,0,0,0.4624,,True,False,False,False,False,False,False,False,False,,False,False,False,False,False,False,False,False,False,False,False,0,,False,False,False,False,0.0,24,False,True,12,0.1055,-1,21.5,False
SIN-0140,POL-0140,ASEG-0127,Salud,,Urgencias,2024-07-08,2024-07-09,1,4705,4855,4603,Pago Total,Guayaquil,HOSP-005,Siniestro reportado con documentación.,True,False,66,299,0,50000,0.28,,2024-05-03,2025-05-03,1347,Broker,Expirada,Herrera Salinas Jorge Enrique,Natural,Manta,4,3,0,2,1,Medio,Centro Médico del Sur,Salud,Quito,8,False,No,,2,0,0,1,0,0,0,0,0,1,0,0,0,0,0.0941,,False,False,False,False,False,False,False,False,False,,False,False,False,False,False,False,False,False,False,False,False,0,,False,False,False,False,0.0,70,False,True,9,0.0,-1,49.6,False
SIN-0141,POL-0141,ASEG-0198,Vehículos,AZY-8812,Choque,2025-01-25,2025-01-26,1,2977,2932,2726,Pago Total,Quito,TALLER-003,Impacto lateral en intersección con semáforo.,True,False,90,275,1,10000,0.18,,2024-10-27,2025-10-27,182,Broker,Expirada,Pacheco Vélez Gloria Susana,Natural,Cuenca,4,2,0,4,0,Alto,Mecánica Imbabura S.A.,Automotriz,Manta,26,False,No,,2,0,1,0,0,0,0,0,0,0,0,0,0,0,0.2977,,False,False,False,False,False,False,False,False,False,,False,False,False,False,False,False,False,False,False,False,False,0,,False,False,False,False,0.0,13,False,True,3,0.208,-1,18.2,False
SIN-0142,POL-0142,ASEG-0022,Salud,,Consulta Externa,2025-05-03,2025-05-04,1,10587,10634,10178,Pago Total,Guayaquil,HOSP-004,Siniestro reportado con documentación.,True,False,227,138,0,30000,0.2,,2024-09-18,2025-09-18,949,Agente,Expirada,Vega Montoya Fanny Lorena,Natural,Ambato,1,3,2,2,0,Medio,Hospital Básico Guayaquil,Salud,Loja,5,False,No,,2,0,0,1,0,0,0,0,0,1,0,0,0,0,0.3529,,False,False,False,False,False,False,False,False,False,,False,False,False,False,False,False,False,False,False,False,False,0,,False,False,False,False,0.0,70,False,True,9,0.0,-1,44.0,False
SIN-0143,POL-0143,ASEG-0063,Vehículos,PIC-2847,Choque,2024-03-09,2024-03-17,8,19732,15507,0,Reserva,Ibarra,TALLER-011,"Accidente múltiple de madrugada, daños en carrocería.",False,False,9,356,3,25000,0.35,,2024-02-29,2025-02-28,664,Broker,Expirada,López Guerrero Juan Pablo,Natural,Ibarra,0,3,1,7,2,Alto,Mecánica Tungurahua,Automotriz,Quito,16,False,No,,3,0,0,0,0,1,0,0,0,0,0,0,0,1,0.7893,,True,False,True,False,False,False,False,False,False,,False,False,False,False,False,False,False,False,False,False,False,0,,False,False,False,False,0.0,20,False,True,15,0.0942,-1,33.1,False
SIN-0144,POL-0144,ASEG-0198,Vehículos,GYE-8371,Choque,2024-11-14,2024-11-15,1,3377,3326,3153,Pago Total,Loja,TALLER-006,Colisión en tráfico urbano con parte policial y fotografías.,True,False,99,266,2,18000,0.16,,2024-08-07,2025-08-07,456,Broker,Expirada,Pacheco Vélez Gloria Susana,Natural,Cuenca,4,2,0,4,0,Alto,Auto Service Quito Norte,Automotriz,Guayaquil,15,False,No,,3,0,0,0,0,0,0,0,1,0,0,0,0,1,0.1876,,False,False,False,False,False,False,False,False,False,,False,False,False,False,False,False,False,False,False,False,False,0,,False,False,False,False,0.0,17,False,True,27,0.0852,-1,18.5,False
SIN-0145,POL-0145,ASEG-0059,Vehículos,ESM-4847,Cristales,2024-03-25,2024-03-26,1,3338,3148,3133,Liquidado,Esmeraldas,TALLER-017,Vidrio lateral roto por vandalismo.,True,False,83,282,0,8000,0.14,,2024-01-02,2025-01-01,240,Agente,Expirada,Mendoza Ríos Marco Vinicio,Natural,Ibarra,1,3,5,5,2,Alto,Mecánica Manabí,Automotriz,Ibarra,19,False,No,,3,0,0,0,0,1,0,0,1,0,0,0,0,1,0.4172,,False,False,False,False,False,False,False,False,False,,False,False,False,False,False,False,False,False,False,False,False,0,,False,False,False,False,0.0,18,False,True,21,0.1048,-1,17.5,False
SIN-0146,POL-0146,ASEG-0107,Vehículos,IBR-1029,Cristales,2024-08-12,2024-08-12,0,2514,2327,2159,Pago Total,Loja,TALLER-012,Vidrio lateral roto por vandalismo.,True,False,86,279,0,10000,0.11,,2024-05-18,2025-05-18,260,Bancaseguros,Expirada,Silva Intriago Katherine Noemi,Natural,Manta,5,1,3,3,1,Medio,Serviautos Litoral,Automotriz,Riobamba,23,False,No,,2,0,1,0,0,0,0,0,1,0,0,0,0,0,0.2514,,False,False,False,False,False,False,False,False,False,,False,False,False,False,False,False,False,False,False,False,False,0,,False,False,False,False,0.0,18,False,True,21,0.1048,-1,15.4,False
SIN-0147,POL-0147,ASEG-0023,Hogar,,Rotura de Cristales,2024-01-19,2024-01-19,0,11427,10551,0,Reserva,Riobamba,PROV-022,Siniestro reportado con documentación.,False,False,14,351,0,25000,0.24,,2024-01-05,2025-01-04,520,Digital,Expirada,Ramos Loor Freddy Oswaldo,Natural,Ambato,7,1,0,3,1,Medio,Técnicos Especializados EC,Servicios,Guayaquil,12,False,No,,2,0,1,0,0,0,0,0,0,0,1,0,0,0,0.4571,,True,False,False,False,False,False,False,False,False,,False,False,False,False,False,False,False,False,False,False,False,0,,False,False,False,False,0.0,70,False,True,9,0.0,-1,46.8,False
SIN-0148,POL-0148,ASEG-0002,Vehículos,AZY-8812,Pérdida Total,2024-05-16,2024-05-28,12,12218,8050,0,Investigación,Quito,TALLER-017,Vehículo totalmente siniestrado en volcamiento.,False,False,17,348,0,28000,0.45,,2024-04-29,2025-04-29,640,Digital,Expirada,Aguirre Bermeo Liliana Alexandra,Natural,Cuenca,1,2,3,4,0,Alto,Mecánica Manabí,Automotriz,Ibarra,19,False,No,,2,0,1,0,0,0,0,0,0,0,0,0,0,1,0.4364,,True,False,True,False,False,False,False,False,False,,False,False,False,False,False,False,False,False,False,False,False,0,,False,False,False,False,0.0,17,False,True,17,0.0928,-1,38.8,False
SIN-0149,POL-0149,ASEG-0024,Vehículos,GYE-1029,Choque,2024-10-17,2024-10-22,5,20829,10882,0,Reserva,Manta,TALLER-002,Sustracción de rines y estéreo durante la noche.,False,False,24,341,3,22000,0.88,,2024-09-23,2025-09-23,612,Broker,Expirada,Vargas Andrade William Alexis,Natural,Ambato,6,2,6,6,0,Alto,Automotriz Centro Sur,Automotriz,Cuenca,23,False,No,,3,0,1,0,0,0,0,0,1,0,0,0,0,1,0.9468,,True,False,False,True,True,False,False,False,False,,False,False,False,False,False,False,False,False,False,False,False,0,,False,False,False,False,0.0,14,False,True,25,0.1176,-1,67.6,True
SIN-0150,POL-0150,ASEG-0081,Salud,,Urgencias,2024-11-21,2024-11-21,0,13986,13149,11830,Pago Total,Loja,HOSP-003,Siniestro reportado con documentación.,True,False,163,202,0,50000,0.24,,2024-06-11,2025-06-11,1090,Digital,Expirada,Carrillo Cabrera Patricio German,Natural,Portoviejo,6,1,4,4,1,Alto,Clínica Ibarra Salud,Salud,Ibarra,5,False,No,,3,0,0,1,0,0,1,0,0,0,0,1,0,0,0.2797,,False,False,False,False,False,False,False,False,False,,False,False,False,False,False,False,False,False,False,False,False,0,,False,False,False,False,0.0,70,False,True,9,0.0,-1,46.8,False
SIN-0151,POL-0151,ASEG-0198,Vehículos,LOJ-1847,Robo,2024-06-20,2024-06-20,0,13745,11505,0,Investigación,Riobamba,TALLER-008,Sustracción de bienes durante ausencia del hogar.,False,False,14,351,3,25000,0.16,,2024-06-06,2025-06-06,543,Digital,Expirada,Pacheco Vélez Gloria Susana,Natural,Cuenca,4,2,0,4,0,Alto,Reparaciones Viales Cía.,Automotriz,Manta,21,False,No,,2,0,0,0,0,0,0,0,1,0,0,0,0,0,0.5498,,True,False,False,False,False,False,False,False,False,,False,False,False,False,False,False,False,False,False,False,False,0,,False,False,False,False,0.0,36,False,True,13,0.1176,-1,26.6,False
SIN-0152,POL-0152,ASEG-0174,Vehículos,MNT-0847,Responsabilidad Civil,2024-04-08,2024-04-08,0,6022,4511,0,Investigación,Ambato,TALLER-005,"Impacto posterior en intersección, tercero no identificado.",False,False,9,356,0,8000,0.36,,2024-03-30,2025-03-30,251,Agente,Expirada,Gutiérrez Moreta Diana Fernanda,Natural,Portoviejo,0,3,0,1,1,Bajo,Taller Portuario Guayaquil,Automotriz,Portoviejo,21,False,No,,2,0,0,0,0,1,0,0,0,0,0,0,0,0,0.7528,,True,False,False,False,False,False,False,False,False,,False,False,False,False,False,False,False,False,False,False,False,0,,False,False,False,False,0.0,12,False,True,22,0.208,-1,30.3,False
SIN-0153,POL-0153,ASEG-0020,Hogar,,Robo,2024-11-26,2024-11-26,0,9160,8627,8185,Pago Total,Guayaquil,PROV-021,Sustracción de bienes durante ausencia del hogar.,True,False,229,136,0,40000,0.06,,2024-04-11,2025-04-11,968,Broker,Expirada,Vargas Andrade William Alexis,Natural,Ibarra,4,1,0,2,1,Medio,Reparaciones Tungurahua,Servicios,Cuenca,17,False,No,,3,0,1,0,0,0,0,1,0,0,1,0,0,0,0.229,,False,False,False,False,False,False,False,False,False,,False,False,False,False,False,False,False,False,False,False,False,0,,False,False,False,False,0.0,36,False,True,13,0.1176,-1,19.6,False
SIN-0154,POL-0154,ASEG-0045,Vehículos,CHB-9918,Responsabilidad Civil,2024-05-04,2024-05-19,15,9795,6515,0,Investigación,Manta,TALLER-003,Colisión en rotonda con vehículo de tercero.,False,False,29,336,0,18000,0.38,,2024-04-05,2025-04-05,395,Broker,Expirada,Mora Loza Adriana Marcela,Natural,Loja,8,1,0,5,2,Alto,Mecánica Imbabura S.A.,Automotriz,Manta,26,False,No,,2,0,0,0,0,0,0,0,1,0,0,0,0,1,0.5442,,True,False,True,False,False,False,False,False,False,,False,False,False,False,False,False,False,False,False,False,False,0,,False,False,False,False,0.0,15,False,True,6,0.1095,-1,33.0,False
SIN-0155,POL-0155,ASEG-0162,Vehículos,SDO-5523,Robo de Accesorios,2024-07-28,2024-07-29,1,6258,5505,0,Reserva,Quito,TALLER-001,Robo de accesorios en zona residencial.,False,False,14,351,1,20000,0.22,,2024-07-14,2025-07-14,494,Agente,Expirada,Castro Villafuerte Sandra Cristina,Natural,Portoviejo,5,3,0,4,0,Alto,Taller El Norte Cía. Ltda.,Automotriz,Ambato,11,False,No,,3,0,1,0,0,1,0,0,0,0,0,0,0,1,0.3129,,True,False,False,False,False,False,False,False,False,,False,False,False,False,False,False,False,False,False,False,False,0,,False,False,False,False,0.0,16,False,True,7,0.1055,-1,22.3,False
SIN-0156,POL-0156,ASEG-0121,Salud,,Maternidad,2025-02-23,2025-03-07,12,35207,25960,0,Reserva,Loja,PROV-014,Siniestro reportado con documentación.,False,False,27,338,0,60000,0.53,,2025-01-27,2026-01-27,1920,Broker,Expirada,Naranjo Velasco Edwin Patricio,Natural,Ibarra,7,1,0,1,0,Bajo,Servicios Hogar Ecuador,Servicios,Quito,10,False,No,,3,0,0,1,0,0,0,0,0,1,0,1,0,0,0.5868,,True,False,True,False,False,False,False,False,False,,False,False,False,False,False,False,False,False,False,False,False,0,,False,False,False,False,0.0,70,False,True,9,0.0,-1,67.1,False
SIN-0157,POL-0157,ASEG-0045,Vehículos,ESM-4847,Robo,2024-11-13,2024-11-15,2,8973,7497,0,Reserva,Manta,TALLER-020,Sustracción de bienes durante ausencia del hogar.,True,False,14,351,1,20000,0.21,,2024-10-30,2025-10-30,586,Digital,Expirada,Mora Loza Adriana Marcela,Natural,Loja,8,1,0,5,2,Alto,Taller Quito Sur Cía.,Automotriz,Guayaquil,24,False,No,,3,0,0,0,0,1,0,0,1,0,0,0,0,0,0.4486,,True,False,False,False,False,False,False,False,False,,False,False,False,False,False,False,False,False,False,False,False,0,,False,False,False,False,0.0,36,False,True,13,0.1176,-1,30.1,False
SIN-0158,POL-0158,ASEG-0126,Vehículos,LOJ-1847,Choque,2024-11-28,2024-11-28,0,4376,4484,4129,Liquidado,Guayaquil,TALLER-013,Colisión en tráfico urbano con parte policial y fotografías.,True,False,304,61,0,15000,0.13,,2024-01-29,2025-01-28,396,Agente,Expirada,Espinoza Rueda Cinthya Dayana,Natural,Ibarra,5,2,1,1,1,Bajo,Taller Chimborazo Express,Automotriz,Loja,25,False,No,,3,0,1,0,0,1,0,0,1,0,0,0,0,0,0.2917,,False,False,False,False,False,False,False,False,False,,False,False,False,False,False,False,False,False,False,False,False,0,,False,False,False,False,0.0,17,False,True,27,0.0852,-1,16.4,False
SIN-0159,POL-0159,ASEG-0151,Salud,,Cirugía,2025-06-15,2025-06-17,2,6548,6140,5519,Pago Total,Guayaquil,HOSP-004,Intervención de urgencia con facturas adjuntas.,True,False,262,103,0,40000,0.08,,2024-09-26,2025-09-26,1258,Broker,Expirada,Brito Ordóñez Henry Omar,Natural,Quito,7,3,0,1,1,Bajo,Hospital Básico Guayaquil,Salud,Loja,5,False,No,,3,0,0,1,0,0,0,0,0,1,0,1,0,0,0.1637,,False,False,False,False,False,False,False,False,False,,False,False,False,False,False,False,False,False,False,False,False,0,,False,False,False,False,0.0,4,False,False,29,0.0,-1,7.3,True
SIN-0160,POL-0160,ASEG-0182,Vehículos,LOJ-5523,Robo de Accesorios,2024-07-26,2024-08-03,8,14665,11506,0,Negativa,Portoviejo,TALLER-999,Colisión en rotonda con vehículo de tercero.,False,True,25,340,3,15000,0.81,,2024-07-01,2025-07-01,410,Digital,Expirada,Aguirre Bermeo Liliana Alexandra,Natural,Manta,2,2,6,6,2,Alto,Taller No Registrado — Asociado a red de fraude,Automotriz,Portoviejo,12,True,Sí,,3,0,0,0,0,1,0,0,1,0,0,0,0,0,0.9777,,True,False,True,True,False,False,False,False,False,,False,False,False,False,False,False,False,False,False,False,False,0,,False,False,False,False,0.0,15,False,True,6,0.1095,-1,63.1,False
SIN-0161,POL-0161,ASEG-0164,Vehículos,TNB-1029,Robo de Accesorios,2025-05-06,2025-05-07,1,4835,4503,4345,Pago Total,Guayaquil,TALLER-018,Robo de accesorios en zona residencial.,True,False,237,128,0,12000,0.09,,2024-09-11,2025-09-11,272,Broker,Expirada,Pacheco Vélez Gloria Susana,Natural,Guayaquil,7,2,1,1,1,Bajo,Automotriz Ambato Central,Automotriz,Ibarra,15,False,No,,3,0,1,0,0,0,0,0,0,0,0,0,0,1,0.4029,,False,False,False,False,False,False,False,False,False,,False,False,False,False,False,False,False,False,False,False,False,0,,False,False,False,False,0.0,16,False,True,7,0.1055,-1,13.2,False
SIN-0162,POL-0162,ASEG-0064,Vehículos,GYE-1029,Cristales,2024-09-12,2024-09-18,6,10072,9299,0,Pago Parcial,Guayaquil,TALLER-015,Vidrio lateral roto por vandalismo.,True,False,76,289,2,18000,0.39,,2024-06-28,2025-06-28,522,Digital,Expirada,Silva Intriago Katherine Noemi,Natural,Guayaquil,2,3,3,7,0,Alto,Automotriz Sur Azuay,Automotriz,Manta,18,False,No,,2,0,0,0,0,0,0,0,0,0,0,0,0,1,0.5596,,False,False,False,False,False,False,False,False,False,,False,False,False,False,False,False,False,False,False,False,False,0,,False,False,False,False,0.0,18,False,True,21,0.1048,-1,35.0,False
SIN-0163,POL-0163,ASEG-0123,Vehículos,LOJ-5523,Robo de Accesorios,2024-03-31,2024-04-02,2,11488,7037,0,Reserva,Manta,TALLER-777,Robo de airbags y pantalla en parqueadero.,False,True,7,358,1,25000,0.46,,2024-03-24,2025-03-24,476,Agente,Expirada,Ortega Suárez Héctor Guillermo,Natural,Loja,0,3,0,2,1,Medio,Mecánica Sin Nombre — Facturación irregular,Automotriz,Ambato,10,True,Sí,,3,0,1,0,0,0,0,0,1,0,0,0,0,1,0.4595,,True,False,False,False,False,False,False,False,False,,False,False,False,False,False,False,False,False,False,False,False,0,,False,False,False,False,0.0,18,False,True,2,0.1055,-1,39.9,False
SIN-0164,POL-0164,ASEG-0181,Vehículos,SDO-5523,Choque,2025-02-25,2025-02-25,0,5274,5132,4857,Pago Total,Ibarra,TALLER-012,Impacto lateral en intersección con semáforo.,True,False,87,278,0,12000,0.13,,2024-11-30,2025-11-30,318,Broker,Expirada,Delgado Cevallos Iván Rodrigo,Natural,Quito,0,1,1,1,0,Bajo,Serviautos Litoral,Automotriz,Riobamba,23,False,No,,2,0,0,0,0,0,0,0,1,0,0,0,0,1,0.4395,,False,False,False,False,False,False,False,False,False,,False,False,False,False,False,False,False,False,False,False,False,0,,False,False,False,False,0.0,13,False,True,3,0.208,-1,14.7,False
SIN-0165,POL-0165,ASEG-0013,Vehículos,GYE-2918,Pérdida Total,2025-07-13,2025-07-13,0,7785,7769,7022,Liquidado,Portoviejo,TALLER-007,Vehículo totalmente siniestrado en volcamiento.,True,False,278,87,0,25000,0.12,,2024-10-08,2025-10-08,504,Broker,Expirada,Cabrera Yépez Marcelo Javier,Natural,Ibarra,1,2,0,5,0,Alto,Multiservicios Automotrices EC,Automotriz,Ambato,17,False,No,,2,0,1,0,0,0,0,0,0,0,0,0,0,0,0.3114,,False,False,False,False,False,False,False,False,False,,False,False,False,False,False,False,False,False,False,False,False,0,,False,False,False,False,0.0,17,False,True,17,0.0928,-1,15.7,False
SIN-0166,POL-0166,ASEG-0021,Vehículos,LOJ-2847,Pérdida Total,2024-07-01,2024-07-14,13,21175,12934,0,Negativa,Guayaquil,TALLER-002,Rotura de parabrisas por impacto de piedra.,False,False,25,340,1,22000,0.85,,2024-06-06,2025-06-06,541,Agente,Expirada,Ramírez Peñafiel Carmen Susana,Natural,Manta,6,1,3,3,2,Medio,Automotriz Centro Sur,Automotriz,Cuenca,23,False,No,,2,0,0,0,0,1,0,0,0,0,0,0,0,1,0.9625,,True,False,True,True,True,False,False,False,False,,False,False,False,False,False,False,False,False,False,False,False,0,,False,False,False,False,0.0,27,False,True,19,0.1435,-1,71.1,True
SIN-0167,POL-0167,ASEG-0145,Vehículos,GYE-7384,Choque,2025-10-18,2025-10-20,2,650,630,593,Pago Total,Cuenca,TALLER-008,"Accidente múltiple de madrugada, daños en carrocería.",True,False,271,94,2,10000,0.11,,2025-01-20,2026-01-20,192,Agente,Expirada,Carrillo Cabrera Patricio German,Natural,Quito,0,2,0,3,0,Medio,Reparaciones Viales Cía.,Automotriz,Manta,21,False,No,,2,0,0,0,0,1,0,0,0,0,0,0,0,1,0.065,,False,False,False,False,False,False,False,False,False,,False,False,False,False,False,False,False,False,False,False,False,0,,False,False,False,False,0.0,20,False,True,15,0.0942,-1,16.3,False
SIN-0168,POL-0168,ASEG-0102,Vehículos,LOJ-1847,Cristales,2024-10-09,2024-10-10,1,29499,21904,0,Investigación,Quito,TALLER-002,Rotura de parabrisas por impacto de piedra.,False,False,25,340,1,30000,0.43,,2024-09-14,2025-09-14,918,Digital,Expirada,Ulloa Morocho Gonzalo Patricio,Natural,Cuenca,8,3,2,2,0,Medio,Automotriz Centro Sur,Automotriz,Cuenca,23,False,No,,3,0,1,0,0,0,0,0,0,0,0,0,0,1,0.9833,,True,False,False,False,False,False,False,False,False,,False,False,False,False,False,False,False,False,False,False,False,0,,False,False,False,False,0.0,27,False,True,19,0.1435,-1,41.7,False
SIN-0169,POL-0169,ASEG-0153,Hogar,,Daño por Agua,2025-03-26,2025-03-26,0,23403,21779,0,Pago Parcial,Loja,PROV-015,Fuga de tubería con daños en piso y paredes.,False,False,78,287,3,50000,0.74,,2025-01-07,2026-01-07,947,Digital,Expirada,Jiménez Vargas Patricia Elena,Natural,Esmeraldas,5,1,3,4,0,Alto,Reparaciones Domésticas EC,Servicios,Ambato,12,False,No,,2,0,0,0,0,1,0,1,0,0,0,0,0,0,0.4681,,False,False,False,True,False,False,False,False,False,,False,False,False,False,False,False,False,False,False,False,False,0,,False,False,False,False,0.0,5,False,False,26,0.108,-1,53.9,True
SIN-0170,POL-0170,ASEG-0146,Hogar,,Rotura de Cristales,2025-04-21,2025-04-22,1,5136,4949,0,Investigación,Portoviejo,PROV-021,Siniestro reportado con documentación.,True,False,88,277,1,15000,0.76,,2025-01-23,2026-01-23,464,Digital,Expirada,Ramos Loor Freddy Oswaldo,Natural,Riobamba,8,1,1,2,0,Medio,Reparaciones Tungurahua,Servicios,Cuenca,17,False,No,,2,0,1,0,0,0,0,0,0,0,1,0,0,0,0.3424,,False,False,False,True,False,False,False,False,False,,False,False,False,False,False,False,False,False,False,False,False,0,,False,False,False,False,0.0,70,False,True,9,0.0,-1,83.2,False
SIN-0171,POL-0171,ASEG-0104,Vehículos,MNT-2918,Robo,2024-11-20,2024-12-03,13,8955,6673,0,Negativa,Portoviejo,TALLER-012,Robo con violencia en domicilio.,False,False,13,352,0,22000,0.38,,2024-11-07,2025-11-07,408,Agente,Expirada,Salcedo Ponce Margoth Elizabeth,Natural,Loja,1,1,0,1,0,Bajo,Serviautos Litoral,Automotriz,Riobamba,23,False,No,,2,0,0,0,0,1,0,0,1,0,0,0,0,0,0.407,,True,False,True,False,False,False,False,False,False,,False,False,False,False,False,False,False,False,False,False,False,0,,False,False,False,False,0.0,30,False,True,4,0.1055,-1,39.5,False
SIN-0172,POL-0172,ASEG-0059,Vehículos,AZY-5573,Robo,2025-10-15,2025-10-17,2,2926,2772,2713,Pago Total,Ambato,TALLER-015,Robo con violencia en domicilio.,True,False,273,92,1,25000,0.21,,2025-01-15,2026-01-15,721,Digital,Expirada,Mendoza Ríos Marco Vinicio,Natural,Ibarra,1,3,5,5,2,Alto,Automotriz Sur Azuay,Automotriz,Manta,18,False,No,,2,0,0,0,0,1,0,0,1,0,0,0,0,0,0.117,,False,False,False,False,False,False,False,False,False,,False,False,False,False,False,False,False,False,False,False,False,0,,False,False,False,False,0.0,30,False,True,4,0.1055,-1,27.6,False
SIN-0173,POL-0173,ASEG-0017,Hogar,,Daño por Agua,2024-10-07,2024-10-07,0,7630,7849,7142,Pago Total,Esmeraldas,PROV-014,Humedad por filtración desde techo.,True,False,74,291,1,20000,0.1,,2024-07-25,2025-07-25,579,Broker,Expirada,Ulloa Morocho Gonzalo Patricio,Natural,Manta,5,1,1,2,0,Medio,Servicios Hogar Ecuador,Servicios,Quito,10,False,No,,2,0,1,0,0,1,0,0,0,0,0,0,0,0,0.3815,,False,False,False,False,False,False,False,False,False,,False,False,False,False,False,False,False,False,False,False,False,0,,False,False,False,False,0.0,8,False,False,1,0.0,-1,10.4,True
SIN-0174,POL-0174,ASEG-0071,Vehículos,SDO-1847,Responsabilidad Civil,2024-11-29,2024-11-29,0,6238,5882,5790,Pago Total,Riobamba,TALLER-015,Raspón lateral a vehículo estacionado.,True,False,75,290,1,22000,0.14,,2024-09-15,2025-09-15,592,Bancaseguros,Expirada,Núñez Andrade Verónica Paola,Natural,Esmeraldas,5,1,1,4,1,Alto,Automotriz Sur Azuay,Automotriz,Manta,18,False,No,,2,0,0,0,0,1,0,0,1,0,0,0,0,0,0.2835,,False,False,False,False,False,False,False,False,False,,False,False,False,False,False,False,False,False,False,False,False,0,,False,False,False,False,0.0,12,False,True,18,0.1083,-1,14.9,False
SIN-0175,POL-0175,ASEG-0073,Vehículos,PIC-2847,Choque,2024-03-14,2024-03-16,2,5736,5324,0,Investigación,Ibarra,TALLER-001,Impacto lateral en intersección con semáforo.,True,False,48,317,2,12000,0.16,,2024-01-26,2025-01-25,359,Digital,Expirada,Ruiz Andrade Patricia Elena,Natural,Quito,6,1,3,7,0,Alto,Taller El Norte Cía. Ltda.,Automotriz,Ambato,11,False,No,,2,0,0,0,0,1,0,0,1,0,0,0,0,0,0.478,,False,False,False,False,False,False,False,False,False,,False,False,False,False,False,False,False,False,False,False,False,0,,False,False,False,False,0.0,13,False,True,3,0.208,-1,16.8,False
SIN-0176,POL-0176,ASEG-0154,Vehículos,LOJ-1847,Choque,2024-11-25,2024-11-26,1,11674,11436,10363,Pago Total,Manta,TALLER-016,Colisión en tráfico urbano con parte policial y fotografías.,True,False,200,165,0,30000,0.27,,2024-05-09,2025-05-09,878,Digital,Expirada,Palacios Andrade Cristóbal Sebastián,Natural,Guayaquil,4,1,0,1,0,Bajo,Servicio Técnico Loja,Automotriz,Ibarra,20,False,No,,3,0,0,0,0,1,0,0,1,0,0,0,0,0,0.3891,,False,False,False,False,False,False,False,False,False,,False,False,False,False,False,False,False,False,False,False,False,0,,False,False,False,False,0.0,17,False,True,27,0.0852,-1,26.2,False
SIN-0177,POL-0177,ASEG-0131,Vehículos,AZY-1847,Cristales,2025-02-06,2025-02-07,1,13356,13399,13176,Pago Total,Loja,TALLER-012,Rotura de parabrisas por impacto de piedra.,True,False,115,250,1,30000,0.07,,2024-10-14,2025-10-14,796,Agente,Expirada,Flores Castillo Roberto Antonio,Natural,Ibarra,5,2,3,3,0,Medio,Serviautos Litoral,Automotriz,Riobamba,23,False,No,,3,0,0,0,0,1,0,0,1,0,0,0,0,0,0.4452,,False,False,False,False,False,False,False,False,False,,False,False,False,False,False,False,False,False,False,False,False,0,,False,False,False,False,0.0,27,False,True,19,0.1435,-1,16.5,False
SIN-0178,POL-0178,ASEG-0015,Vehículos,PIC-3847,Robo de Accesorios,2024-12-18,2024-12-19,1,10157,9606,0,Investigación,Ibarra,TALLER-007,Robo de airbags y pantalla en parqueadero.,True,False,14,351,0,20000,0.65,,2024-12-04,2025-12-04,551,Agente,Expirada,Montoya Llorente Daniela Fernanda,Natural,Loja,1,2,0,1,1,Bajo,Multiservicios Automotrices EC,Automotriz,Ambato,17,False,No,,3,0,0,0,0,1,0,0,0,0,0,0,0,1,0.5078,,True,False,False,False,False,False,False,False,False,,False,False,False,False,False,False,False,False,False,False,False,0,,False,False,False,False,0.0,18,False,True,2,0.1055,-1,53.2,False
SIN-0179,POL-0179,ASEG-0176,Hogar,,Rotura de Cristales,2024-12-18,2024-12-23,5,12263,9105,0,Investigación,Riobamba,PROV-019,Rotura de parabrisas por impacto de piedra.,False,False,9,356,0,25000,0.92,,2024-12-09,2025-12-09,628,Digital,Expirada,Hidalgo Zurita Alexandra Paola,Natural,Portoviejo,2,1,3,3,1,Medio,Reparaciones Norte Ecuador,Servicios,Esmeraldas,10,False,No,,3,0,1,0,0,0,0,1,0,0,1,0,0,0,0.4905,,True,False,False,True,True,False,False,False,False,,False,False,False,False,False,False,False,False,False,False,False,0,,False,False,False,False,0.0,27,False,True,19,0.1435,-1,76.0,True
SIN-0180,POL-0180,ASEG-0108,Salud,,Consulta Externa,2024-06-02,2024-06-13,11,34510,26236,0,Negativa,Loja,PROV-022,Sustracción de bienes durante ausencia del hogar.,False,False,20,345,0,60000,0.85,,2024-05-13,2025-05-13,1327,Broker,Expirada,Benítez Arcos Luis Fernando,Natural,Cuenca,2,2,1,1,0,Bajo,Técnicos Especializados EC,Servicios,Guayaquil,12,False,No,,3,0,0,1,0,0,1,0,0,1,0,0,0,0,0.5752,,True,False,True,True,True,False,False,False,False,,False,False,False,False,False,False,False,False,False,False,False,0,,False,False,False,False,0.0,36,False,True,13,0.1176,-1,74.9,True
SIN-0181,POL-0181,ASEG-0036,Vehículos,IBR-1029,Robo,2024-08-22,2024-08-31,9,17119,11800,0,Investigación,Loja,TALLER-013,Sustracción de bienes durante ausencia del hogar.,False,False,25,340,2,30000,0.49,,2024-07-28,2025-07-28,915,Digital,Expirada,Pérez Vásquez Ana Lucía,Natural,Esmeraldas,7,2,3,5,2,Alto,Taller Chimborazo Express,Automotriz,Loja,25,False,No,,2,0,0,0,0,1,0,0,1,0,0,0,0,0,0.5706,,True,False,True,False,False,False,False,False,False,,False,False,False,False,False,False,False,False,False,False,False,0,,False,False,False,False,0.0,36,False,True,13,0.1176,-1,49.7,False
SIN-0182,POL-0182,ASEG-0195,Vehículos,IBR-7291,Robo,2025-04-11,2025-04-13,2,4801,4413,0,Reserva,Portoviejo,TALLER-002,Robo de joyas y equipos electrónicos.,True,False,75,290,0,12000,0.23,,2025-01-26,2026-01-26,298,Broker,Expirada,Cordero Alvarado Beatriz Elena,Natural,Esmeraldas,1,3,1,1,1,Bajo,Automotriz Centro Sur,Automotriz,Cuenca,23,False,No,,2,0,1,0,0,0,0,0,0,0,0,0,0,1,0.4001,,False,False,False,False,False,False,False,False,False,,False,False,False,False,False,False,False,False,False,False,False,0,,False,False,False,False,0.0,24,False,True,12,0.1055,-1,26.4,False
SIN-0183,POL-0183,ASEG-0004,Vehículos,IBR-4918,Responsabilidad Civil,2024-06-10,2024-06-11,1,3073,2910,0,Reserva,Esmeraldas,TALLER-003,"Impacto posterior en intersección, tercero no identificado.",True,False,64,301,1,8000,0.14,,2024-04-07,2025-04-07,220,Digital,Expirada,Pacheco Vélez Gloria Susana,Natural,Ibarra,3,2,4,7,0,Alto,Mecánica Imbabura S.A.,Automotriz,Manta,26,False,No,,3,0,1,0,0,0,0,0,1,0,0,0,0,1,0.3841,,False,False,False,False,False,False,False,False,False,,False,False,False,False,False,False,False,False,False,False,False,0,,False,False,False,False,0.0,12,False,True,22,0.208,-1,14.9,False
SIN-0184,POL-0184,ASEG-0075,Salud,,Urgencias,2024-12-15,2024-12-26,11,27462,21202,0,Negativa,Esmeraldas,PROV-014,Siniestro reportado con documentación.,False,True,44,321,2,60000,0.37,,2024-11-01,2025-11-01,1364,Agente,Expirada,Aguirre Bermeo Liliana Alexandra,Natural,Portoviejo,3,2,1,6,2,Alto,Servicios Hogar Ecuador,Servicios,Quito,10,False,No,,3,0,0,1,0,0,0,0,0,1,0,1,0,0,0.4577,,False,False,True,False,False,False,False,False,False,,False,False,False,False,False,False,False,False,False,False,False,0,,False,False,False,False,0.0,70,False,True,9,0.0,-1,55.9,False
SIN-0185,POL-0185,ASEG-0032,Hogar,,Daño por Agua,2024-10-03,2024-10-05,2,12456,12517,11044,Liquidado,Quito,PROV-020,Inundación por lluvias intensas.,True,False,84,281,0,40000,0.3,,2024-07-11,2025-07-11,863,Agente,Expirada,Ulloa Morocho Gonzalo Patricio,Natural,Riobamba,7,3,1,4,2,Alto,Servicios Generales GYE,Servicios,Esmeraldas,17,False,No,,2,0,0,0,0,1,0,0,0,0,1,0,0,0,0.3114,,False,False,False,False,False,False,False,False,False,,False,False,False,False,False,False,False,False,False,False,False,0,,False,False,False,False,0.0,9,False,False,30,0.0,-1,24.9,True
SIN-0186,POL-0186,ASEG-0141,Vehículos,AZY-6647,Responsabilidad Civil,2025-03-08,2025-03-10,2,5185,4955,0,Investigación,Riobamba,TALLER-005,"Impacto posterior en intersección, tercero no identificado.",True,False,73,292,0,12000,0.57,,2024-12-25,2025-12-25,251,Bancaseguros,Expirada,Andrade Viteri Sandra Lorena,Natural,Guayaquil,7,1,2,3,1,Medio,Taller Portuario Guayaquil,Automotriz,Portoviejo,21,False,No,,2,0,0,0,0,1,0,0,0,0,0,0,0,0,0.4321,,False,False,False,False,False,False,False,False,False,,False,False,False,False,False,False,False,False,False,False,False,0,,False,False,False,False,0.0,12,False,True,22,0.208,-1,45.0,False
SIN-0187,POL-0187,ASEG-0073,Vehículos,IBR-3847,Choque,2024-11-22,2024-11-23,1,6627,6809,0,Investigación,Guayaquil,TALLER-020,Impacto lateral en intersección con semáforo.,True,False,72,293,3,15000,0.59,,2024-09-11,2025-09-11,398,Digital,Expirada,Ruiz Andrade Patricia Elena,Natural,Quito,6,1,3,7,0,Alto,Taller Quito Sur Cía.,Automotriz,Guayaquil,24,False,No,,3,0,1,0,0,0,0,0,0,0,0,0,0,1,0.4418,,False,False,False,False,False,False,False,False,False,,False,False,False,False,False,False,False,False,False,False,False,0,,False,False,False,False,0.0,13,False,True,3,0.208,-1,46.9,False
SIN-0188,POL-0188,ASEG-0004,Salud,,Hospitalización,2024-11-29,2024-11-30,1,68769,54546,0,Negativa,Guayaquil,PROV-021,Hospitalización por cuadro febril agudo.,False,True,40,325,2,80000,0.32,,2024-10-20,2025-10-20,1993,Broker,Expirada,Pacheco Vélez Gloria Susana,Natural,Ibarra,3,2,4,7,0,Alto,Reparaciones Tungurahua,Servicios,Cuenca,17,False,No,,2,0,0,0,0,0,1,0,0,0,0,1,0,0,0.8596,,False,False,False,False,False,False,False,False,False,,False,False,False,False,False,False,False,False,False,False,False,0,,False,False,False,False,0.0,9,False,False,14,0.14,-1,26.3,True
SIN-0189,POL-0189,ASEG-0093,Vehículos,SDO-5523,Cristales,2024-09-12,2024-09-14,2,3650,3736,0,Investigación,Loja,TALLER-011,Parabrisas fisurado en autopista.,True,False,37,328,1,10000,0.29,,2024-08-06,2025-08-06,193,Bancaseguros,Expirada,Ramos Loor Freddy Oswaldo,Natural,Ambato,6,3,5,6,2,Alto,Mecánica Tungurahua,Automotriz,Quito,16,False,No,,2,0,1,0,0,0,0,0,0,0,0,0,0,0,0.365,,False,False,False,False,False,False,False,False,False,,False,False,False,False,False,False,False,False,False,False,False,0,,False,False,False,False,0.0,14,False,True,11,0.1435,-1,26.3,False
SIN-0190,POL-0190,ASEG-0096,Vehículos,MNT-0847,Responsabilidad Civil,2024-11-11,2024-11-13,2,8095,8130,7931,Liquidado,Cuenca,TALLER-005,"Impacto posterior en intersección, tercero no identificado.",True,False,257,108,0,22000,0.26,,2024-02-28,2025-02-27,519,Broker,Expirada,Almeida Granda Fernando Eduardo,Natural,Esmeraldas,1,2,2,3,1,Medio,Taller Portuario Guayaquil,Automotriz,Portoviejo,21,False,No,,3,0,1,0,0,0,0,0,0,0,0,0,0,1,0.368,,False,False,False,False,False,False,False,False,False,,False,False,False,False,False,False,False,False,False,False,False,0,,False,False,False,False,0.0,12,False,True,22,0.208,-1,23.3,False
SIN-0191,POL-0191,ASEG-0027,Vehículos,MNT-2918,Pérdida Total,2025-05-16,2025-05-17,1,11809,12215,11815,Liquidado,Portoviejo,TALLER-020,Vehículo destruido en accidente de tránsito.,True,False,254,111,1,30000,0.2,,2024-09-04,2025-09-04,825,Digital,Expirada,García Morales Luis Eduardo,Natural,Ambato,8,3,1,2,2,Medio,Taller Quito Sur Cía.,Automotriz,Guayaquil,24,False,No,,2,0,1,0,0,0,0,0,0,0,0,0,0,1,0.3936,,False,False,False,False,False,False,False,False,False,,False,False,False,False,False,False,False,False,False,False,False,0,,False,False,False,False,0.0,10,False,True,5,0.109,-1,18.3,False
SIN-0192,POL-0192,ASEG-0113,Vehículos,PDO-1029,Choque,2024-06-24,2024-07-11,17,8666,6053,0,Investigación,Guayaquil,TALLER-020,Robo con violencia en domicilio.,False,False,42,323,4,20000,0.86,,2024-05-13,2025-05-13,363,Digital,Expirada,Mora Loza Adriana Marcela,Natural,Guayaquil,1,1,5,5,0,Alto,Taller Quito Sur Cía.,Automotriz,Guayaquil,24,False,No,,2,0,1,0,0,0,0,0,1,0,0,0,0,0,0.4333,,False,False,True,True,True,False,False,False,False,,False,False,False,False,False,False,False,False,False,False,False,0,,False,False,False,False,0.0,30,False,True,4,0.1055,-1,73.1,True
SIN-0193,POL-0193,ASEG-0143,Vehículos,AZY-6647,Robo de Accesorios,2024-03-28,2024-03-29,1,7074,5748,0,Reserva,Quito,TALLER-016,Sustracción de rines y estéreo durante la noche.,True,False,82,283,3,12000,0.17,,2024-01-06,2025-01-05,301,Broker,Expirada,Núñez Andrade Verónica Paola,Natural,Riobamba,5,2,5,5,0,Alto,Servicio Técnico Loja,Automotriz,Ibarra,20,False,No,,3,0,1,0,0,1,0,0,0,0,0,0,0,1,0.5895,,False,False,False,False,False,False,False,False,False,,False,False,False,False,False,False,False,False,False,False,False,0,,False,False,False,False,0.0,14,False,True,25,0.1176,-1,17.9,False
SIN-0194,POL-0194,ASEG-0118,Salud,,Urgencias,2024-12-15,2024-12-16,1,945,918,811,Liquidado,Portoviejo,HOSP-001,Siniestro reportado con documentación.,True,False,120,245,2,20000,0.24,,2024-08-17,2025-08-17,600,Bancaseguros,Expirada,Salcedo Ponce Margoth Elizabeth,Natural,Manta,8,3,3,3,0,Medio,Clínica Santa Cecilia,Salud,Ambato,8,False,No,,2,0,0,0,0,0,1,0,0,0,0,1,0,0,0.0472,,False,False,False,False,False,False,False,False,False,,False,False,False,False,False,False,False,False,False,False,False,0,,False,False,False,False,0.0,70,False,True,9,0.0,-1,46.8,False
SIN-0195,POL-0195,ASEG-0168,Vehículos,PIC-7291,Cristales,2024-08-04,2024-08-22,18,10543,6702,0,Investigación,Riobamba,TALLER-008,Impacto lateral en intersección con semáforo.,False,False,42,323,0,20000,0.8,,2024-06-23,2025-06-23,591,Broker,Expirada,Bonilla Torres Nathaly Carolina,Natural,Guayaquil,3,3,1,3,2,Medio,Reparaciones Viales Cía.,Automotriz,Manta,21,False,No,,3,0,0,0,0,1,0,0,0,0,0,0,0,1,0.5272,,False,False,True,True,False,False,False,False,False,,False,False,False,False,False,False,False,False,False,False,False,0,,False,False,False,False,0.0,13,False,True,3,0.208,-1,61.6,False
SIN-0196,POL-0196,ASEG-0141,Vehículos,IBR-4918,Robo de Accesorios,2025-05-05,2025-05-07,2,2077,1979,1788,Liquidado,Loja,TALLER-016,Robo de accesorios en zona residencial.,True,False,131,234,1,10000,0.24,,2024-12-25,2025-12-25,186,Bancaseguros,Expirada,Andrade Viteri Sandra Lorena,Natural,Guayaquil,7,1,2,3,1,Medio,Servicio Técnico Loja,Automotriz,Ibarra,20,False,No,,3,0,1,0,0,0,0,0,1,0,0,0,0,0,0.2077,,False,False,False,False,False,False,False,False,False,,False,False,False,False,False,False,False,False,False,False,False,0,,False,False,False,False,0.0,16,False,True,7,0.1055,-1,23.7,False
SIN-0197,POL-0197,ASEG-0184,Vehículos,MNT-5834,Responsabilidad Civil,2025-04-10,2025-04-17,7,6536,6043,0,Investigación,Guayaquil,TALLER-002,Accidente en vía rápida con daño a tercero.,True,False,78,287,1,22000,0.39,,2025-01-22,2026-01-22,410,Broker,Expirada,Naranjo Velasco Edwin Patricio,Natural,Riobamba,1,2,1,2,1,Medio,Automotriz Centro Sur,Automotriz,Cuenca,23,False,No,,2,0,1,0,0,1,0,0,0,0,0,0,0,0,0.2971,,False,False,False,False,False,False,False,False,False,,False,False,False,False,False,False,False,False,False,False,False,0,,False,False,False,False,0.0,13,False,True,16,0.096,-1,32.9,False
SIN-0198,POL-0198,ASEG-0131,Vehículos,IBR-1029,Robo,2024-06-10,2024-06-17,7,6201,5384,0,Pago Parcial,Portoviejo,TALLER-012,Robo de joyas y equipos electrónicos.,False,False,73,292,2,12000,0.37,,2024-03-29,2025-03-29,233,Bancaseguros,Expirada,Flores Castillo Roberto Antonio,Natural,Ibarra,5,2,3,3,0,Medio,Serviautos Litoral,Automotriz,Riobamba,23,False,No,,2,0,1,0,0,0,0,0,0,0,0,0,0,0,0.5168,,False,False,False,False,False,False,False,False,False,,False,False,False,False,False,False,False,False,False,False,False,0,,False,False,False,False,0.0,24,False,True,12,0.1055,-1,36.2,False
SIN-0199,POL-0199,ASEG-0106,Vehículos,LOJ-2847,Robo de Accesorios,2024-07-18,2024-07-20,2,13728,14143,0,Reserva,Esmeraldas,TALLER-006,Robo de airbags y pantalla en parqueadero.,True,False,46,319,1,28000,0.31,,2024-06-02,2025-06-02,841,Digital,Expirada,Andrade Viteri Sandra Lorena,Natural,Quito,1,1,1,4,1,Alto,Auto Service Quito Norte,Automotriz,Guayaquil,15,False,No,,2,0,0,0,0,1,0,0,1,0,0,0,0,0,0.4903,,False,False,False,False,False,False,False,False,False,,False,False,False,False,False,False,False,False,False,False,False,0,,False,False,False,False,0.0,18,False,True,2,0.1055,-1,29.4,False
SIN-0200,POL-0200,ASEG-0182,Hogar,,Robo,2024-10-19,2024-10-22,3,13525,9482,0,Investigación,Loja,PROV-018,Vehículo destruido en accidente de tránsito.,False,False,5,360,4,30000,0.94,,2024-10-14,2025-10-14,785,Broker,Expirada,Aguirre Bermeo Liliana Alexandra,Natural,Manta,2,2,6,6,2,Alto,Hogar Seguro S.A.,Servicios,Ambato,17,False,No,,3,0,0,0,0,1,0,1,0,0,1,0,0,0,0.4508,,True,False,False,True,True,False,False,False,False,,False,False,False,False,False,False,False,False,False,False,False,0,,False,False,False,False,0.0,10,False,True,5,0.109,-1,70.1,True
SIN-0201,POL-0201,ASEG-0038,Vehículos,AZY-2918,Choque,2024-05-24,2024-06-09,16,15011,9806,0,Reserva,Ambato,TALLER-012,"Golpe trasero en cola de tráfico, testigos presentes.",False,False,40,325,1,28000,0.51,,2024-04-14,2025-04-14,517,Bancaseguros,Expirada,Espinoza Rueda Cinthya Dayana,Natural,Quito,2,3,2,5,0,Alto,Serviautos Litoral,Automotriz,Riobamba,23,False,No,,3,0,1,0,0,0,0,0,1,0,0,0,0,0,0.5361,,False,False,True,False,False,False,False,False,False,,False,False,False,False,False,False,False,False,False,False,False,0,,False,False,False,False,0.0,19,False,True,0,0.0752,-1,43.8,False
SIN-0202,POL-0202,ASEG-0176,Vehículos,PDO-1029,Responsabilidad Civil,2024-11-09,2024-11-09,0,2631,2642,2564,Liquidado,Esmeraldas,TALLER-007,Accidente en vía rápida con daño a tercero.,True,False,286,79,1,8000,0.28,,2024-01-28,2025-01-27,227,Agente,Expirada,Hidalgo Zurita Alexandra Paola,Natural,Portoviejo,2,1,3,3,1,Medio,Multiservicios Automotrices EC,Automotriz,Ambato,17,False,No,,3,0,1,0,0,0,0,0,1,0,0,0,0,0,0.3289,,False,False,False,False,False,False,False,False,False,,False,False,False,False,False,False,False,False,False,False,False,0,,False,False,False,False,0.0,13,False,True,16,0.096,-1,25.2,False
SIN-0203,POL-0203,ASEG-0175,Hogar,,Robo,2025-01-02,2025-01-03,1,3733,3717,3384,Pago Total,Cuenca,PROV-021,Robo de joyas y equipos electrónicos.,True,False,279,86,0,40000,0.19,,2024-03-29,2025-03-29,1008,Bancaseguros,Expirada,García Morales Luis Eduardo,Natural,Quito,0,1,0,1,1,Bajo,Reparaciones Tungurahua,Servicios,Cuenca,17,False,No,,3,0,0,0,0,1,0,1,0,0,1,0,0,0,0.0933,,False,False,False,False,False,False,False,False,False,,False,False,False,False,False,False,False,False,False,False,False,0,,False,False,False,False,0.0,24,False,True,12,0.1055,-1,23.6,False
SIN-0204,POL-0204,ASEG-0040,Salud,,Consulta Externa,2024-02-10,2024-02-11,1,39815,37081,0,Reserva,Portoviejo,PROV-022,Siniestro reportado con documentación.,False,False,14,351,1,80000,0.12,,2024-01-27,2025-01-26,2129,Broker,Expirada,Benítez Arcos Luis Fernando,Natural,Cuenca,8,1,1,2,1,Medio,Técnicos Especializados EC,Servicios,Guayaquil,12,False,No,,2,0,0,0,0,0,0,0,0,1,0,1,0,0,0.4977,,True,False,False,False,False,False,False,False,False,,False,False,False,False,False,False,False,False,False,False,False,0,,False,False,False,False,0.0,70,False,True,9,0.0,-1,38.4,False
SIN-0205,POL-0205,ASEG-0140,Vehículos,LOJ-8834,Robo de Accesorios,2024-10-03,2024-10-04,1,2591,2637,2488,Liquidado,Ibarra,TALLER-004,Robo de accesorios en zona residencial.,True,False,229,136,1,20000,0.14,,2024-02-17,2025-02-16,422,Bancaseguros,Expirada,Rodríguez Cárdenas María José,Natural,Portoviejo,1,3,2,3,1,Medio,Servicio Express Loja,Automotriz,Ibarra,24,False,No,,3,0,0,0,0,0,0,0,1,0,0,0,0,1,0.1296,,False,False,False,False,False,False,False,False,False,,False,False,False,False,False,False,False,False,False,False,False,0,,False,False,False,False,0.0,16,False,True,7,0.1055,-1,16.7,False
SIN-0206,POL-0206,ASEG-0062,Salud,,Maternidad,2024-08-30,2024-08-31,1,6736,6218,5857,Pago Total,Portoviejo,HOSP-005,Siniestro reportado con documentación.,True,False,118,247,0,20000,0.11,,2024-05-04,2025-05-04,551,Broker,Expirada,Pérez Vásquez Ana Lucía,Natural,Manta,7,2,2,2,0,Medio,Centro Médico del Sur,Salud,Quito,8,False,No,,2,0,0,0,0,0,0,0,0,1,0,1,0,0,0.3368,,False,False,False,False,False,False,False,False,False,,False,False,False,False,False,False,False,False,False,False,False,0,,False,False,False,False,0.0,70,False,True,9,0.0,-1,37.7,False
SIN-0207,POL-0207,ASEG-0012,Vehículos,PDO-1029,Responsabilidad Civil,2024-08-15,2024-08-17,2,8815,8996,8850,Pago Total,Manta,TALLER-004,Accidente en vía rápida con daño a tercero.,True,False,63,302,1,28000,0.07,,2024-06-13,2025-06-13,536,Broker,Expirada,Naranjo Velasco Edwin Patricio,Natural,Quito,6,2,8,8,0,Alto,Servicio Express Loja,Automotriz,Ibarra,24,False,No,,3,0,1,0,0,1,0,0,1,0,0,0,0,0,0.3148,,False,False,False,False,False,False,False,False,False,,False,False,False,False,False,False,False,False,False,False,False,0,,False,False,False,False,0.0,13,False,True,16,0.096,-1,10.5,False
SIN-0208,POL-0208,ASEG-0192,Vehículos,ESM-4847,Cristales,2024-04-19,2024-04-19,0,3582,3328,3256,Pago Total,Cuenca,TALLER-017,Vidrio lateral roto por vandalismo.,True,False,97,268,1,25000,0.09,,2024-01-13,2025-01-12,701,Broker,Expirada,Palacios Andrade Cristóbal Sebastián,Natural,Cuenca,7,1,1,2,1,Medio,Mecánica Manabí,Automotriz,Ibarra,19,False,No,,3,0,0,0,0,0,0,0,1,0,0,0,0,1,0.1433,,False,False,False,False,False,False,False,False,False,,False,False,False,False,False,False,False,False,False,False,False,0,,False,False,False,False,0.0,18,False,True,21,0.1048,-1,14.0,False
SIN-0209,POL-0209,ASEG-0111,Vehículos,PIC-7291,Responsabilidad Civil,2024-08-01,2024-08-03,2,5468,4863,0,Investigación,Quito,TALLER-004,Raspón lateral a vehículo estacionado.,True,False,14,351,1,10000,0.11,,2024-07-18,2025-07-18,255,Bancaseguros,Expirada,Cabrera Yépez Marcelo Javier,Natural,Portoviejo,5,3,2,2,1,Medio,Servicio Express Loja,Automotriz,Ibarra,24,False,No,,2,0,1,0,0,0,0,0,0,0,0,0,0,0,0.5468,,True,False,False,False,False,False,False,False,False,,False,False,False,False,False,False,False,False,False,False,False,0,,False,False,False,False,0.0,12,False,True,18,0.1083,-1,12.8,False
SIN-0210,POL-0210,ASEG-0073,Vehículos,MNT-7384,Pérdida Total,2024-08-28,2024-08-29,1,4559,4553,0,Investigación,Ibarra,TALLER-015,Vehículo totalmente siniestrado en volcamiento.,False,False,38,327,4,8000,0.71,,2024-07-21,2025-07-21,197,Broker,Expirada,Ruiz Andrade Patricia Elena,Natural,Quito,6,1,3,7,0,Alto,Automotriz Sur Azuay,Automotriz,Manta,18,False,No,,3,0,1,0,0,0,0,0,0,0,0,0,0,1,0.5699,,False,False,False,True,False,False,False,False,False,,False,False,False,False,False,False,False,False,False,False,False,0,,False,False,False,False,0.0,17,False,True,17,0.0928,-1,57.0,False
SIN-0211,POL-0211,ASEG-0032,Hogar,,Robo,2025-01-31,2025-02-01,1,12039,12212,11056,Liquidado,Quito,PROV-016,Robo de joyas y equipos electrónicos.,True,False,103,262,1,35000,0.1,,2024-10-20,2025-10-20,823,Digital,Expirada,Ulloa Morocho Gonzalo Patricio,Natural,Riobamba,7,3,1,4,2,Alto,Técnicos del Hogar Cía.,Servicios,Cuenca,16,False,No,,3,0,1,0,0,1,0,0,0,0,1,0,0,0,0.344,,False,False,False,False,False,False,False,False,False,,False,False,False,False,False,False,False,False,False,False,False,0,,False,False,False,False,0.0,24,False,True,12,0.1055,-1,17.3,False
SIN-0212,POL-0212,ASEG-0050,Hogar,,Robo,2025-10-01,2025-10-03,2,7958,7391,6591,Pago Total,Cuenca,PROV-019,Robo de joyas y equipos electrónicos.,True,False,296,69,1,50000,0.19,,2024-12-09,2025-12-09,1297,Agente,Expirada,Vega Montoya Fanny Lorena,Natural,Loja,3,2,3,6,1,Alto,Reparaciones Norte Ecuador,Servicios,Esmeraldas,10,False,No,,2,0,0,0,0,1,0,0,0,0,1,0,0,0,0.1592,,False,False,False,False,False,False,False,False,False,,False,False,False,False,False,False,False,False,False,False,False,0,,False,False,False,False,0.0,24,False,True,12,0.1055,-1,23.6,False
SIN-0213,POL-0213,ASEG-0026,Salud,,Consulta Externa,2024-09-08,2024-09-10,2,8156,7889,7241,Pago Total,Portoviejo,HOSP-002,Siniestro reportado con documentación.,True,False,216,149,0,30000,0.2,,2024-02-05,2025-02-04,673,Digital,Expirada,Torres Espinoza Carlos Andrés,Natural,Portoviejo,5,1,3,3,0,Medio,Hospital Metropolitano Quito,Salud,Quito,3,False,No,,3,0,0,1,0,0,0,0,0,1,0,1,0,0,0.2719,,False,False,False,False,False,False,False,False,False,,False,False,False,False,False,False,False,False,False,False,False,0,,False,False,False,False,0.0,70,False,True,9,0.0,-1,44.0,False
SIN-0214,POL-0214,ASEG-0057,Vehículos,MNT-2918,Cristales,2024-06-04,2024-06-09,5,8408,6955,0,Investigación,Ibarra,TALLER-003,Vidrio lateral roto por vandalismo.,True,False,14,351,0,20000,0.33,,2024-05-21,2025-05-21,398,Broker,Expirada,Rodríguez Cárdenas María José,Natural,Riobamba,5,2,4,5,2,Alto,Mecánica Imbabura S.A.,Automotriz,Manta,26,False,No,,2,0,0,0,0,1,0,0,0,0,0,0,0,1,0.4204,,True,False,False,False,False,False,False,False,False,,False,False,False,False,False,False,False,False,False,False,False,0,,False,False,False,False,0.0,18,False,True,21,0.1048,-1,30.8,False
SIN-0215,POL-0215,ASEG-0138,Salud,,Cirugía,2025-03-20,2025-03-22,2,29854,29712,28889,Liquidado,Ambato,HOSP-001,Intervención de urgencia con facturas adjuntas.,True,False,69,296,0,80000,0.21,,2025-01-10,2026-01-10,1526,Broker,Expirada,López Guerrero Juan Pablo,Natural,Loja,2,1,0,1,0,Bajo,Clínica Santa Cecilia,Salud,Ambato,8,False,No,,3,0,0,1,0,0,1,0,0,0,0,1,0,0,0.3732,,False,False,False,False,False,False,False,False,False,,False,False,False,False,False,False,False,False,False,False,False,0,,False,False,False,False,0.0,4,False,False,29,0.0,-1,16.4,True
SIN-0216,POL-0216,ASEG-0168,Hogar,,Incendio,2024-10-11,2024-10-18,7,7547,6057,0,Reserva,Loja,PROV-016,Incendio estructural por fuga de gas.,True,False,84,281,1,20000,0.13,,2024-07-19,2025-07-19,610,Bancaseguros,Expirada,Bonilla Torres Nathaly Carolina,Natural,Guayaquil,3,3,1,3,2,Medio,Técnicos del Hogar Cía.,Servicios,Cuenca,16,False,No,,2,0,0,0,0,1,0,0,0,0,1,0,0,0,0.3774,,False,False,False,False,False,False,False,False,False,,False,False,False,False,False,False,False,False,False,False,False,0,,False,False,False,False,0.0,4,False,False,23,0.108,-1,10.8,True
SIN-0217,POL-0217,ASEG-0115,Vehículos,AZY-3841,Robo,2024-10-23,2024-11-04,12,25159,12902,0,Investigación,Cuenca,TALLER-015,Robo de joyas y equipos electrónicos.,False,False,7,358,1,30000,0.42,PTACP20261003847,2024-10-16,2025-10-16,817,Broker,Expirada,Vega Montoya Fanny Lorena,Natural,Cuenca,6,3,1,3,2,Medio,Automotriz Sur Azuay,Automotriz,Manta,18,False,No,,2,0,0,0,0,1,0,0,0,0,0,0,1,0,0.8386,,True,False,True,False,False,False,False,False,False,12.0,False,True,False,False,False,False,False,True,False,False,False,1,Parte Policial,True,False,False,False,18.0,24,False,True,12,0.1055,-1,39.7,False
SIN-0218,POL-0218,ASEG-0167,Salud,,Consulta Externa,2025-07-08,2025-07-10,2,6676,6709,6198,Liquidado,Guayaquil,HOSP-005,Siniestro reportado con documentación.,True,False,194,171,1,60000,0.19,,2024-12-26,2025-12-26,1612,Agente,Expirada,Delgado Cevallos Iván Rodrigo,Natural,Manta,7,2,0,2,0,Medio,Centro Médico del Sur,Salud,Quito,8,False,No,,2,0,0,0,0,0,1,0,0,0,0,1,0,0,0.1113,,False,False,False,False,False,False,False,False,False,,False,False,False,False,False,False,False,False,False,False,False,0,,False,False,False,False,0.0,70,False,True,9,0.0,-1,43.3,False
SIN-0219,POL-0219,ASEG-0133,Salud,,Urgencias,2024-07-20,2024-07-21,1,21349,14795,0,Investigación,Loja,PROV-016,Siniestro reportado con documentación.,False,True,25,340,0,50000,0.36,,2024-06-25,2025-06-25,1455,Broker,Expirada,Martínez Alvarado Rosa Elena,Natural,Ibarra,8,1,1,1,1,Bajo,Técnicos del Hogar Cía.,Servicios,Cuenca,16,False,No,,2,0,0,1,0,0,0,0,0,0,0,1,0,0,0.427,,True,False,False,False,False,False,False,False,False,,False,False,False,False,False,False,False,False,False,False,False,0,,False,False,False,False,0.0,70,False,True,9,0.0,-1,55.2,False
SIN-0220,POL-0220,ASEG-0107,Vehículos,TNB-0192,Responsabilidad Civil,2024-09-28,2024-09-28,0,7659,7332,0,Reserva,Guayaquil,TALLER-005,Colisión en rotonda con vehículo de tercero.,True,False,25,340,1,25000,0.27,,2024-09-03,2025-09-03,618,Agente,Expirada,Silva Intriago Katherine Noemi,Natural,Manta,5,1,3,3,1,Medio,Taller Portuario Guayaquil,Automotriz,Portoviejo,21,False,No,,2,0,1,0,0,1,0,0,0,0,0,0,0,0,0.3064,,True,False,False,False,False,False,False,False,False,,False,False,False,False,False,False,False,False,False,False,False,0,,False,False,False,False,0.0,15,False,True,6,0.1095,-1,25.3,False
SIN-0221,POL-0221,ASEG-0047,Vehículos,GYE-2918,Robo de Accesorios,2024-12-07,2024-12-10,3,23728,17774,0,Reserva,Ibarra,TALLER-005,Sustracción de bienes durante ausencia del hogar.,False,False,35,330,0,30000,0.94,,2024-11-02,2025-11-02,808,Bancaseguros,Expirada,Sánchez Herrera Diego Alejandro,Natural,Cuenca,4,2,0,2,0,Medio,Taller Portuario Guayaquil,Automotriz,Portoviejo,21,False,No,,3,0,0,0,0,1,0,0,1,0,0,0,0,1,0.7909,,False,False,False,True,True,False,False,False,False,,False,False,False,False,False,False,False,False,False,False,False,0,,False,False,False,False,0.0,36,False,True,13,0.1176,-1,81.2,True
SIN-0222,POL-0222,ASEG-0043,Salud,,Consulta Externa,2025-03-08,2025-03-08,0,15258,15841,15241,Liquidado,Riobamba,HOSP-005,Siniestro reportado con documentación.,True,False,127,238,0,60000,0.05,,2024-11-01,2025-11-01,1138,Broker,Expirada,Ramírez Peñafiel Carmen Susana,Natural,Riobamba,1,1,2,2,1,Medio,Centro Médico del Sur,Salud,Quito,8,False,No,,3,0,0,1,0,0,1,0,0,1,0,0,0,0,0.2543,,False,False,False,False,False,False,False,False,False,,False,False,False,False,False,False,False,False,False,False,False,0,,False,False,False,False,0.0,70,False,True,9,0.0,-1,33.5,False
SIN-0223,POL-0223,ASEG-0158,Vehículos,CHB-5523,Robo de Accesorios,2025-02-02,2025-02-04,2,1133,1180,1134,Pago Total,Quito,TALLER-017,Sustracción de rines y estéreo durante la noche.,True,False,126,239,1,28000,0.18,,2024-09-29,2025-09-29,799,Bancaseguros,Expirada,Torres Espinoza Carlos Andrés,Natural,Ambato,5,1,0,2,1,Medio,Mecánica Manabí,Automotriz,Ibarra,19,False,No,,3,0,0,0,0,0,0,0,1,0,0,0,0,1,0.0405,,False,False,False,False,False,False,False,False,False,,False,False,False,False,False,False,False,False,False,False,False,0,,False,False,False,False,0.0,14,False,True,25,0.1176,-1,18.6,False
SIN-0224,POL-0224,ASEG-0059,Hogar,,Daño Estructural,2024-07-26,2024-07-29,3,32683,25264,0,Investigación,Ibarra,PROV-018,Siniestro reportado con documentación.,False,False,28,337,2,35000,0.48,,2024-06-28,2025-06-28,1024,Bancaseguros,Expirada,Mendoza Ríos Marco Vinicio,Natural,Ibarra,1,3,5,5,2,Alto,Hogar Seguro S.A.,Servicios,Ambato,17,False,No,,3,0,1,0,0,1,0,0,0,0,1,0,0,0,0.9338,,True,False,False,False,False,False,False,False,False,,False,False,False,False,False,False,False,False,False,False,False,0,,False,False,False,False,0.0,70,False,True,9,0.0,-1,63.6,False
SIN-0225,POL-0225,ASEG-0182,Vehículos,PDO-1029,Cristales,2024-11-14,2024-11-24,10,15375,10387,0,Negativa,Quito,TALLER-999,Vidrio lateral roto por vandalismo.,False,True,23,342,5,28000,0.43,,2024-10-22,2025-10-22,550,Agente,Expirada,Aguirre Bermeo Liliana Alexandra,Natural,Manta,2,2,6,6,2,Alto,Taller No Registrado — Asociado a red de fraude,Automotriz,Portoviejo,12,True,Sí,,3,0,1,0,0,0,0,0,0,0,0,0,0,1,0.5491,,True,False,True,False,False,False,False,False,False,,False,False,False,False,False,False,False,False,False,False,False,0,,False,False,False,False,0.0,18,False,True,21,0.1048,-1,37.8,False
SIN-0226,POL-0226,ASEG-0194,Salud,,Cirugía,2025-08-12,2025-08-13,1,16610,16952,15727,Liquidado,Ibarra,HOSP-001,Cirugía programada con historia clínica.,True,False,307,58,1,60000,0.3,,2024-10-09,2025-10-09,1485,Broker,Expirada,Martínez Alvarado Rosa Elena,Natural,Cuenca,4,2,1,2,1,Medio,Clínica Santa Cecilia,Salud,Ambato,8,False,No,,3,0,0,0,0,0,1,0,0,1,0,1,0,0,0.2768,,False,False,False,False,False,False,False,False,False,,False,False,False,False,False,False,False,False,False,False,False,0,,False,False,False,False,0.0,4,False,False,31,0.0,-1,22.7,True
SIN-0227,POL-0227,ASEG-0180,Vehículos,RIO-2918,Robo,2024-07-14,2024-07-14,0,8419,8625,8442,Pago Total,Guayaquil,TALLER-017,Robo de joyas y equipos electrónicos.,True,False,86,279,1,28000,0.15,,2024-04-19,2025-04-19,661,Agente,Expirada,Bonilla Torres Nathaly Carolina,Natural,Esmeraldas,5,2,3,3,1,Medio,Mecánica Manabí,Automotriz,Ibarra,19,False,No,,3,0,0,0,0,1,0,0,1,0,0,0,0,0,0.3007,,False,False,False,False,False,False,False,False,False,,False,False,False,False,False,False,False,False,False,False,False,0,,False,False,False,False,0.0,24,False,True,12,0.1055,-1,20.8,False
SIN-0228,POL-0228,ASEG-0057,Vehículos,TNB-3847,Responsabilidad Civil,2024-11-27,2024-12-12,15,6020,4546,0,Reserva,Guayaquil,TALLER-012,Sustracción de bienes durante ausencia del hogar.,False,False,20,345,1,8000,0.84,,2024-11-07,2025-11-07,225,Agente,Expirada,Rodríguez Cárdenas María José,Natural,Riobamba,5,2,4,5,2,Alto,Serviautos Litoral,Automotriz,Riobamba,23,False,No,,2,0,1,0,0,0,0,0,0,0,0,0,0,1,0.7525,,True,False,True,True,False,False,False,False,False,,False,False,False,False,False,False,False,False,False,False,False,0,,False,False,False,False,0.0,36,False,True,13,0.1176,-1,74.2,False
SIN-0229,POL-0229,ASEG-0173,Vehículos,PIC-7291,Choque,2024-11-19,2024-11-20,1,1616,1609,1515,Liquidado,Loja,TALLER-003,"Accidente múltiple de madrugada, daños en carrocería.",True,False,201,164,0,8000,0.14,,2024-05-02,2025-05-02,253,Bancaseguros,Expirada,Flores Castillo Roberto Antonio,Natural,Quito,1,1,0,2,2,Medio,Mecánica Imbabura S.A.,Automotriz,Manta,26,False,No,,3,0,0,0,0,1,0,0,0,0,0,0,0,1,0.202,,False,False,False,False,False,False,False,False,False,,False,False,False,False,False,False,False,False,False,False,False,0,,False,False,False,False,0.0,20,False,True,15,0.0942,-1,18.4,False
SIN-0230,POL-0230,ASEG-0089,Salud,,Consulta Externa,2025-01-07,2025-01-08,1,7426,7371,6931,Pago Total,Manta,HOSP-001,Siniestro reportado con documentación.,True,False,62,303,0,30000,0.09,,2024-11-06,2025-11-06,731,Bancaseguros,Expirada,Jiménez Vargas Patricia Elena,Natural,Riobamba,4,1,3,5,0,Alto,Clínica Santa Cecilia,Salud,Ambato,8,False,No,,2,0,0,1,0,0,1,0,0,0,0,0,0,0,0.2475,,False,False,False,False,False,False,False,False,False,,False,False,False,False,False,False,False,False,False,False,False,0,,False,False,False,False,0.0,70,False,True,9,0.0,-1,36.3,False
SIN-0231,POL-0231,ASEG-0178,Salud,,Urgencias,2024-10-29,2024-11-05,7,20934,18096,0,Pago Parcial,Ibarra,PROV-017,Siniestro reportado con documentación.,True,False,14,351,1,50000,0.36,,2024-10-15,2025-10-15,1439,Agente,Expirada,Jiménez Vargas Patricia Elena,Natural,Ibarra,2,2,0,3,0,Medio,Servicios Integrales Sur,Servicios,Loja,10,False,No,,2,0,0,1,0,0,0,0,0,0,0,1,0,0,0.4187,,True,False,False,False,False,False,False,False,False,,False,False,False,False,False,False,False,False,False,False,False,0,,False,False,False,False,0.0,70,False,True,9,0.0,-1,55.2,False
SIN-0232,POL-0232,ASEG-0106,Hogar,,Daño por Agua,2025-04-26,2025-04-26,0,5205,5020,4751,Liquidado,Esmeraldas,PROV-021,Inundación por lluvias intensas.,True,False,207,158,2,15000,0.15,,2024-10-01,2025-10-01,417,Agente,Expirada,Andrade Viteri Sandra Lorena,Natural,Quito,1,1,1,4,1,Alto,Reparaciones Tungurahua,Servicios,Cuenca,17,False,No,,3,0,1,0,0,0,0,1,0,0,1,0,0,0,0.347,,False,False,False,False,False,False,False,False,False,,False,False,False,False,False,False,False,False,False,False,False,0,,False,False,False,False,0.0,9,False,False,30,0.0,-1,14.4,True
SIN-0233,POL-0233,ASEG-0147,Vehículos,ESM-4847,Responsabilidad Civil,2025-02-12,2025-02-13,1,14260,8653,0,Investigación,Cuenca,TALLER-004,Impacto lateral en intersección con semáforo.,False,False,26,339,3,15000,0.97,,2025-01-17,2026-01-17,375,Agente,Expirada,Brito Ordóñez Henry Omar,Natural,Loja,1,2,1,4,0,Alto,Servicio Express Loja,Automotriz,Ibarra,24,False,No,,3,0,1,0,0,0,0,0,1,0,0,0,0,1,0.9507,,True,False,False,True,True,False,False,False,False,,False,False,False,False,False,False,False,False,False,False,False,0,,False,False,False,False,0.0,13,False,True,3,0.208,-1,73.5,True
SIN-0234,POL-0234,ASEG-0124,Hogar,,Daño por Agua,2024-07-12,2024-07-13,1,27901,15023,0,Reserva,Portoviejo,PROV-020,Sustracción de bienes durante ausencia del hogar.,False,True,32,333,0,30000,0.89,,2024-06-10,2025-06-10,917,Agente,Expirada,Morales Freire Byron Rodrigo,Natural,Ambato,7,2,2,2,2,Medio,Servicios Generales GYE,Servicios,Esmeraldas,17,False,No,,3,0,1,0,0,0,0,1,0,0,1,0,0,0,0.93,,False,False,False,True,True,False,False,False,False,,False,False,False,False,False,False,False,False,False,False,False,0,,False,False,False,False,0.0,36,False,True,13,0.1176,-1,77.7,True
SIN-0235,POL-0235,ASEG-0101,Vehículos,PIC-7291,Cristales,2024-10-25,2024-10-25,0,1955,1824,1684,Pago Total,Cuenca,TALLER-006,Vidrio lateral roto por vandalismo.,True,False,64,301,0,10000,0.22,,2024-08-22,2025-08-22,278,Broker,Expirada,Castro Villafuerte Sandra Cristina,Natural,Ibarra,1,2,0,2,2,Medio,Auto Service Quito Norte,Automotriz,Guayaquil,15,False,No,,3,0,0,0,0,1,0,0,0,0,0,0,0,1,0.1955,,False,False,False,False,False,False,False,False,False,,False,False,False,False,False,False,False,False,False,False,False,0,,False,False,False,False,0.0,18,False,True,21,0.1048,-1,23.1,False
SIN-0236,POL-0236,ASEG-0069,Hogar,,Daño Estructural,2025-03-25,2025-03-27,2,4742,4609,4305,Liquidado,Portoviejo,PROV-017,Siniestro reportado con documentación.,True,False,274,91,0,25000,0.24,,2024-06-24,2025-06-24,514,Broker,Expirada,Ortega Suárez Héctor Guillermo,Natural,Ibarra,6,3,1,4,0,Alto,Servicios Integrales Sur,Servicios,Loja,10,False,No,,2,0,1,0,0,1,0,0,0,0,0,0,0,0,0.1897,,False,False,False,False,False,False,False,False,False,,False,False,False,False,False,False,False,False,False,False,False,0,,False,False,False,False,0.0,70,False,True,9,0.0,-1,46.8,False
SIN-0237,POL-0237,ASEG-0143,Vehículos,GYE-8371,Pérdida Total,2024-06-22,2024-06-23,1,6751,6465,0,Investigación,Ibarra,TALLER-013,Daños irreparables por colisión frontal.,True,False,73,292,4,12000,0.14,,2024-04-10,2025-04-10,350,Agente,Expirada,Núñez Andrade Verónica Paola,Natural,Riobamba,5,2,5,5,0,Alto,Taller Chimborazo Express,Automotriz,Loja,25,False,No,,3,0,0,0,0,1,0,0,1,0,0,0,0,0,0.5626,,False,False,False,False,False,False,False,False,False,,False,False,False,False,False,False,False,False,False,False,False,0,,False,False,False,False,0.0,22,False,True,20,0.1095,-1,19.2,False
SIN-0238,POL-0238,ASEG-0065,Salud,,Maternidad,2024-07-13,2024-07-14,1,14912,14591,13426,Pago Total,Portoviejo,HOSP-003,Siniestro reportado con documentación.,True,False,170,195,1,50000,0.17,,2024-01-25,2025-01-24,969,Digital,Expirada,Núñez Andrade Verónica Paola,Natural,Portoviejo,6,1,1,4,2,Alto,Clínica Ibarra Salud,Salud,Ibarra,5,False,No,,3,0,0,1,0,0,0,0,0,1,0,1,0,0,0.2982,,False,False,False,False,False,False,False,False,False,,False,False,False,False,False,False,False,False,False,False,False,0,,False,False,False,False,0.0,70,False,True,9,0.0,-1,41.9,False
SIN-0239,POL-0239,ASEG-0006,Vehículos,PIC-9182,Pérdida Total,2024-09-01,2024-09-02,1,12618,12417,0,Reserva,Guayaquil,TALLER-016,Daños irreparables por colisión frontal.,True,False,65,300,1,30000,0.71,,2024-06-28,2025-06-28,624,Broker,Expirada,Sánchez Herrera Diego Alejandro,Natural,Ibarra,1,3,1,2,2,Medio,Servicio Técnico Loja,Automotriz,Ibarra,20,False,No,,2,0,0,0,0,1,0,0,1,0,0,0,0,0,0.4206,,False,False,False,True,False,False,False,False,False,,False,False,False,False,False,False,False,False,False,False,False,0,,False,False,False,False,0.0,22,False,True,20,0.1095,-1,59.1,False
SIN-0240,POL-0240,ASEG-0162,Vehículos,IBR-4918,Robo,2024-12-07,2024-12-07,0,7194,6929,0,Investigación,Cuenca,TALLER-011,Robo con violencia en domicilio.,True,False,14,351,2,20000,0.2,,2024-11-23,2025-11-23,478,Agente,Expirada,Castro Villafuerte Sandra Cristina,Natural,Portoviejo,5,3,0,4,0,Alto,Mecánica Tungurahua,Automotriz,Quito,16,False,No,,2,0,1,0,0,0,0,0,1,0,0,0,0,0,0.3597,,True,False,False,False,False,False,False,False,False,,False,False,False,False,False,False,False,False,False,False,False,0,,False,False,False,False,0.0,30,False,True,4,0.1055,-1,26.9,False
SIN-0241,POL-0241,ASEG-0070,Hogar,,Daño Estructural,2025-06-11,2025-06-11,0,3194,3035,2762,Liquidado,Loja,PROV-017,Siniestro reportado con documentación.,True,False,145,220,2,35000,0.26,,2025-01-17,2026-01-17,885,Agente,Expirada,Pérez Vásquez Ana Lucía,Natural,Esmeraldas,5,1,7,7,1,Alto,Servicios Integrales Sur,Servicios,Loja,10,False,No,,2,0,1,0,0,0,0,1,0,0,0,0,0,0,0.0913,,False,False,False,False,False,False,False,False,False,,False,False,False,False,False,False,False,False,False,False,False,0,,False,False,False,False,0.0,70,False,True,9,0.0,-1,48.2,False
SIN-0242,POL-0242,ASEG-0025,Vehículos,PIC-1234,Choque,2025-01-17,2025-01-17,0,829,833,821,Pago Total,Riobamba,TALLER-008,"Accidente múltiple de madrugada, daños en carrocería.",True,False,102,263,0,8000,0.12,,2024-10-07,2025-10-07,147,Agente,Expirada,Núñez Andrade Verónica Paola,Natural,Loja,7,2,2,3,0,Medio,Reparaciones Viales Cía.,Automotriz,Manta,21,False,No,,3,0,1,0,0,1,0,0,0,0,0,0,0,1,0.1036,,False,False,False,False,False,False,False,False,False,,False,False,False,False,False,False,False,False,False,False,False,0,,False,False,False,False,0.0,20,False,True,15,0.0942,-1,17.0,False
SIN-0243,POL-0243,ASEG-0161,Vehículos,MNT-5834,Robo,2024-10-10,2024-10-17,7,5303,4421,0,Investigación,Cuenca,TALLER-006,Robo con violencia en domicilio.,True,False,14,351,0,12000,0.38,,2024-09-26,2025-09-26,221,Digital,Expirada,Herrera Salinas Jorge Enrique,Natural,Ibarra,6,3,0,1,0,Bajo,Auto Service Quito Norte,Automotriz,Guayaquil,15,False,No,,3,0,1,0,0,0,0,0,0,0,0,0,0,1,0.4419,,True,False,False,False,False,False,False,False,False,,False,False,False,False,False,False,False,False,False,False,False,0,,False,False,False,False,0.0,30,False,True,4,0.1055,-1,39.5,False
SIN-0244,POL-0244,ASEG-0162,Vehículos,PIC-2847,Cristales,2024-09-10,2024-09-11,1,11039,9260,0,Reserva,Portoviejo,TALLER-001,Rotura de parabrisas por impacto de piedra.,False,False,31,334,3,28000,0.19,,2024-08-10,2025-08-10,755,Agente,Expirada,Castro Villafuerte Sandra Cristina,Natural,Portoviejo,5,3,0,4,0,Alto,Taller El Norte Cía. Ltda.,Automotriz,Ambato,11,False,No,,3,0,1,0,0,1,0,0,0,0,0,0,0,1,0.3942,,False,False,False,False,False,False,False,False,False,,False,False,False,False,False,False,False,False,False,False,False,0,,False,False,False,False,0.0,27,False,True,19,0.1435,-1,24.9,False
SIN-0245,POL-0245,ASEG-0074,Vehículos,AZY-1847,Pérdida Total,2024-03-09,2024-03-10,1,7119,7286,6890,Liquidado,Esmeraldas,TALLER-017,Daños irreparables por colisión frontal.,True,False,64,301,0,25000,0.25,,2024-01-05,2025-01-04,781,Broker,Expirada,Vega Montoya Fanny Lorena,Natural,Cuenca,3,2,1,3,1,Medio,Mecánica Manabí,Automotriz,Ibarra,19,False,No,,3,0,0,0,0,1,0,0,1,0,0,0,0,1,0.2848,,False,False,False,False,False,False,False,False,False,,False,False,False,False,False,False,False,False,False,False,False,0,,False,False,False,False,0.0,22,False,True,20,0.1095,-1,26.9,False
SIN-0246,POL-0246,ASEG-0064,Vehículos,CHB-9918,Robo,2024-09-04,2024-09-05,1,4109,3427,0,Reserva,Ibarra,TALLER-018,Sustracción de bienes durante ausencia del hogar.,False,False,54,311,3,15000,0.6,,2024-07-12,2025-07-12,325,Broker,Expirada,Silva Intriago Katherine Noemi,Natural,Guayaquil,2,3,3,7,0,Alto,Automotriz Ambato Central,Automotriz,Ibarra,15,False,No,,3,0,0,0,0,1,0,0,1,0,0,0,0,0,0.2739,,False,False,False,False,False,False,False,False,False,,False,False,False,False,False,False,False,False,False,False,False,0,,False,False,False,False,0.0,36,False,True,13,0.1176,-1,57.4,False
SIN-0247,POL-0247,ASEG-0180,Vehículos,TNB-1029,Robo de Accesorios,2024-06-16,2024-06-16,0,3113,2914,2717,Liquidado,Riobamba,TALLER-008,Sustracción de rines y estéreo durante la noche.,True,False,71,294,2,20000,0.29,,2024-04-06,2025-04-06,365,Bancaseguros,Expirada,Bonilla Torres Nathaly Carolina,Natural,Esmeraldas,5,2,3,3,1,Medio,Reparaciones Viales Cía.,Automotriz,Manta,21,False,No,,3,0,1,0,0,0,0,0,1,0,0,0,0,1,0.1556,,False,False,False,False,False,False,False,False,False,,False,False,False,False,False,False,False,False,False,False,False,0,,False,False,False,False,0.0,14,False,True,25,0.1176,-1,26.3,False
SIN-0248,POL-0248,ASEG-0127,Salud,,Cirugía,2025-04-10,2025-04-11,1,2120,1972,1912,Liquidado,Loja,HOSP-001,Intervención de urgencia con facturas adjuntas.,True,False,250,115,1,40000,0.22,,2024-08-03,2025-08-03,1160,Bancaseguros,Expirada,Herrera Salinas Jorge Enrique,Natural,Manta,4,3,0,2,1,Medio,Clínica Santa Cecilia,Salud,Ambato,8,False,No,,2,0,0,1,0,0,0,0,0,0,0,1,0,0,0.053,,False,False,False,False,False,False,False,False,False,,False,False,False,False,False,False,False,False,False,False,False,0,,False,False,False,False,0.0,4,False,False,29,0.0,-1,17.1,True
SIN-0249,POL-0249,ASEG-0140,Vehículos,GYE-8371,Pérdida Total,2024-05-22,2024-05-25,3,8757,6991,0,Investigación,Cuenca,TALLER-018,Vehículo totalmente siniestrado en volcamiento.,False,False,44,321,2,18000,0.52,,2024-04-08,2025-04-08,530,Broker,Expirada,Rodríguez Cárdenas María José,Natural,Portoviejo,1,3,2,3,1,Medio,Automotriz Ambato Central,Automotriz,Ibarra,15,False,No,,3,0,1,0,0,0,0,0,1,0,0,0,0,0,0.4865,,False,False,False,False,False,False,False,False,False,,False,False,False,False,False,False,False,False,False,False,False,0,,False,False,False,False,0.0,17,False,True,17,0.0928,-1,43.7,False
SIN-0250,POL-0250,ASEG-0122,Vehículos,GYE-1029,Pérdida Total,2025-05-06,2025-05-06,0,3621,3424,3377,Liquidado,Ambato,TALLER-004,Vehículo totalmente siniestrado en volcamiento.,True,False,326,39,0,12000,0.11,,2024-06-14,2025-06-14,322,Digital,Expirada,Mendoza Ríos Marco Vinicio,Natural,Guayaquil,8,2,1,1,1,Bajo,Servicio Express Loja,Automotriz,Ibarra,24,False,No,,2,0,1,0,0,1,0,0,0,0,0,0,0,0,0.3018,,False,False,False,False,False,False,False,False,False,,False,False,False,False,False,False,False,False,False,False,False,0,,False,False,False,False,0.0,17,False,True,17,0.0928,-1,15.0,False
SIN-0251,POL-0251,ASEG-0084,Vehículos,PIC-1234,Choque,2024-08-09,2024-08-11,2,11399,9374,0,Reserva,Cuenca,TALLER-020,"Accidente múltiple de madrugada, daños en carrocería.",True,False,80,285,1,30000,0.28,,2024-05-21,2025-05-21,590,Digital,Expirada,Flores Castillo Roberto Antonio,Natural,Riobamba,6,3,2,5,0,Alto,Taller Quito Sur Cía.,Automotriz,Guayaquil,24,False,No,,2,0,0,0,0,0,0,0,1,0,0,0,0,1,0.38,,False,False,False,False,False,False,False,False,False,,False,False,False,False,False,False,False,False,False,False,False,0,,False,False,False,False,0.0,20,False,True,15,0.0942,-1,28.2,False
SIN-0252,POL-0252,ASEG-0016,Hogar,,Daño por Agua,2025-06-22,2025-06-23,1,12715,12948,12645,Pago Total,Cuenca,PROV-017,Humedad por filtración desde techo.,True,False,179,186,0,35000,0.3,,2024-12-25,2025-12-25,1018,Bancaseguros,Expirada,Silva Intriago Katherine Noemi,Natural,Manta,3,1,2,2,0,Medio,Servicios Integrales Sur,Servicios,Loja,10,False,No,,2,0,1,0,0,0,0,1,0,0,0,0,0,0,0.3633,,False,False,False,False,False,False,False,False,False,,False,False,False,False,False,False,False,False,False,False,False,0,,False,False,False,False,0.0,8,False,False,1,0.0,-1,24.4,True
SIN-0253,POL-0253,ASEG-0092,Salud,,Cirugía,2024-03-04,2024-03-06,2,25317,21996,0,Investigación,Ambato,PROV-022,Cirugía programada con historia clínica.,False,False,43,322,0,50000,0.2,,2024-01-21,2025-01-20,1395,Broker,Expirada,Ramos Loor Freddy Oswaldo,Natural,Ambato,0,3,0,3,0,Medio,Técnicos Especializados EC,Servicios,Guayaquil,12,False,No,,2,0,0,1,0,0,0,0,0,0,0,1,0,0,0.5063,,False,False,False,False,False,False,False,False,False,,False,False,False,False,False,False,False,False,False,False,False,0,,False,False,False,False,0.0,4,False,False,31,0.0,-1,15.7,True
SIN-0254,POL-0254,ASEG-0116,Salud,,Consulta Externa,2024-10-18,2024-10-18,0,15097,14418,0,Pago Parcial,Ambato,PROV-015,Siniestro reportado con documentación.,True,False,14,351,3,40000,0.29,,2024-10-04,2025-10-04,974,Broker,Expirada,Cordero Alvarado Beatriz Elena,Natural,Portoviejo,8,1,3,5,2,Alto,Reparaciones Domésticas EC,Servicios,Ambato,12,False,No,,2,0,0,1,0,0,0,0,0,0,0,1,0,0,0.3774,,True,False,False,False,False,False,False,False,False,,False,False,False,False,False,False,False,False,False,False,False,0,,False,False,False,False,0.0,70,False,True,9,0.0,-1,50.3,False
SIN-0255,POL-0255,ASEG-0135,Salud,,Urgencias,2024-10-29,2024-10-29,0,18608,17225,17096,Liquidado,Esmeraldas,HOSP-001,Siniestro reportado con documentación.,True,False,224,141,0,60000,0.07,,2024-03-19,2025-03-19,1318,Agente,Expirada,Aguirre Bermeo Liliana Alexandra,Natural,Ambato,8,1,0,1,0,Bajo,Clínica Santa Cecilia,Salud,Ambato,8,False,No,,2,0,0,0,0,0,1,0,0,1,0,0,0,0,0.3101,,False,False,False,False,False,False,False,False,False,,False,False,False,False,False,False,False,False,False,False,False,0,,False,False,False,False,0.0,70,False,True,9,0.0,-1,34.9,False
SIN-0256,POL-0256,ASEG-0050,Vehículos,RIO-2918,Choque,2025-04-28,2025-04-28,0,6345,5895,5845,Liquidado,Quito,TALLER-020,"Golpe trasero en cola de tráfico, testigos presentes.",True,False,191,174,2,22000,0.14,,2024-10-19,2025-10-19,599,Digital,Expirada,Vega Montoya Fanny Lorena,Natural,Loja,3,2,3,6,1,Alto,Taller Quito Sur Cía.,Automotriz,Guayaquil,24,False,No,,2,0,0,0,0,1,0,0,0,0,0,0,0,1,0.2884,,False,False,False,False,False,False,False,False,False,,False,False,False,False,False,False,False,False,False,False,False,0,,False,False,False,False,0.0,19,False,True,0,0.0752,-1,17.9,False
SIN-0257,POL-0257,ASEG-0093,Vehículos,PIC-1234,Robo de Accesorios,2024-09-25,2024-09-27,2,1316,1372,1365,Liquidado,Ibarra,TALLER-004,Sustracción de rines y estéreo durante la noche.,True,False,80,285,2,8000,0.07,,2024-07-07,2025-07-07,236,Agente,Expirada,Ramos Loor Freddy Oswaldo,Natural,Ambato,6,3,5,6,2,Alto,Servicio Express Loja,Automotriz,Ibarra,24,False,No,,2,0,0,0,0,0,0,0,1,0,0,0,0,0,0.1645,,False,False,False,False,False,False,False,False,False,,False,False,False,False,False,False,False,False,False,False,False,0,,False,False,False,False,0.0,14,False,True,25,0.1176,-1,10.9,False
SIN-0258,POL-0258,ASEG-0049,Salud,,Cirugía,2025-01-12,2025-01-27,15,27558,17309,0,Investigación,Esmeraldas,PROV-016,Sustracción de bienes durante ausencia del hogar.,False,True,41,324,1,30000,0.94,,2024-12-02,2025-12-02,779,Agente,Expirada,Vargas Andrade William Alexis,Natural,Loja,2,2,3,3,0,Medio,Técnicos del Hogar Cía.,Servicios,Cuenca,16,False,No,,2,0,0,0,0,0,1,0,0,0,0,1,0,0,0.9186,,False,False,True,True,True,False,False,False,False,,False,False,False,False,False,False,False,False,False,False,False,0,,False,False,False,False,0.0,36,False,True,13,0.1176,-1,81.2,True
SIN-0259,POL-0259,ASEG-0169,Vehículos,PDO-1029,Robo,2024-12-16,2024-12-29,13,15323,10250,0,Investigación,Esmeraldas,TALLER-016,Sustracción de bienes durante ausencia del hogar.,False,False,43,322,1,25000,0.53,,2024-11-03,2025-11-03,777,Agente,Expirada,Rodríguez Cárdenas María José,Natural,Loja,4,3,0,2,0,Medio,Servicio Técnico Loja,Automotriz,Ibarra,20,False,No,,2,0,0,0,0,1,0,0,0,0,0,0,0,0,0.6129,,False,False,True,False,False,False,False,False,False,,False,False,False,False,False,False,False,False,False,False,False,0,,False,False,False,False,0.0,36,False,True,13,0.1176,-1,52.5,False
SIN-0260,POL-0260,ASEG-0115,Vehículos,GYE-4837,Pérdida Total,2025-01-26,2025-01-27,1,2601,2285,0,Investigación,Quito,TALLER-011,Vehículo totalmente siniestrado en volcamiento.,True,False,20,345,2,8000,0.79,,2025-01-06,2026-01-06,254,Agente,Expirada,Vega Montoya Fanny Lorena,Natural,Cuenca,6,3,1,3,2,Medio,Mecánica Tungurahua,Automotriz,Quito,16,False,No,,2,0,1,0,0,0,0,0,0,0,0,0,0,1,0.3251,,True,False,False,True,False,False,False,False,False,,False,False,False,False,False,False,False,False,False,False,False,0,,False,False,False,False,0.0,17,False,True,17,0.0928,-1,62.6,False
SIN-0261,POL-0261,ASEG-0025,Vehículos,CHB-1029,Choque,2025-01-04,2025-01-04,0,1957,1945,1844,Liquidado,Riobamba,TALLER-003,"Accidente múltiple de madrugada, daños en carrocería.",True,False,187,178,1,12000,0.11,,2024-07-01,2025-07-01,239,Digital,Expirada,Núñez Andrade Verónica Paola,Natural,Loja,7,2,2,3,0,Medio,Mecánica Imbabura S.A.,Automotriz,Manta,26,False,No,,3,0,1,0,0,1,0,0,0,0,0,0,0,0,0.1631,,False,False,False,False,False,False,False,False,False,,False,False,False,False,False,False,False,False,False,False,False,0,,False,False,False,False,0.0,20,False,True,15,0.0942,-1,16.3,False
SIN-0262,POL-0262,ASEG-0045,Hogar,,Daño Estructural,2024-10-30,2024-10-30,0,14628,14093,13889,Pago Total,Portoviejo,PROV-020,Siniestro reportado con documentación.,True,False,255,110,2,35000,0.25,,2024-02-18,2025-02-17,945,Agente,Expirada,Mora Loza Adriana Marcela,Natural,Loja,8,1,0,5,2,Alto,Servicios Generales GYE,Servicios,Esmeraldas,17,False,No,,3,0,0,0,0,1,0,1,0,0,1,0,0,0,0.4179,,False,False,False,False,False,False,False,False,False,,False,False,False,False,False,False,False,False,False,False,False,0,,False,False,False,False,0.0,70,False,True,9,0.0,-1,47.5,False
SIN-0263,POL-0263,ASEG-0163,Vehículos,TNB-0192,Cristales,2024-06-12,2024-06-13,1,2349,2176,2105,Pago Total,Ibarra,TALLER-018,Parabrisas fisurado en autopista.,True,False,136,229,0,18000,0.18,,2024-01-28,2025-01-27,456,Bancaseguros,Expirada,Carrillo Cabrera Patricio German,Natural,Guayaquil,6,2,0,1,1,Bajo,Automotriz Ambato Central,Automotriz,Ibarra,15,False,No,,3,0,1,0,0,1,0,0,0,0,0,0,0,1,0.1305,,False,False,False,False,False,False,False,False,False,,False,False,False,False,False,False,False,False,False,False,False,0,,False,False,False,False,0.0,14,False,True,11,0.1435,-1,18.6,False
SIN-0264,POL-0264,ASEG-0057,Vehículos,AZY-6647,Pérdida Total,2024-10-13,2024-10-15,2,898,884,860,Liquidado,Ambato,TALLER-005,Vehículo totalmente siniestrado en volcamiento.,True,False,85,280,2,12000,0.15,,2024-07-20,2025-07-20,238,Broker,Expirada,Rodríguez Cárdenas María José,Natural,Riobamba,5,2,4,5,2,Alto,Taller Portuario Guayaquil,Automotriz,Portoviejo,21,False,No,,3,0,1,0,0,1,0,0,0,0,0,0,0,1,0.0748,,False,False,False,False,False,False,False,False,False,,False,False,False,False,False,False,False,False,False,False,False,0,,False,False,False,False,0.0,17,False,True,17,0.0928,-1,17.8,False
SIN-0265,POL-0265,ASEG-0125,Vehículos,GYE-4837,Pérdida Total,2024-05-09,2024-05-10,1,10169,10484,0,Reserva,Portoviejo,TALLER-004,Daños irreparables por colisión frontal.,True,False,29,336,1,28000,0.33,,2024-04-10,2025-04-10,745,Agente,Expirada,Ramírez Peñafiel Carmen Susana,Natural,Loja,8,3,1,2,1,Medio,Servicio Express Loja,Automotriz,Ibarra,24,False,No,,3,0,1,0,0,1,0,0,0,0,0,0,0,0,0.3632,,True,False,False,False,False,False,False,False,False,,False,False,False,False,False,False,False,False,False,False,False,0,,False,False,False,False,0.0,22,False,True,20,0.1095,-1,32.5,False
SIN-0266,POL-0266,ASEG-0094,Hogar,,Daño por Agua,2025-01-15,2025-01-15,0,7316,7672,7158,Liquidado,Manta,PROV-021,Fuga de tubería con daños en piso y paredes.,True,False,216,149,0,25000,0.3,,2024-06-13,2025-06-13,658,Broker,Expirada,Gutiérrez Moreta Diana Fernanda,Natural,Manta,4,2,1,3,2,Medio,Reparaciones Tungurahua,Servicios,Cuenca,17,False,No,,3,0,0,0,0,1,0,1,0,0,1,0,0,0,0.2926,,False,False,False,False,False,False,False,False,False,,False,False,False,False,False,False,False,False,False,False,False,0,,False,False,False,False,0.0,5,False,False,26,0.108,-1,23.1,True
SIN-0267,POL-0267,ASEG-0176,Salud,,Consulta Externa,2025-04-19,2025-04-19,0,33596,34702,33952,Liquidado,Cuenca,HOSP-003,Siniestro reportado con documentación.,True,False,87,278,2,80000,0.29,,2025-01-22,2026-01-22,2395,Agente,Expirada,Hidalgo Zurita Alexandra Paola,Natural,Portoviejo,2,1,3,3,1,Medio,Clínica Ibarra Salud,Salud,Ibarra,5,False,No,,2,0,0,1,0,0,0,0,0,1,0,0,0,0,0.42,,False,False,False,False,False,False,False,False,False,,False,False,False,False,False,False,False,False,False,False,False,0,,False,False,False,False,0.0,70,False,True,9,0.0,-1,50.3,False
SIN-0268,POL-0268,ASEG-0116,Hogar,,Daño Estructural,2024-07-30,2024-08-17,18,15088,10182,0,Reserva,Quito,PROV-022,"Accidente múltiple de madrugada, daños en carrocería.",False,False,42,323,4,20000,0.81,,2024-06-18,2025-06-18,567,Broker,Expirada,Cordero Alvarado Beatriz Elena,Natural,Portoviejo,8,1,3,5,2,Alto,Técnicos Especializados EC,Servicios,Guayaquil,12,False,No,,3,0,1,0,0,1,0,0,0,0,1,0,0,0,0.7544,,False,False,True,True,False,False,False,False,False,,False,False,False,False,False,False,False,False,False,False,False,0,,False,False,False,False,0.0,20,False,True,15,0.0942,-1,65.3,False
SIN-0269,POL-0269,ASEG-0179,Hogar,,Rotura de Cristales,2024-10-12,2024-10-14,2,11680,11747,11555,Liquidado,Ambato,PROV-018,Siniestro reportado con documentación.,True,False,258,107,1,30000,0.12,,2024-01-28,2025-01-27,815,Bancaseguros,Expirada,Mendoza Ríos Marco Vinicio,Natural,Riobamba,5,3,0,2,1,Medio,Hogar Seguro S.A.,Servicios,Ambato,17,False,No,,3,0,0,0,0,1,0,1,0,0,1,0,0,0,0.3893,,False,False,False,False,False,False,False,False,False,,False,False,False,False,False,False,False,False,False,False,False,0,,False,False,False,False,0.0,70,False,True,9,0.0,-1,38.4,False
SIN-0270,POL-0270,ASEG-0098,Vehículos,AZY-5573,Robo de Accesorios,2024-11-12,2024-11-12,0,5694,5924,5228,Liquidado,Guayaquil,TALLER-012,Robo de accesorios en zona residencial.,True,False,155,210,0,25000,0.18,,2024-06-10,2025-06-10,753,Bancaseguros,Expirada,Vargas Andrade William Alexis,Natural,Ambato,5,3,1,3,0,Medio,Serviautos Litoral,Automotriz,Riobamba,23,False,No,,3,0,1,0,0,1,0,0,1,0,0,0,0,0,0.2278,,False,False,False,False,False,False,False,False,False,,False,False,False,False,False,False,False,False,False,False,False,0,,False,False,False,False,0.0,16,False,True,7,0.1055,-1,19.5,False
SIN-0271,POL-0271,ASEG-0191,Vehículos,PIC-2847,Robo,2025-05-08,2025-05-09,1,5931,6134,6053,Liquidado,Quito,TALLER-011,Robo de joyas y equipos electrónicos.,True,False,316,49,0,20000,0.25,,2024-06-26,2025-06-26,460,Broker,Expirada,Mora Loza Adriana Marcela,Natural,Esmeraldas,1,1,1,1,0,Bajo,Mecánica Tungurahua,Automotriz,Quito,16,False,No,,2,0,0,0,0,1,0,0,0,0,0,0,0,1,0.2966,,False,False,False,False,False,False,False,False,False,,False,False,False,False,False,False,False,False,False,False,False,0,,False,False,False,False,0.0,24,False,True,12,0.1055,-1,27.8,False
SIN-0272,POL-0272,ASEG-0101,Vehículos,LOJ-2847,Cristales,2024-04-04,2024-04-11,7,12973,13328,0,Pago Parcial,Cuenca,TALLER-018,Rotura de parabrisas por impacto de piedra.,True,False,50,315,1,22000,0.15,,2024-02-14,2025-02-13,556,Digital,Expirada,Castro Villafuerte Sandra Cristina,Natural,Ibarra,1,2,0,2,2,Medio,Automotriz Ambato Central,Automotriz,Ibarra,15,False,No,,3,0,1,0,0,1,0,0,1,0,0,0,0,0,0.5897,,False,False,False,False,False,False,False,False,False,,False,False,False,False,False,False,False,False,False,False,False,0,,False,False,False,False,0.0,27,False,True,19,0.1435,-1,22.1,False
SIN-0273,POL-0273,ASEG-0168,Vehículos,GYE-1029,Robo,2025-08-28,2025-08-28,0,6190,6314,6053,Liquidado,Portoviejo,TALLER-013,Robo con violencia en domicilio.,True,False,328,37,2,15000,0.16,,2024-10-04,2025-10-04,451,Digital,Expirada,Bonilla Torres Nathaly Carolina,Natural,Guayaquil,3,3,1,3,2,Medio,Taller Chimborazo Express,Automotriz,Loja,25,False,No,,3,0,1,0,0,0,0,0,1,0,0,0,0,0,0.4127,,False,False,False,False,False,False,False,False,False,,False,False,False,False,False,False,False,False,False,False,False,0,,False,False,False,False,0.0,30,False,True,4,0.1055,-1,24.1,False
SIN-0274,POL-0274,ASEG-0048,Hogar,,Daño por Agua,2025-02-20,2025-02-21,1,11634,6461,0,Reserva,Cuenca,PROV-018,Humedad por filtración desde techo.,False,True,44,321,1,15000,0.48,,2025-01-07,2026-01-07,431,Broker,Expirada,Cabrera Yépez Marcelo Javier,Natural,Ibarra,7,1,1,2,0,Medio,Hogar Seguro S.A.,Servicios,Ambato,17,False,No,,3,0,1,0,0,0,0,1,0,0,1,0,0,0,0.7756,,False,False,False,False,False,False,False,False,False,,False,False,False,False,False,False,False,False,False,False,False,0,,False,False,False,False,0.0,8,False,False,1,0.0,-1,37.0,True
SIN-0275,POL-0275,ASEG-0060,Vehículos,LOJ-1847,Cristales,2025-05-15,2025-05-17,2,3063,2891,2678,Pago Total,Quito,TALLER-005,Rotura de parabrisas por impacto de piedra.,True,False,317,48,0,10000,0.17,,2024-07-02,2025-07-02,276,Bancaseguros,Expirada,Naranjo Velasco Edwin Patricio,Natural,Manta,4,3,3,3,2,Medio,Taller Portuario Guayaquil,Automotriz,Portoviejo,21,False,No,,2,0,1,0,0,0,0,0,0,0,0,0,0,1,0.3063,,False,False,False,False,False,False,False,False,False,,False,False,False,False,False,False,False,False,False,False,False,0,,False,False,False,False,0.0,27,False,True,19,0.1435,-1,23.5,False
SIN-0276,POL-0276,ASEG-0009,Vehículos,SDO-5523,Pérdida Total,2024-06-15,2024-06-15,0,13089,13308,0,Pago Parcial,Quito,TALLER-013,Daños irreparables por colisión frontal.,True,False,28,337,1,22000,0.38,,2024-05-18,2025-05-18,465,Agente,Expirada,Mendoza Ríos Marco Vinicio,Natural,Ibarra,8,1,3,5,1,Alto,Taller Chimborazo Express,Automotriz,Loja,25,False,No,,2,0,0,0,0,1,0,0,1,0,0,0,0,0,0.595,,True,False,False,False,False,False,False,False,False,,False,False,False,False,False,False,False,False,False,False,False,0,,False,False,False,False,0.0,22,False,True,20,0.1095,-1,36.0,False
SIN-0277,POL-0277,ASEG-0110,Vehículos,MNT-2918,Pérdida Total,2025-10-01,2025-10-03,2,7978,7879,7360,Liquidado,Quito,TALLER-008,Vehículo totalmente siniestrado en volcamiento.,True,False,328,37,0,22000,0.27,,2024-11-07,2025-11-07,618,Bancaseguros,Expirada,Espinoza Rueda Cinthya Dayana,Natural,Cuenca,1,1,0,2,1,Medio,Reparaciones Viales Cía.,Automotriz,Manta,21,False,No,,3,0,1,0,0,1,0,0,0,0,0,0,0,0,0.3626,,False,False,False,False,False,False,False,False,False,,False,False,False,False,False,False,False,False,False,False,False,0,,False,False,False,False,0.0,17,False,True,17,0.0928,-1,26.2,False
SIN-0278,POL-0278,ASEG-0189,Vehículos,MNT-2918,Choque,2024-08-15,2024-08-17,2,15721,9852,0,Reserva,Esmeraldas,TALLER-002,Robo de joyas y equipos electrónicos.,False,False,29,336,0,28000,0.92,,2024-07-17,2025-07-17,804,Broker,Expirada,Brito Ordóñez Henry Omar,Natural,Riobamba,2,1,1,1,1,Bajo,Automotriz Centro Sur,Automotriz,Cuenca,23,False,No,,3,0,1,0,0,0,0,0,0,0,0,0,0,1,0.5615,,True,False,False,True,True,False,False,False,False,,False,False,False,False,False,False,False,False,False,False,False,0,,False,False,False,False,0.0,24,False,True,12,0.1055,-1,74.7,True
SIN-0279,POL-0279,ASEG-0185,Vehículos,GYE-2918,Robo de Accesorios,2024-06-13,2024-06-18,5,9378,8886,0,Investigación,Guayaquil,TALLER-007,Robo de accesorios en zona residencial.,True,False,72,293,0,30000,0.24,,2024-04-02,2025-04-02,934,Agente,Expirada,Pacheco Vélez Gloria Susana,Natural,Ambato,0,1,1,1,1,Bajo,Multiservicios Automotrices EC,Automotriz,Ambato,17,False,No,,2,0,0,0,0,1,0,0,1,0,0,0,0,0,0.3126,,False,False,False,False,False,False,False,False,False,,False,False,False,False,False,False,False,False,False,False,False,0,,False,False,False,False,0.0,16,False,True,7,0.1055,-1,23.7,False
SIN-0280,POL-0280,ASEG-0065,Hogar,,Daño por Agua,2025-10-19,2025-10-21,2,10190,9883,9635,Liquidado,Cuenca,PROV-020,Inundación por lluvias intensas.,True,False,290,75,2,40000,0.14,,2025-01-02,2026-01-02,789,Broker,Expirada,Núñez Andrade Verónica Paola,Natural,Portoviejo,6,1,1,4,2,Alto,Servicios Generales GYE,Servicios,Esmeraldas,17,False,No,,3,0,1,0,0,1,0,1,0,0,0,0,0,0,0.2547,,False,False,False,False,False,False,False,False,False,,False,False,False,False,False,False,False,False,False,False,False,0,,False,False,False,False,0.0,9,False,False,30,0.0,-1,13.7,True
SIN-0281,POL-0281,ASEG-0197,Vehículos,PIC-3847,Robo,2025-01-10,2025-01-11,1,4072,4254,3890,Liquidado,Loja,TALLER-004,Robo de joyas y equipos electrónicos.,True,False,86,279,0,12000,0.13,,2024-10-16,2025-10-16,243,Agente,Expirada,Delgado Cevallos Iván Rodrigo,Natural,Loja,0,3,0,1,0,Bajo,Servicio Express Loja,Automotriz,Ibarra,24,False,No,,2,0,0,0,0,1,0,0,0,0,0,0,0,0,0.3393,,False,False,False,False,False,False,False,False,False,,False,False,False,False,False,False,False,False,False,False,False,0,,False,False,False,False,0.0,24,False,True,12,0.1055,-1,19.4,False
SIN-0282,POL-0282,ASEG-0160,Vehículos,CHB-5523,Responsabilidad Civil,2024-10-23,2024-10-25,2,3438,3426,3210,Pago Total,Quito,TALLER-018,"Impacto posterior en intersección, tercero no identificado.",True,False,62,303,1,25000,0.27,,2024-08-22,2025-08-22,749,Digital,Expirada,Jiménez Vargas Patricia Elena,Natural,Quito,0,3,1,2,2,Medio,Automotriz Ambato Central,Automotriz,Ibarra,15,False,No,,3,0,1,0,0,0,0,0,1,0,0,0,0,1,0.1375,,False,False,False,False,False,False,False,False,False,,False,False,False,False,False,False,False,False,False,False,False,0,,False,False,False,False,0.0,12,False,True,22,0.208,-1,24.0,False
SIN-0283,POL-0283,ASEG-0141,Vehículos,MNT-2918,Responsabilidad Civil,2025-04-20,2025-04-20,0,5126,4812,4253,Pago Total,Portoviejo,TALLER-013,"Impacto posterior en intersección, tercero no identificado.",True,False,154,211,2,28000,0.06,,2024-11-17,2025-11-17,825,Digital,Expirada,Andrade Viteri Sandra Lorena,Natural,Guayaquil,7,1,2,3,1,Medio,Taller Chimborazo Express,Automotriz,Loja,25,False,No,,3,0,1,0,0,1,0,0,0,0,0,0,0,0,0.1831,,False,False,False,False,False,False,False,False,False,,False,False,False,False,False,False,False,False,False,False,False,0,,False,False,False,False,0.0,12,False,True,22,0.208,-1,9.3,False
SIN-0284,POL-0284,ASEG-0107,Hogar,,Incendio,2025-02-14,2025-02-17,3,8868,7911,0,Pago Parcial,Cuenca,PROV-015,Cortocircuito que causó incendio parcial.,True,False,66,299,2,25000,0.13,,2024-12-10,2025-12-10,664,Agente,Expirada,Silva Intriago Katherine Noemi,Natural,Manta,5,1,3,3,1,Medio,Reparaciones Domésticas EC,Servicios,Ambato,12,False,No,,3,0,1,0,0,0,0,1,0,0,1,0,0,0,0.3547,,False,False,False,False,False,False,False,False,False,,False,False,False,False,False,False,False,False,False,False,False,0,,False,False,False,False,0.0,6,False,False,28,0.1021,-1,11.7,True
SIN-0285,POL-0285,ASEG-0075,Vehículos,GYE-7384,Pérdida Total,2024-03-30,2024-03-30,0,10669,9946,0,Reserva,Cuenca,TALLER-020,Vehículo totalmente siniestrado en volcamiento.,False,False,27,338,3,18000,0.27,,2024-03-03,2025-03-03,407,Digital,Expirada,Aguirre Bermeo Liliana Alexandra,Natural,Portoviejo,3,2,1,6,2,Alto,Taller Quito Sur Cía.,Automotriz,Guayaquil,24,False,No,,3,0,1,0,0,1,0,0,0,0,0,0,0,0,0.5927,,True,False,False,False,False,False,False,False,False,,False,False,False,False,False,False,False,False,False,False,False,0,,False,False,False,False,0.0,17,False,True,17,0.0928,-1,26.2,False
SIN-0286,POL-0286,ASEG-0110,Vehículos,LOJ-5523,Robo de Accesorios,2024-08-03,2024-08-05,2,11877,11900,0,Investigación,Loja,TALLER-008,Robo de accesorios en zona residencial.,False,False,83,282,1,28000,0.32,,2024-05-12,2025-05-12,729,Agente,Expirada,Espinoza Rueda Cinthya Dayana,Natural,Cuenca,1,1,0,2,1,Medio,Reparaciones Viales Cía.,Automotriz,Manta,21,False,No,,2,0,0,0,0,0,0,0,1,0,0,0,0,1,0.4242,,False,False,False,False,False,False,False,False,False,,False,False,False,False,False,False,False,False,False,False,False,0,,False,False,False,False,0.0,16,False,True,7,0.1055,-1,29.3,False
SIN-0287,POL-0287,ASEG-0001,Hogar,,Robo,2024-11-07,2024-11-08,1,14895,14917,0,Reserva,Quito,PROV-014,Robo de joyas y equipos electrónicos.,False,False,73,292,1,40000,0.11,,2024-08-26,2025-08-26,1166,Digital,Expirada,Morales Freire Byron Rodrigo,Natural,Manta,3,1,1,3,1,Medio,Servicios Hogar Ecuador,Servicios,Quito,10,False,No,,3,0,1,0,0,1,0,0,0,0,1,0,0,0,0.3724,,False,False,False,False,False,False,False,False,False,,False,False,False,False,False,False,False,False,False,False,False,0,,False,False,False,False,0.0,24,False,True,12,0.1055,-1,18.0,False
SIN-0288,POL-0288,ASEG-0066,Vehículos,MNT-5834,Choque,2024-06-16,2024-06-17,1,14099,13450,0,Reserva,Ambato,TALLER-006,"Accidente múltiple de madrugada, daños en carrocería.",True,False,14,351,1,28000,0.2,,2024-06-02,2025-06-02,720,Agente,Expirada,Martínez Alvarado Rosa Elena,Natural,Riobamba,8,1,0,2,1,Medio,Auto Service Quito Norte,Automotriz,Guayaquil,15,False,No,,3,0,0,0,0,1,0,0,1,0,0,0,0,0,0.5035,,True,False,False,False,False,False,False,False,False,,False,False,False,False,False,False,False,False,False,False,False,0,,False,False,False,False,0.0,20,False,True,15,0.0942,-1,22.6,False
SIN-0289,POL-0289,ASEG-0173,Vehículos,PIC-3847,Pérdida Total,2024-02-02,2024-02-05,3,4257,4177,0,Pago Parcial,Riobamba,TALLER-001,Vehículo totalmente siniestrado en volcamiento.,True,False,14,351,1,12000,0.35,,2024-01-19,2025-01-18,297,Agente,Expirada,Flores Castillo Roberto Antonio,Natural,Quito,1,1,0,2,2,Medio,Taller El Norte Cía. Ltda.,Automotriz,Ambato,11,False,No,,3,0,1,0,0,1,0,0,0,0,0,0,0,0,0.3548,,True,False,False,False,False,False,False,False,False,,False,False,False,False,False,False,False,False,False,False,False,0,,False,False,False,False,0.0,17,False,True,17,0.0928,-1,31.8,False
SIN-0290,POL-0290,ASEG-0091,Vehículos,PIC-2847,Choque,2024-10-14,2024-10-16,2,934,873,850,Pago Total,Cuenca,TALLER-013,Colisión en tráfico urbano con parte policial y fotografías.,True,False,144,221,0,8000,0.2,,2024-05-23,2025-05-23,182,Broker,Expirada,Cabrera Yépez Marcelo Javier,Natural,Manta,0,2,1,2,2,Medio,Taller Chimborazo Express,Automotriz,Loja,25,False,No,,2,0,0,0,0,1,0,0,1,0,0,0,0,0,0.1168,,False,False,False,False,False,False,False,False,False,,False,False,False,False,False,False,False,False,False,False,False,0,,False,False,False,False,0.0,17,False,True,27,0.0852,-1,21.3,False
SIN-0291,POL-0291,ASEG-0106,Vehículos,AZY-8812,Choque,2024-05-17,2024-05-17,0,18733,14499,0,Negativa,Riobamba,TALLER-001,Robo con violencia en domicilio.,False,False,16,349,3,20000,0.94,,2024-05-01,2025-05-01,487,Broker,Expirada,Andrade Viteri Sandra Lorena,Natural,Quito,1,1,1,4,1,Alto,Taller El Norte Cía. Ltda.,Automotriz,Ambato,11,False,No,,2,0,0,0,0,1,0,0,0,0,0,0,0,1,0.9366,,True,False,False,True,True,False,False,False,False,,False,False,False,False,False,False,False,False,False,False,False,0,,False,False,False,False,0.0,30,False,True,4,0.1055,-1,78.7,True
SIN-0292,POL-0292,ASEG-0124,Vehículos,PIC-2847,Cristales,2024-06-26,2024-07-10,14,12995,8533,0,Investigación,Esmeraldas,TALLER-012,Parabrisas fisurado en autopista.,False,False,19,346,1,20000,0.58,,2024-06-07,2025-06-07,400,Bancaseguros,Expirada,Morales Freire Byron Rodrigo,Natural,Ambato,7,2,2,2,2,Medio,Serviautos Litoral,Automotriz,Riobamba,23,False,No,,3,0,0,0,0,0,0,0,1,0,0,0,0,1,0.6498,,True,False,True,False,False,False,False,False,False,,False,False,False,False,False,False,False,False,False,False,False,0,,False,False,False,False,0.0,14,False,True,11,0.1435,-1,46.6,False
SIN-0293,POL-0293,ASEG-0086,Vehículos,CHB-9918,Pérdida Total,2024-04-21,2024-04-23,2,10144,8603,0,Pago Parcial,Quito,TALLER-013,Daños irreparables por colisión frontal.,False,False,59,306,0,28000,0.37,,2024-02-22,2025-02-21,804,Digital,Expirada,Salcedo Ponce Margoth Elizabeth,Natural,Portoviejo,0,1,3,3,0,Medio,Taller Chimborazo Express,Automotriz,Loja,25,False,No,,3,0,0,0,0,0,0,0,1,0,0,0,0,1,0.3623,,False,False,False,False,False,False,False,False,False,,False,False,False,False,False,False,False,False,False,False,False,0,,False,False,False,False,0.0,22,False,True,20,0.1095,-1,35.3,False
SIN-0294,POL-0294,ASEG-0070,Hogar,,Incendio,2024-08-17,2024-08-18,1,5173,5358,0,Pago Parcial,Cuenca,PROV-017,Incendio en cocina con informe de bomberos.,True,False,89,276,3,15000,0.26,,2024-05-20,2025-05-20,273,Broker,Expirada,Pérez Vásquez Ana Lucía,Natural,Esmeraldas,5,1,7,7,1,Alto,Servicios Integrales Sur,Servicios,Loja,10,False,No,,3,0,1,0,0,1,0,0,0,0,1,0,0,0,0.3449,,False,False,False,False,False,False,False,False,False,,False,False,False,False,False,False,False,False,False,False,False,0,,False,False,False,False,0.0,7,False,False,8,0.1021,-1,21.2,True
SIN-0295,POL-0295,ASEG-0157,Vehículos,IBR-4918,Responsabilidad Civil,2024-11-08,2024-11-08,0,602,584,563,Pago Total,Esmeraldas,TALLER-015,Raspón lateral a vehículo estacionado.,True,False,85,280,0,8000,0.15,,2024-08-15,2025-08-15,159,Bancaseguros,Expirada,Palacios Andrade Cristóbal Sebastián,Natural,Cuenca,8,3,1,1,0,Bajo,Automotriz Sur Azuay,Automotriz,Manta,18,False,No,,2,0,1,0,0,0,0,0,0,0,0,0,0,0,0.0752,,False,False,False,False,False,False,False,False,False,,False,False,False,False,False,False,False,False,False,False,False,0,,False,False,False,False,0.0,12,False,True,18,0.1083,-1,15.6,False
SIN-0296,POL-0296,ASEG-0183,Vehículos,IBR-7291,Cristales,2024-12-05,2024-12-05,0,8015,8113,7592,Liquidado,Esmeraldas,TALLER-008,Parabrisas fisurado en autopista.,True,False,299,66,1,25000,0.16,,2024-02-10,2025-02-09,649,Broker,Expirada,Bonilla Torres Nathaly Carolina,Natural,Guayaquil,7,1,2,3,1,Medio,Reparaciones Viales Cía.,Automotriz,Manta,21,False,No,,2,0,1,0,0,0,0,0,0,0,0,0,0,0,0.3206,,False,False,False,False,False,False,False,False,False,,False,False,False,False,False,False,False,False,False,False,False,0,,False,False,False,False,0.0,14,False,True,11,0.1435,-1,17.2,False
SIN-0297,POL-0297,ASEG-0094,Hogar,,Daño Estructural,2025-01-13,2025-01-22,9,20920,13354,0,Investigación,Cuenca,PROV-018,Siniestro reportado con documentación.,False,False,20,345,1,40000,0.53,,2024-12-24,2025-12-24,905,Digital,Expirada,Gutiérrez Moreta Diana Fernanda,Natural,Manta,4,2,1,3,2,Medio,Hogar Seguro S.A.,Servicios,Ambato,17,False,No,,2,0,0,0,0,1,0,0,0,0,1,0,0,0,0.523,,True,False,True,False,False,False,False,False,False,,False,False,False,False,False,False,False,False,False,False,False,0,,False,False,False,False,0.0,70,False,True,9,0.0,-1,67.1,False
SIN-0298,POL-0298,ASEG-0183,Hogar,,Robo,2025-08-03,2025-08-04,1,5512,5245,4715,Pago Total,Loja,PROV-020,Sustracción de bienes durante ausencia del hogar.,True,False,296,69,2,40000,0.2,,2024-10-11,2025-10-11,760,Digital,Expirada,Bonilla Torres Nathaly Carolina,Natural,Guayaquil,7,1,2,3,1,Medio,Servicios Generales GYE,Servicios,Esmeraldas,17,False,No,,2,0,0,0,0,1,0,1,0,0,0,0,0,0,0.1378,,False,False,False,False,False,False,False,False,False,,False,False,False,False,False,False,False,False,False,False,False,0,,False,False,False,False,0.0,36,False,True,13,0.1176,-1,29.4,False
SIN-0299,POL-0299,ASEG-0178,Vehículos,TNB-3847,Robo de Accesorios,2025-02-06,2025-02-06,0,2158,2246,2131,Pago Total,Ibarra,TALLER-004,Robo de airbags y pantalla en parqueadero.,True,False,180,185,2,30000,0.22,,2024-08-10,2025-08-10,871,Digital,Expirada,Jiménez Vargas Patricia Elena,Natural,Ibarra,2,2,0,3,0,Medio,Servicio Express Loja,Automotriz,Ibarra,24,False,No,,3,0,0,0,0,0,0,0,1,0,0,0,0,1,0.0719,,False,False,False,False,False,False,False,False,False,,False,False,False,False,False,False,False,False,False,False,False,0,,False,False,False,False,0.0,18,False,True,2,0.1055,-1,23.1,False
SIN-0300,POL-0300,ASEG-0084,Vehículos,IBR-4918,Robo de Accesorios,2024-12-08,2024-12-10,2,4275,4143,3891,Liquidado,Guayaquil,TALLER-003,Sustracción de rines y estéreo durante la noche.,True,False,115,250,2,12000,0.25,,2024-08-15,2025-08-15,268,Agente,Expirada,Flores Castillo Roberto Antonio,Natural,Riobamba,6,3,2,5,0,Alto,Mecánica Imbabura S.A.,Automotriz,Manta,26,False,No,,3,0,0,0,0,1,0,0,0,0,0,0,0,1,0.3562,,False,False,False,False,False,False,False,False,False,,False,False,False,False,False,False,False,False,False,False,False,0,,False,False,False,False,0.0,14,False,True,25,0.1176,-1,23.5,False
SIN-0301,POL-0301,ASEG-0097,Vehículos,MNT-0847,Robo,2024-09-02,2024-09-04,2,9937,9922,0,Investigación,Cuenca,TALLER-012,Sustracción de bienes durante ausencia del hogar.,True,False,14,351,0,28000,0.36,,2024-08-19,2025-08-19,618,Digital,Expirada,Montoya Llorente Daniela Fernanda,Natural,Loja,1,2,1,3,0,Medio,Serviautos Litoral,Automotriz,Riobamba,23,False,No,,2,0,1,0,0,0,0,0,0,0,0,0,0,1,0.3549,,True,False,False,False,False,False,False,False,False,,False,False,False,False,False,False,False,False,False,False,False,0,,False,False,False,False,0.0,36,False,True,13,0.1176,-1,40.6,False
SIN-0302,POL-0302,ASEG-0012,Vehículos,LOJ-1847,Robo de Accesorios,2025-06-07,2025-06-07,0,7421,6878,6633,Pago Total,Quito,TALLER-004,Sustracción de rines y estéreo durante la noche.,True,False,210,155,2,28000,0.14,,2024-11-09,2025-11-09,662,Bancaseguros,Expirada,Naranjo Velasco Edwin Patricio,Natural,Quito,6,2,8,8,0,Alto,Servicio Express Loja,Automotriz,Ibarra,24,False,No,,3,0,0,0,0,0,0,0,1,0,0,0,0,1,0.265,,False,False,False,False,False,False,False,False,False,,False,False,False,False,False,False,False,False,False,False,False,0,,False,False,False,False,0.0,14,False,True,25,0.1176,-1,15.8,False
SIN-0303,POL-0303,ASEG-0056,Hogar,,Rotura de Cristales,2025-08-25,2025-08-27,2,2777,2605,2466,Pago Total,Ibarra,PROV-020,Siniestro reportado con documentación.,True,False,282,83,0,25000,0.1,,2024-11-16,2025-11-16,699,Digital,Expirada,Hidalgo Zurita Alexandra Paola,Natural,Ambato,5,3,1,1,1,Bajo,Servicios Generales GYE,Servicios,Esmeraldas,17,False,No,,2,0,1,0,0,0,0,0,0,0,1,0,0,0,0.1111,,False,False,False,False,False,False,False,False,False,,False,False,False,False,False,False,False,False,False,False,False,0,,False,False,False,False,0.0,70,False,True,9,0.0,-1,37.0,False
SIN-0304,POL-0304,ASEG-0018,Vehículos,GYE-4837,Choque,2024-12-15,2024-12-19,4,6345,4142,0,Reserva,Guayaquil,TALLER-888,Sustracción de bienes durante ausencia del hogar.,False,True,18,347,2,8000,0.87,,2024-11-27,2025-11-27,160,Digital,Expirada,Castro Villafuerte Sandra Cristina,Natural,Portoviejo,6,1,0,4,1,Alto,Taller Anónimo Manta — Documentos alterados,Automotriz,Ambato,10,True,Sí,,3,0,1,0,0,1,0,0,0,0,0,0,0,0,0.7931,,True,False,False,True,True,False,False,False,False,,False,False,False,False,False,False,False,False,False,False,False,0,,False,False,False,False,0.0,36,False,True,13,0.1176,-1,76.3,True
SIN-0305,POL-0305,ASEG-0074,Vehículos,MNT-5834,Pérdida Total,2025-01-15,2025-01-15,0,16886,13314,0,Investigación,Manta,TALLER-005,Inundación por lluvias intensas.,False,False,16,349,1,28000,0.93,,2024-12-30,2025-12-30,610,Agente,Expirada,Vega Montoya Fanny Lorena,Natural,Cuenca,3,2,1,3,1,Medio,Taller Portuario Guayaquil,Automotriz,Portoviejo,21,False,No,,3,0,0,0,0,1,0,0,1,0,0,0,0,1,0.6031,,True,False,False,True,True,False,False,False,False,,False,False,False,False,False,False,False,False,False,False,False,0,,False,False,False,False,0.0,9,False,False,30,0.0,-1,69.0,False
SIN-0306,POL-0306,ASEG-0067,Vehículos,TNB-1029,Choque,2024-11-22,2024-11-24,2,4528,4316,0,Pago Parcial,Esmeraldas,TALLER-001,"Golpe trasero en cola de tráfico, testigos presentes.",True,False,14,351,0,10000,0.26,,2024-11-08,2025-11-08,214,Agente,Expirada,Benítez Arcos Luis Fernando,Natural,Riobamba,4,2,2,2,1,Medio,Taller El Norte Cía. Ltda.,Automotriz,Ambato,11,False,No,,2,0,1,0,0,0,0,0,0,0,0,0,0,1,0.4528,,True,False,False,False,False,False,False,False,False,,False,False,False,False,False,False,False,False,False,False,False,0,,False,False,False,False,0.0,19,False,True,0,0.0752,-1,26.3,False
SIN-0307,POL-0307,ASEG-0074,Vehículos,AZY-1847,Cristales,2024-09-30,2024-10-02,2,6823,6531,0,Investigación,Loja,TALLER-006,Rotura de parabrisas por impacto de piedra.,True,False,58,307,2,20000,0.34,,2024-08-03,2025-08-03,629,Broker,Expirada,Vega Montoya Fanny Lorena,Natural,Cuenca,3,2,1,3,1,Medio,Auto Service Quito Norte,Automotriz,Guayaquil,15,False,No,,2,0,0,0,0,0,0,0,1,0,0,0,0,0,0.3412,,False,False,False,False,False,False,False,False,False,,False,False,False,False,False,False,False,False,False,False,False,0,,False,False,False,False,0.0,27,False,True,19,0.1435,-1,35.4,False
SIN-0308,POL-0308,ASEG-0095,Vehículos,PIC-2847,Robo de Accesorios,2024-12-14,2024-12-15,1,3879,4001,3527,Liquidado,Quito,TALLER-006,Robo de airbags y pantalla en parqueadero.,True,False,202,163,1,25000,0.08,,2024-05-26,2025-05-26,479,Broker,Expirada,Herrera Salinas Jorge Enrique,Natural,Ibarra,0,3,5,6,1,Alto,Auto Service Quito Norte,Automotriz,Guayaquil,15,False,No,,2,0,1,0,0,0,0,0,0,0,0,0,0,0,0.1552,,False,False,False,False,False,False,False,False,False,,False,False,False,False,False,False,False,False,False,False,False,0,,False,False,False,False,0.0,18,False,True,2,0.1055,-1,13.3,False
SIN-0309,POL-0309,ASEG-0085,Vehículos,MNT-5834,Pérdida Total,2024-08-29,2024-08-31,2,3250,3025,2714,Liquidado,Loja,TALLER-020,Daños irreparables por colisión frontal.,True,False,152,213,0,18000,0.27,,2024-03-30,2025-03-30,521,Digital,Expirada,Cordero Alvarado Beatriz Elena,Natural,Loja,4,3,0,3,1,Medio,Taller Quito Sur Cía.,Automotriz,Guayaquil,24,False,No,,3,0,1,0,0,0,0,0,0,0,0,0,0,1,0.1806,,False,False,False,False,False,False,False,False,False,,False,False,False,False,False,False,False,False,False,False,False,0,,False,False,False,False,0.0,22,False,True,20,0.1095,-1,28.3,False
SIN-0310,POL-0310,ASEG-0031,Vehículos,PIC-2847,Cristales,2025-02-09,2025-02-09,0,4674,4091,0,Investigación,Riobamba,TALLER-008,Parabrisas fisurado en autopista.,True,False,34,331,1,12000,0.59,,2025-01-06,2026-01-06,251,Broker,Expirada,Morales Espín Byron Rodrigo,Natural,Ambato,0,3,3,4,0,Alto,Reparaciones Viales Cía.,Automotriz,Manta,21,False,No,,3,0,1,0,0,1,0,0,0,0,0,0,0,0,0.3895,,False,False,False,False,False,False,False,False,False,,False,False,False,False,False,False,False,False,False,False,False,0,,False,False,False,False,0.0,14,False,True,11,0.1435,-1,47.3,False
SIN-0311,POL-0311,ASEG-0061,Vehículos,ESM-1234,Responsabilidad Civil,2024-10-06,2024-10-22,16,13708,10786,0,Negativa,Cuenca,TALLER-999,Inundación por lluvias intensas.,False,True,8,357,3,22000,0.97,,2024-09-28,2025-09-28,400,Bancaseguros,Expirada,Freire Castillo Marco Antonio,Natural,Loja,7,1,1,9,2,Alto,Taller No Registrado — Asociado a red de fraude,Automotriz,Portoviejo,12,True,Sí,,2,0,1,0,0,0,0,0,0,0,0,0,0,1,0.6231,,True,False,True,True,True,False,False,False,False,,False,False,False,False,False,False,False,False,False,False,False,0,,False,False,False,False,0.0,9,False,False,30,0.0,-1,71.8,False
SIN-0312,POL-0312,ASEG-0013,Vehículos,GYE-2918,Responsabilidad Civil,2024-09-20,2024-09-22,2,7824,7330,0,Investigación,Portoviejo,TALLER-001,"Impacto posterior en intersección, tercero no identificado.",False,False,63,302,1,25000,0.31,,2024-07-19,2025-07-19,721,Bancaseguros,Expirada,Cabrera Yépez Marcelo Javier,Natural,Ibarra,1,2,0,5,0,Alto,Taller El Norte Cía. Ltda.,Automotriz,Ambato,11,False,No,,2,0,0,0,0,0,0,0,1,0,0,0,0,1,0.313,,False,False,False,False,False,False,False,False,False,,False,False,False,False,False,False,False,False,False,False,False,0,,False,False,False,False,0.0,12,False,True,22,0.208,-1,26.8,False
SIN-0313,POL-0313,ASEG-0053,Vehículos,MNT-0847,Choque,2024-03-17,2024-03-19,2,14461,13942,0,Reserva,Esmeraldas,TALLER-004,Colisión en tráfico urbano con parte policial y fotografías.,True,False,23,342,0,25000,0.13,,2024-02-23,2025-02-22,573,Bancaseguros,Expirada,Ulloa Morocho Gonzalo Patricio,Natural,Ambato,7,1,2,2,2,Medio,Servicio Express Loja,Automotriz,Ibarra,24,False,No,,3,0,1,0,0,1,0,0,0,0,0,0,0,0,0.5784,,True,False,False,False,False,False,False,False,False,,False,False,False,False,False,False,False,False,False,False,False,0,,False,False,False,False,0.0,17,False,True,27,0.0852,-1,16.4,False
SIN-0314,POL-0314,ASEG-0078,Vehículos,AZY-8812,Robo,2025-03-28,2025-03-30,2,4823,4851,4312,Pago Total,Ibarra,TALLER-011,Sustracción de bienes durante ausencia del hogar.,True,False,116,249,0,30000,0.1,,2024-12-02,2025-12-02,877,Agente,Expirada,Andrade Viteri Sandra Lorena,Natural,Cuenca,6,1,0,3,0,Medio,Mecánica Tungurahua,Automotriz,Quito,16,False,No,,3,0,1,0,0,1,0,0,0,0,0,0,0,0,0.1608,,False,False,False,False,False,False,False,False,False,,False,False,False,False,False,False,False,False,False,False,False,0,,False,False,False,False,0.0,36,False,True,13,0.1176,-1,22.4,False
SIN-0315,POL-0315,ASEG-0033,Salud,,Cirugía,2024-08-19,2024-08-20,1,2970,2902,2724,Liquidado,Guayaquil,HOSP-005,Cirugía programada con historia clínica.,True,False,90,275,1,20000,0.29,,2024-05-21,2025-05-21,467,Agente,Expirada,Hidalgo Zurita Alexandra Paola,Natural,Riobamba,2,3,0,3,1,Medio,Centro Médico del Sur,Salud,Quito,8,False,No,,2,0,0,1,0,0,0,0,0,0,0,1,0,0,0.1485,,False,False,False,False,False,False,False,False,False,,False,False,False,False,False,False,False,False,False,False,False,0,,False,False,False,False,0.0,4,False,False,31,0.0,-1,22.0,True
SIN-0316,POL-0316,ASEG-0014,Hogar,,Incendio,2025-02-11,2025-02-11,0,8239,8089,0,Pago Parcial,Esmeraldas,PROV-014,Cortocircuito que causó incendio parcial.,True,False,14,351,1,30000,0.56,,2025-01-28,2026-01-28,632,Bancaseguros,Expirada,Cordero Alvarado Beatriz Elena,Natural,Quito,3,3,2,3,0,Medio,Servicios Hogar Ecuador,Servicios,Quito,10,False,No,,2,0,1,0,0,0,0,0,0,0,1,0,0,0,0.2746,,True,False,False,False,False,False,False,False,False,,False,False,False,False,False,False,False,False,False,False,False,0,,False,False,False,False,0.0,6,False,False,28,0.1021,-1,41.8,True
SIN-0317,POL-0317,ASEG-0084,Vehículos,LOJ-5523,Cristales,2024-04-14,2024-04-16,2,9278,8433,0,Investigación,Quito,TALLER-003,Rotura de parabrisas por impacto de piedra.,False,False,85,280,3,22000,0.38,,2024-01-20,2025-01-19,478,Digital,Expirada,Flores Castillo Roberto Antonio,Natural,Riobamba,6,3,2,5,0,Alto,Mecánica Imbabura S.A.,Automotriz,Manta,26,False,No,,2,0,1,0,0,0,0,0,1,0,0,0,0,0,0.4217,,False,False,False,False,False,False,False,False,False,,False,False,False,False,False,False,False,False,False,False,False,0,,False,False,False,False,0.0,27,False,True,19,0.1435,-1,38.2,False
SIN-0318,POL-0318,ASEG-0050,Vehículos,LOJ-2847,Cristales,2024-03-19,2024-04-04,16,20960,12618,0,Negativa,Riobamba,TALLER-012,Daños irreparables por colisión frontal.,False,False,16,349,3,30000,0.92,,2024-03-03,2025-03-03,765,Broker,Expirada,Vega Montoya Fanny Lorena,Natural,Loja,3,2,3,6,1,Alto,Serviautos Litoral,Automotriz,Riobamba,23,False,No,,3,0,1,0,0,0,0,0,1,0,0,0,0,1,0.6987,,True,False,True,True,True,False,False,False,False,,False,False,False,False,False,False,False,False,False,False,False,0,,False,False,False,False,0.0,22,False,True,20,0.1095,-1,73.8,True
SIN-0319,POL-0319,ASEG-0085,Vehículos,IBR-3847,Robo,2025-03-08,2025-03-12,4,6986,6845,0,Investigación,Ambato,TALLER-008,Sustracción de bienes durante ausencia del hogar.,True,False,76,289,1,22000,0.14,,2024-12-22,2025-12-22,672,Agente,Expirada,Cordero Alvarado Beatriz Elena,Natural,Loja,4,3,0,3,1,Medio,Reparaciones Viales Cía.,Automotriz,Manta,21,False,No,,3,0,1,0,0,1,0,0,0,0,0,0,0,1,0.3175,,False,False,False,False,False,False,False,False,False,,False,False,False,False,False,False,False,False,False,False,False,0,,False,False,False,False,0.0,36,False,True,13,0.1176,-1,25.2,False
SIN-0320,POL-0320,ASEG-0070,Vehículos,PIC-3847,Cristales,2024-09-18,2024-09-20,2,18920,9703,0,Investigación,Ambato,TALLER-777,Vidrio lateral roto por vandalismo.,False,True,6,359,4,28000,0.54,,2024-09-12,2025-09-12,882,Digital,Expirada,Pérez Vásquez Ana Lucía,Natural,Esmeraldas,5,1,7,7,1,Alto,Mecánica Sin Nombre — Facturación irregular,Automotriz,Ambato,10,True,Sí,,3,0,0,0,0,1,0,0,1,0,0,0,0,0,0.6757,,True,False,False,False,False,False,False,False,False,,False,False,False,False,False,False,False,False,False,False,False,0,,False,False,False,False,0.0,18,False,True,21,0.1048,-1,45.5,False
SIN-0321,POL-0321,ASEG-0095,Vehículos,AZY-1847,Robo de Accesorios,2024-04-15,2024-04-16,1,2348,2234,2139,Liquidado,Manta,TALLER-006,Sustracción de rines y estéreo durante la noche.,True,False,69,296,2,8000,0.28,,2024-02-06,2025-02-05,226,Broker,Expirada,Herrera Salinas Jorge Enrique,Natural,Ibarra,0,3,5,6,1,Alto,Auto Service Quito Norte,Automotriz,Guayaquil,15,False,No,,3,0,0,0,0,1,0,0,0,0,0,0,0,1,0.2935,,False,False,False,False,False,False,False,False,False,,False,False,False,False,False,False,False,False,False,False,False,0,,False,False,False,False,0.0,14,False,True,25,0.1176,-1,25.6,False
SIN-0322,POL-0322,ASEG-0013,Vehículos,TNB-1029,Pérdida Total,2024-05-12,2024-05-16,4,14316,10612,0,Negativa,Portoviejo,TALLER-013,Rotura de parabrisas por impacto de piedra.,False,False,45,320,2,30000,0.95,,2024-03-28,2025-03-28,567,Broker,Expirada,Cabrera Yépez Marcelo Javier,Natural,Ibarra,1,2,0,5,0,Alto,Taller Chimborazo Express,Automotriz,Loja,25,False,No,,3,0,1,0,0,1,0,0,0,0,0,0,0,0,0.4772,,False,False,False,True,True,False,False,False,False,,False,False,False,False,False,False,False,False,False,False,False,0,,False,False,False,False,0.0,27,False,True,19,0.1435,-1,78.1,True
SIN-0323,POL-0323,ASEG-0042,Hogar,,Incendio,2025-03-11,2025-03-12,1,3833,3608,3280,Liquidado,Quito,PROV-016,Incendio estructural por fuga de gas.,True,False,132,233,2,20000,0.09,,2024-10-30,2025-10-30,454,Bancaseguros,Expirada,Salcedo Ponce Margoth Elizabeth,Natural,Ibarra,1,1,0,5,1,Alto,Técnicos del Hogar Cía.,Servicios,Cuenca,16,False,No,,2,0,1,0,0,0,0,0,0,0,1,0,0,0,0.1916,,False,False,False,False,False,False,False,False,False,,False,False,False,False,False,False,False,False,False,False,False,0,,False,False,False,False,0.0,4,False,False,23,0.108,-1,8.0,True
SIN-0324,POL-0324,ASEG-0100,Vehículos,LOJ-5523,Robo,2024-09-20,2024-09-24,4,4739,4410,0,Pago Parcial,Quito,TALLER-008,Robo con violencia en domicilio.,True,False,14,351,3,10000,0.16,,2024-09-06,2025-09-06,181,Digital,Expirada,Sánchez Herrera Diego Alejandro,Natural,Cuenca,6,3,2,5,1,Alto,Reparaciones Viales Cía.,Automotriz,Manta,21,False,No,,2,0,0,0,0,0,0,0,0,0,0,0,0,1,0.4739,,True,False,False,False,False,False,False,False,False,,False,False,False,False,False,False,False,False,False,False,False,0,,False,False,False,False,0.0,30,False,True,4,0.1055,-1,24.1,False
SIN-0325,POL-0325,ASEG-0077,Salud,,Cirugía,2024-12-29,2025-01-02,4,8711,7177,0,Pago Parcial,Riobamba,PROV-022,Cirugía programada con historia clínica.,True,False,50,315,0,20000,0.14,,2024-11-09,2025-11-09,536,Digital,Expirada,Almeida Granda Fernando Eduardo,Natural,Portoviejo,0,1,1,2,1,Medio,Técnicos Especializados EC,Servicios,Guayaquil,12,False,No,,2,0,0,1,0,0,1,0,0,0,0,0,0,0,0.4356,,False,False,False,False,False,False,False,False,False,,False,False,False,False,False,False,False,False,False,False,False,0,,False,False,False,False,0.0,4,False,False,31,0.0,-1,11.5,True
SIN-0326,POL-0326,ASEG-0099,Vehículos,IBR-3847,Cristales,2024-06-30,2024-07-03,3,3019,2573,0,Pago Parcial,Manta,TALLER-013,Vidrio lateral roto por vandalismo.,True,False,40,325,1,8000,0.12,,2024-05-21,2025-05-21,166,Bancaseguros,Expirada,Mora Loza Adriana Marcela,Natural,Manta,3,2,1,6,0,Alto,Taller Chimborazo Express,Automotriz,Loja,25,False,No,,2,0,1,0,0,0,0,0,1,0,0,0,0,0,0.3774,,False,False,False,False,False,False,False,False,False,,False,False,False,False,False,False,False,False,False,False,False,0,,False,False,False,False,0.0,18,False,True,21,0.1048,-1,16.1,False
SIN-0327,POL-0327,ASEG-0014,Vehículos,MNT-2918,Cristales,2025-08-21,2025-08-21,0,1637,1600,1519,Pago Total,Quito,TALLER-007,Parabrisas fisurado en autopista.,True,False,323,42,2,12000,0.07,,2024-10-02,2025-10-02,243,Bancaseguros,Expirada,Cordero Alvarado Beatriz Elena,Natural,Quito,3,3,2,3,0,Medio,Multiservicios Automotrices EC,Automotriz,Ambato,17,False,No,,3,0,1,0,0,1,0,0,0,0,0,0,0,1,0.1364,,False,False,False,False,False,False,False,False,False,,False,False,False,False,False,False,False,False,False,False,False,0,,False,False,False,False,0.0,14,False,True,11,0.1435,-1,10.9,False
SIN-0328,POL-0328,ASEG-0030,Hogar,,Robo,2024-10-05,2024-10-06,1,1052,1047,928,Pago Total,Loja,PROV-016,Robo con violencia en domicilio.,True,False,162,203,1,15000,0.27,,2024-04-26,2025-04-26,320,Bancaseguros,Expirada,Ramírez Peñafiel Carmen Susana,Natural,Guayaquil,5,2,3,3,0,Medio,Técnicos del Hogar Cía.,Servicios,Cuenca,16,False,No,,2,0,0,0,0,0,0,1,0,0,1,0,0,0,0.0701,,False,False,False,False,False,False,False,False,False,,False,False,False,False,False,False,False,False,False,False,False,0,,False,False,False,False,0.0,30,False,True,4,0.1055,-1,31.8,False
SIN-0329,POL-0329,ASEG-0023,Salud,,Urgencias,2024-04-15,2024-04-15,0,13543,11296,0,Pago Parcial,Loja,PROV-021,Siniestro reportado con documentación.,True,False,36,329,1,50000,0.72,,2024-03-10,2025-03-10,1404,Bancaseguros,Expirada,Ramos Loor Freddy Oswaldo,Natural,Ambato,7,1,0,3,1,Medio,Reparaciones Tungurahua,Servicios,Cuenca,17,False,No,,3,0,0,0,0,0,1,0,0,1,0,1,0,0,0.2709,,False,False,False,True,False,False,False,False,False,,False,False,False,False,False,False,False,False,False,False,False,0,,False,False,False,False,0.0,70,False,True,9,0.0,-1,80.4,False
SIN-0330,POL-0330,ASEG-0029,Salud,,Consulta Externa,2024-04-25,2024-04-26,1,71358,53596,0,Negativa,Portoviejo,PROV-014,Impacto lateral en intersección con semáforo.,False,False,35,330,1,80000,0.93,,2024-03-21,2025-03-21,2507,Digital,Expirada,Benítez Arcos Luis Fernando,Natural,Manta,3,3,0,3,0,Medio,Servicios Hogar Ecuador,Servicios,Quito,10,False,No,,2,0,0,1,0,0,1,0,0,0,0,0,0,0,0.892,,False,False,False,True,True,False,False,False,False,,False,False,False,False,False,False,False,False,False,False,False,0,,False,False,False,False,0.0,13,False,True,3,0.208,-1,70.7,True
SIN-0331,POL-0331,ASEG-0075,Vehículos,AZY-1847,Robo,2024-06-09,2024-06-12,3,11640,11668,0,Investigación,Portoviejo,TALLER-004,Sustracción de bienes durante ausencia del hogar.,True,False,84,281,4,30000,0.23,,2024-03-17,2025-03-17,917,Broker,Expirada,Aguirre Bermeo Liliana Alexandra,Natural,Portoviejo,3,2,1,6,2,Alto,Servicio Express Loja,Automotriz,Ibarra,24,False,No,,2,0,0,0,0,1,0,0,1,0,0,0,0,0,0.388,,False,False,False,False,False,False,False,False,False,,False,False,False,False,False,False,False,False,False,False,False,0,,False,False,False,False,0.0,36,False,True,13,0.1176,-1,31.5,False
SIN-0332,POL-0332,ASEG-0011,Hogar,,Rotura de Cristales,2025-08-20,2025-08-21,1,17982,16580,15921,Liquidado,Quito,PROV-021,Siniestro reportado con documentación.,True,False,243,122,0,40000,0.11,,2024-12-20,2025-12-20,948,Broker,Expirada,Bonilla Torres Nathaly Carolina,Natural,Guayaquil,3,3,3,3,1,Medio,Reparaciones Tungurahua,Servicios,Cuenca,17,False,No,,2,0,1,0,0,1,0,0,0,0,0,0,0,0,0.4496,,False,False,False,False,False,False,False,False,False,,False,False,False,False,False,False,False,False,False,False,False,0,,False,False,False,False,0.0,70,False,True,9,0.0,-1,37.7,False
SIN-0333,POL-0333,ASEG-0060,Salud,,Cirugía,2024-04-18,2024-04-18,0,19670,18346,0,Pago Parcial,Ibarra,PROV-020,Intervención de urgencia con facturas adjuntas.,True,False,14,351,1,40000,0.22,,2024-04-04,2025-04-04,1071,Bancaseguros,Expirada,Naranjo Velasco Edwin Patricio,Natural,Manta,4,3,3,3,2,Medio,Servicios Generales GYE,Servicios,Esmeraldas,17,False,No,,3,0,0,1,0,0,0,0,0,1,0,1,0,0,0.4918,,True,False,False,False,False,False,False,False,False,,False,False,False,False,False,False,False,False,False,False,False,0,,False,False,False,False,0.0,4,False,False,29,0.0,-1,17.1,True
SIN-0334,POL-0334,ASEG-0088,Vehículos,AZY-1847,Choque,2024-07-09,2024-07-13,4,3314,2021,0,Reserva,Portoviejo,TALLER-999,"Accidente múltiple de madrugada, daños en carrocería.",False,True,19,346,0,8000,0.51,,2024-06-20,2025-06-20,202,Bancaseguros,Expirada,García Morales Luis Eduardo,Natural,Esmeraldas,1,2,0,2,1,Medio,Taller No Registrado — Asociado a red de fraude,Automotriz,Portoviejo,12,True,Sí,,3,0,1,0,0,0,0,0,1,0,0,0,0,1,0.4142,,True,False,False,False,False,False,False,False,False,,False,False,False,False,False,False,False,False,False,False,False,0,,False,False,False,False,0.0,20,False,True,15,0.0942,-1,44.3,False
SIN-0335,POL-0335,ASEG-0070,Vehículos,CHB-4472,Choque,2025-02-17,2025-03-07,18,16440,8488,0,Negativa,Riobamba,TALLER-888,"Accidente múltiple de madrugada, daños en carrocería.",False,True,36,329,5,30000,0.44,,2025-01-12,2026-01-12,906,Bancaseguros,Expirada,Pérez Vásquez Ana Lucía,Natural,Esmeraldas,5,1,7,7,1,Alto,Taller Anónimo Manta — Documentos alterados,Automotriz,Ambato,10,True,Sí,,3,0,1,0,0,0,0,0,1,0,0,0,0,0,0.548,,False,False,True,False,False,False,False,False,False,,False,False,False,False,False,False,False,False,False,False,False,0,,False,False,False,False,0.0,20,False,True,15,0.0942,-1,39.4,False
SIN-0336,POL-0336,ASEG-0080,Vehículos,MNT-5834,Responsabilidad Civil,2024-09-04,2024-09-05,1,1788,1683,1503,Liquidado,Guayaquil,TALLER-020,Colisión en rotonda con vehículo de tercero.,True,False,151,214,1,25000,0.29,,2024-04-06,2025-04-06,481,Bancaseguros,Expirada,Morales Freire Byron Rodrigo,Natural,Cuenca,8,1,1,3,2,Medio,Taller Quito Sur Cía.,Automotriz,Guayaquil,24,False,No,,2,0,0,0,0,1,0,0,0,0,0,0,0,0,0.0715,,False,False,False,False,False,False,False,False,False,,False,False,False,False,False,False,False,False,False,False,False,0,,False,False,False,False,0.0,15,False,True,6,0.1095,-1,26.7,False
SIN-0337,POL-0337,ASEG-0038,Vehículos,TNB-7291,Pérdida Total,2024-05-17,2024-05-18,1,1225,1254,1229,Pago Total,Esmeraldas,TALLER-017,Daños irreparables por colisión frontal.,True,False,70,295,2,25000,0.1,,2024-03-08,2025-03-08,571,Broker,Expirada,Espinoza Rueda Cinthya Dayana,Natural,Quito,2,3,2,5,0,Alto,Mecánica Manabí,Automotriz,Ibarra,19,False,No,,3,0,1,0,0,0,0,0,0,0,0,0,0,1,0.049,,False,False,False,False,False,False,False,False,False,,False,False,False,False,False,False,False,False,False,False,False,0,,False,False,False,False,0.0,22,False,True,20,0.1095,-1,16.4,False
SIN-0338,POL-0338,ASEG-0063,Vehículos,ESM-4847,Robo de Accesorios,2024-11-25,2024-11-26,1,8771,8870,0,Reserva,Esmeraldas,TALLER-015,Robo de accesorios en zona residencial.,True,False,49,316,4,25000,0.64,,2024-10-07,2025-10-07,610,Bancaseguros,Expirada,López Guerrero Juan Pablo,Natural,Ibarra,0,3,1,7,2,Alto,Automotriz Sur Azuay,Automotriz,Manta,18,False,No,,3,0,0,0,0,1,0,0,1,0,0,0,0,1,0.3508,,False,False,False,False,False,False,False,False,False,,False,False,False,False,False,False,False,False,False,False,False,0,,False,False,False,False,0.0,16,False,True,7,0.1055,-1,51.7,False
SIN-0339,POL-0339,ASEG-0080,Vehículos,PIC-1234,Robo,2024-06-01,2024-06-03,2,10654,6736,0,Negativa,Esmeraldas,TALLER-777,Robo con violencia en domicilio.,False,True,6,359,2,12000,0.36,,2024-05-26,2025-05-26,379,Agente,Expirada,Morales Freire Byron Rodrigo,Natural,Cuenca,8,1,1,3,2,Medio,Mecánica Sin Nombre — Facturación irregular,Automotriz,Ambato,10,True,Sí,,2,0,1,0,0,0,0,0,0,0,0,0,0,0,0.8878,,True,False,False,False,False,False,False,False,False,,False,False,False,False,False,False,False,False,False,False,False,0,,False,False,False,False,0.0,30,False,True,4,0.1055,-1,38.1,False
SIN-0340,POL-0340,ASEG-0045,Hogar,,Incendio,2024-11-08,2024-11-12,4,20115,16876,0,Investigación,Loja,PROV-022,Cortocircuito que causó incendio parcial.,True,False,83,282,3,35000,0.38,,2024-08-17,2025-08-17,1108,Bancaseguros,Expirada,Mora Loza Adriana Marcela,Natural,Loja,8,1,0,5,2,Alto,Técnicos Especializados EC,Servicios,Guayaquil,12,False,No,,3,0,0,0,0,1,0,1,0,0,1,0,0,0,0.5747,,False,False,False,False,False,False,False,False,False,,False,False,False,False,False,False,False,False,False,False,False,0,,False,False,False,False,0.0,6,False,False,28,0.1021,-1,29.2,True
SIN-0341,POL-0341,ASEG-0061,Vehículos,PIC-9182,Responsabilidad Civil,2025-02-26,2025-02-26,0,5314,4660,0,Pago Parcial,Portoviejo,TALLER-008,Raspón lateral a vehículo estacionado.,True,False,81,284,4,12000,0.58,,2024-12-07,2025-12-07,350,Broker,Expirada,Freire Castillo Marco Antonio,Natural,Loja,7,1,1,9,2,Alto,Reparaciones Viales Cía.,Automotriz,Manta,21,False,No,,3,0,0,0,0,1,0,0,0,0,0,0,0,1,0.4428,,False,False,False,False,False,False,False,False,False,,False,False,False,False,False,False,False,False,False,False,False,0,,False,False,False,False,0.0,12,False,True,18,0.1083,-1,45.7,False
SIN-0342,POL-0342,ASEG-0042,Vehículos,IBR-7291,Choque,2024-12-24,2024-12-26,2,7304,7591,0,Investigación,Portoviejo,TALLER-016,"Golpe trasero en cola de tráfico, testigos presentes.",True,False,30,335,3,15000,0.35,,2024-11-24,2025-11-24,393,Agente,Expirada,Salcedo Ponce Margoth Elizabeth,Natural,Ibarra,1,1,0,5,1,Alto,Servicio Técnico Loja,Automotriz,Ibarra,20,False,No,,2,0,0,0,0,0,0,0,1,0,0,0,0,0,0.4869,,True,False,False,False,False,False,False,False,False,,False,False,False,False,False,False,False,False,False,False,False,0,,False,False,False,False,0.0,19,False,True,0,0.0752,-1,32.6,False
SIN-0343,POL-0343,ASEG-0078,Vehículos,LOJ-8834,Robo de Accesorios,2024-04-05,2024-04-08,3,7459,7790,0,Investigación,Esmeraldas,TALLER-003,Robo de airbags y pantalla en parqueadero.,True,False,67,298,1,20000,0.62,,2024-01-29,2025-01-28,471,Broker,Expirada,Andrade Viteri Sandra Lorena,Natural,Cuenca,6,1,0,3,0,Medio,Mecánica Imbabura S.A.,Automotriz,Manta,26,False,No,,3,0,1,0,0,0,0,0,1,0,0,0,0,0,0.373,,False,False,False,False,False,False,False,False,False,,False,False,False,False,False,False,False,False,False,False,False,0,,False,False,False,False,0.0,18,False,True,2,0.1055,-1,51.1,False
SIN-0344,POL-0344,ASEG-0095,Vehículos,CHB-2847,Pérdida Total,2024-06-05,2024-06-16,11,9873,7863,0,Reserva,Riobamba,TALLER-013,Siniestro reportado con documentación.,False,False,9,356,3,12000,0.81,PTACP20260918473,2024-05-27,2025-05-27,351,Digital,Expirada,Herrera Salinas Jorge Enrique,Natural,Ibarra,0,3,5,6,1,Alto,Taller Chimborazo Express,Automotriz,Loja,25,False,No,,2,0,0,0,0,0,0,0,0,0,0,0,1,1,0.8228,,True,False,True,True,False,False,False,False,False,11.0,False,False,True,False,False,True,False,False,False,False,False,1,Parte Policial,True,False,False,False,15.0,70,False,True,9,0.0,-1,86.7,False
SIN-0345,POL-0345,ASEG-0001,Salud,,Urgencias,2024-09-12,2024-09-13,1,12651,12723,0,Pago Parcial,Ambato,PROV-018,Siniestro reportado con documentación.,True,False,43,322,2,30000,0.19,,2024-07-31,2025-07-31,773,Agente,Expirada,Morales Freire Byron Rodrigo,Natural,Manta,3,1,1,3,1,Medio,Hogar Seguro S.A.,Servicios,Ambato,17,False,No,,3,0,0,0,0,0,1,0,0,1,0,1,0,0,0.4217,,False,False,False,False,False,False,False,False,False,,False,False,False,False,False,False,False,False,False,False,False,0,,False,False,False,False,0.0,70,False,True,9,0.0,-1,43.3,False
SIN-0346,POL-0346,ASEG-0004,Salud,,Hospitalización,2024-06-08,2024-06-23,15,38705,26839,0,Investigación,Cuenca,PROV-015,Hospitalización de emergencia por apendicitis.,False,True,25,340,3,40000,0.53,,2024-05-14,2025-05-14,1255,Broker,Expirada,Pacheco Vélez Gloria Susana,Natural,Ibarra,3,2,4,7,0,Alto,Reparaciones Domésticas EC,Servicios,Ambato,12,False,No,,3,0,0,1,0,0,1,0,0,0,0,1,0,0,0.9676,,True,False,True,False,False,False,False,False,False,,False,False,False,False,False,False,False,False,False,False,False,0,,False,False,False,False,0.0,4,False,False,10,0.14,-1,38.8,True
SIN-0347,POL-0347,ASEG-0075,Hogar,,Daño Estructural,2024-09-23,2024-10-10,17,20307,11734,0,Reserva,Portoviejo,PROV-014,Robo con violencia en domicilio.,False,False,43,322,5,50000,0.83,,2024-08-11,2025-08-11,1081,Agente,Expirada,Aguirre Bermeo Liliana Alexandra,Natural,Portoviejo,3,2,1,6,2,Alto,Servicios Hogar Ecuador,Servicios,Quito,10,False,No,,3,0,1,0,0,1,0,0,0,0,1,0,0,0,0.4061,,False,False,True,True,False,False,False,False,False,,False,False,False,False,False,False,False,False,False,False,False,0,,False,False,False,False,0.0,30,False,True,4,0.1055,-1,71.0,False
SIN-0348,POL-0348,ASEG-0046,Vehículos,CHB-4472,Robo,2024-05-26,2024-05-30,4,9356,6440,0,Investigación,Quito,TALLER-999,Impacto lateral en intersección con semáforo.,False,True,7,358,2,20000,0.94,,2024-05-19,2025-05-19,477,Digital,Expirada,Hidalgo Zurita Alexandra Paola,Natural,Loja,0,1,5,5,2,Alto,Taller No Registrado — Asociado a red de fraude,Automotriz,Portoviejo,12,True,Sí,,2,0,0,0,0,1,0,0,0,0,0,0,0,1,0.4678,,True,False,False,True,True,False,False,False,False,,False,False,False,False,False,False,False,False,False,False,False,0,,False,False,False,False,0.0,13,False,True,3,0.208,-1,71.4,True
SIN-0349,POL-0349,ASEG-0035,Vehículos,CHB-5523,Cristales,2024-03-19,2024-03-21,2,18832,11743,0,Investigación,Loja,TALLER-777,Robo con violencia en domicilio.,False,True,29,336,0,28000,0.84,,2024-02-19,2025-02-18,731,Bancaseguros,Expirada,Pérez Vásquez Ana Lucía,Natural,Loja,2,2,1,2,2,Medio,Mecánica Sin Nombre — Facturación irregular,Automotriz,Ambato,10,True,Sí,,3,0,1,0,0,1,0,0,0,0,0,0,0,1,0.6726,,True,False,False,True,False,False,False,False,False,,False,False,False,False,False,False,False,False,False,False,False,0,,False,False,False,False,0.0,30,False,True,4,0.1055,-1,71.7,False
SIN-0350,POL-0350,ASEG-0054,Vehículos,PIC-9182,Pérdida Total,2024-10-05,2024-10-07,2,4499,4659,4434,Pago Total,Guayaquil,TALLER-006,Daños irreparables por colisión frontal.,True,False,219,146,0,12000,0.14,,2024-02-29,2025-02-28,371,Broker,Expirada,Torres Espinoza Carlos Andrés,Natural,Ambato,6,2,2,3,1,Medio,Auto Service Quito Norte,Automotriz,Guayaquil,15,False,No,,3,0,0,0,0,1,0,0,1,0,0,0,0,0,0.3749,,False,False,False,False,False,False,False,False,False,,False,False,False,False,False,False,False,False,False,False,False,0,,False,False,False,False,0.0,22,False,True,20,0.1095,-1,19.2,False
SIN-0351,POL-0351,ASEG-0096,Vehículos,IBR-7291,Choque,2024-08-20,2024-08-20,0,2570,2619,2339,Liquidado,Manta,TALLER-020,"Golpe trasero en cola de tráfico, testigos presentes.",True,False,167,198,1,12000,0.3,,2024-03-06,2025-03-06,332,Agente,Expirada,Almeida Granda Fernando Eduardo,Natural,Esmeraldas,1,2,2,3,1,Medio,Taller Quito Sur Cía.,Automotriz,Guayaquil,24,False,No,,3,0,1,0,0,0,0,0,1,0,0,0,0,1,0.2142,,False,False,False,False,False,False,False,False,False,,False,False,False,False,False,False,False,False,False,False,False,0,,False,False,False,False,0.0,19,False,True,0,0.0752,-1,29.1,False
SIN-0352,POL-0352,ASEG-0026,Vehículos,AZY-6647,Choque,2025-06-10,2025-06-10,0,8783,8941,8707,Liquidado,Quito,TALLER-007,"Accidente múltiple de madrugada, daños en carrocería.",True,False,189,176,1,28000,0.07,,2024-12-03,2025-12-03,737,Agente,Expirada,Torres Espinoza Carlos Andrés,Natural,Portoviejo,5,1,3,3,0,Medio,Multiservicios Automotrices EC,Automotriz,Ambato,17,False,No,,3,0,0,0,0,1,0,0,1,0,0,0,0,1,0.3137,,False,False,False,False,False,False,False,False,False,,False,False,False,False,False,False,False,False,False,False,False,0,,False,False,False,False,0.0,20,False,True,15,0.0942,-1,13.5,False
SIN-0353,POL-0353,ASEG-0012,Vehículos,PIC-9182,Robo,2024-10-28,2024-11-01,4,16041,8942,0,Negativa,Ambato,TALLER-006,Robo con violencia en domicilio.,False,False,5,360,3,20000,0.96,,2024-10-23,2025-10-23,459,Digital,Expirada,Naranjo Velasco Edwin Patricio,Natural,Quito,6,2,8,8,0,Alto,Auto Service Quito Norte,Automotriz,Guayaquil,15,False,No,,3,0,1,0,0,1,0,0,0,0,0,0,0,0,0.802,,True,False,False,True,True,False,False,False,False,,False,False,False,False,False,False,False,False,False,False,False,0,,False,False,False,False,0.0,30,False,True,4,0.1055,-1,80.1,True
SIN-0354,POL-0354,ASEG-0065,Vehículos,GYE-7384,Cristales,2024-09-09,2024-09-10,1,12899,11633,0,Pago Parcial,Riobamba,TALLER-004,Rotura de parabrisas por impacto de piedra.,True,False,65,300,3,30000,0.23,,2024-07-06,2025-07-06,618,Digital,Expirada,Núñez Andrade Verónica Paola,Natural,Portoviejo,6,1,1,4,2,Alto,Servicio Express Loja,Automotriz,Ibarra,24,False,No,,2,0,0,0,0,1,0,0,0,0,0,0,0,0,0.43,,False,False,False,False,False,False,False,False,False,,False,False,False,False,False,False,False,False,False,False,False,0,,False,False,False,False,0.0,27,False,True,19,0.1435,-1,27.7,False
SIN-0355,POL-0355,ASEG-0064,Hogar,,Daño por Agua,2024-12-10,2024-12-16,6,15701,16427,0,Pago Parcial,Ambato,PROV-017,Fuga de tubería con daños en piso y paredes.,True,False,59,306,4,40000,0.6,,2024-10-12,2025-10-12,743,Broker,Expirada,Silva Intriago Katherine Noemi,Natural,Guayaquil,2,3,3,7,0,Alto,Servicios Integrales Sur,Servicios,Loja,10,False,No,,2,0,0,0,0,1,0,0,0,0,1,0,0,0,0.3925,,False,False,False,False,False,False,False,False,False,,False,False,False,False,False,False,False,False,False,False,False,0,,False,False,False,False,0.0,5,False,False,26,0.108,-1,44.1,True
SIN-0356,POL-0356,ASEG-0087,Hogar,,Daño por Agua,2024-10-17,2024-10-19,2,2994,2810,2607,Liquidado,Cuenca,PROV-016,Inundación por lluvias intensas.,True,False,284,81,1,40000,0.21,,2024-01-07,2025-01-06,995,Digital,Expirada,Andrade Viteri Sandra Lorena,Natural,Ambato,5,1,0,3,1,Medio,Técnicos del Hogar Cía.,Servicios,Cuenca,16,False,No,,2,0,0,0,0,1,0,0,0,0,1,0,0,0,0.0748,,False,False,False,False,False,False,False,False,False,,False,False,False,False,False,False,False,False,False,False,False,0,,False,False,False,False,0.0,9,False,False,30,0.0,-1,18.6,True
SIN-0357,POL-0357,ASEG-0044,Vehículos,MNT-7384,Robo,2025-06-05,2025-06-06,1,3540,3529,3425,Pago Total,Portoviejo,TALLER-015,Robo con violencia en domicilio.,True,False,315,50,0,10000,0.24,,2024-07-25,2025-07-25,213,Bancaseguros,Expirada,Rodríguez Cárdenas María José,Natural,Loja,8,3,1,3,0,Medio,Automotriz Sur Azuay,Automotriz,Manta,18,False,No,,3,0,1,0,0,1,0,0,0,0,0,0,0,1,0.354,,False,False,False,False,False,False,False,False,False,,False,False,False,False,False,False,False,False,False,False,False,0,,False,False,False,False,0.0,30,False,True,4,0.1055,-1,29.7,False
SIN-0358,POL-0358,ASEG-0063,Vehículos,GYE-1029,Robo de Accesorios,2024-03-22,2024-03-22,0,14358,7294,0,Investigación,Ambato,TALLER-888,Robo de accesorios en zona residencial.,False,True,6,359,5,25000,0.48,,2024-03-16,2025-03-16,488,Broker,Expirada,López Guerrero Juan Pablo,Natural,Ibarra,0,3,1,7,2,Alto,Taller Anónimo Manta — Documentos alterados,Automotriz,Ambato,10,True,Sí,,3,0,1,0,0,1,0,0,0,0,0,0,0,1,0.5743,,True,False,False,False,False,False,False,False,False,,False,False,False,False,False,False,False,False,False,False,False,0,,False,False,False,False,0.0,16,False,True,7,0.1055,-1,40.5,False
SIN-0359,POL-0359,ASEG-0098,Vehículos,SDO-5523,Choque,2025-12-07,2025-12-08,1,6559,6724,6353,Liquidado,Esmeraldas,TALLER-002,Colisión en tráfico urbano con parte policial y fotografías.,True,False,314,51,1,25000,0.18,,2025-01-27,2026-01-27,727,Bancaseguros,Expirada,Vargas Andrade William Alexis,Natural,Ambato,5,3,1,3,0,Medio,Automotriz Centro Sur,Automotriz,Cuenca,23,False,No,,3,0,1,0,0,1,0,0,1,0,0,0,0,0,0.2624,,False,False,False,False,False,False,False,False,False,,False,False,False,False,False,False,False,False,False,False,False,0,,False,False,False,False,0.0,17,False,True,27,0.0852,-1,19.9,False
SIN-0360,POL-0360,ASEG-0058,Vehículos,CHB-9918,Responsabilidad Civil,2025-03-17,2025-03-19,2,5414,5200,4818,Liquidado,Ibarra,TALLER-020,Accidente en vía rápida con daño a tercero.,True,False,215,150,0,25000,0.09,,2024-08-14,2025-08-14,463,Broker,Expirada,López Guerrero Juan Pablo,Natural,Loja,7,3,0,1,1,Bajo,Taller Quito Sur Cía.,Automotriz,Guayaquil,24,False,No,,2,0,0,0,0,0,0,0,1,0,0,0,0,1,0.2166,,False,False,False,False,False,False,False,False,False,,False,False,False,False,False,False,False,False,False,False,False,0,,False,False,False,False,0.0,13,False,True,16,0.096,-1,11.9,False
SIN-0361,POL-0361,ASEG-0072,Vehículos,ESM-1234,Robo,2024-03-25,2024-03-26,1,10046,8358,0,Pago Parcial,Esmeraldas,TALLER-015,Robo con violencia en domicilio.,False,False,56,309,0,22000,0.56,,2024-01-29,2025-01-28,477,Broker,Expirada,Martínez Alvarado Rosa Elena,Natural,Cuenca,0,2,2,3,0,Medio,Automotriz Sur Azuay,Automotriz,Manta,18,False,No,,3,0,0,0,0,1,0,0,0,0,0,0,0,1,0.4566,,False,False,False,False,False,False,False,False,False,,False,False,False,False,False,False,False,False,False,False,False,0,,False,False,False,False,0.0,30,False,True,4,0.1055,-1,52.1,False
SIN-0362,POL-0362,ASEG-0098,Vehículos,LOJ-8834,Cristales,2024-07-25,2024-08-12,18,8249,4334,0,Reserva,Loja,TALLER-003,Siniestro reportado con documentación.,False,False,12,353,2,10000,0.96,,2024-07-13,2025-07-13,240,Broker,Expirada,Vargas Andrade William Alexis,Natural,Ambato,5,3,1,3,0,Medio,Mecánica Imbabura S.A.,Automotriz,Manta,26,False,No,,2,0,1,0,0,1,0,0,0,0,0,0,0,0,0.8249,,True,False,True,True,True,False,False,False,False,,False,False,False,False,False,False,False,False,False,False,False,0,,False,False,False,False,0.0,70,False,True,9,0.0,-1,97.2,True
SIN-0363,POL-0363,ASEG-0069,Salud,,Consulta Externa,2024-11-11,2024-11-13,2,28862,27204,0,Pago Parcial,Quito,PROV-015,Siniestro reportado con documentación.,True,False,80,285,1,80000,0.56,,2024-08-23,2025-08-23,2407,Agente,Expirada,Ortega Suárez Héctor Guillermo,Natural,Ibarra,6,3,1,4,0,Alto,Reparaciones Domésticas EC,Servicios,Ambato,12,False,No,,3,0,0,1,0,0,0,0,0,1,0,1,0,0,0.3608,,False,False,False,False,False,False,False,False,False,,False,False,False,False,False,False,False,False,False,False,False,0,,False,False,False,False,0.0,70,False,True,9,0.0,-1,69.2,False
SIN-0364,POL-0364,ASEG-0089,Vehículos,MNT-5834,Cristales,2024-08-18,2024-08-19,1,8015,7685,0,Reserva,Manta,TALLER-007,Vidrio lateral roto por vandalismo.,False,False,58,307,1,25000,0.39,,2024-06-21,2025-06-21,626,Broker,Expirada,Jiménez Vargas Patricia Elena,Natural,Riobamba,4,1,3,5,0,Alto,Multiservicios Automotrices EC,Automotriz,Ambato,17,False,No,,3,0,1,0,0,0,0,0,1,0,0,0,0,0,0.3206,,False,False,False,False,False,False,False,False,False,,False,False,False,False,False,False,False,False,False,False,False,0,,False,False,False,False,0.0,18,False,True,21,0.1048,-1,35.0,False
SIN-0365,POL-0365,ASEG-0039,Salud,,Maternidad,2024-05-17,2024-06-03,17,40824,26232,0,Investigación,Ibarra,PROV-019,Siniestro reportado con documentación.,False,True,22,343,3,60000,0.54,,2024-04-25,2025-04-25,1704,Agente,Expirada,Silva Intriago Katherine Noemi,Natural,Ambato,7,1,3,8,2,Alto,Reparaciones Norte Ecuador,Servicios,Esmeraldas,10,False,No,,3,0,0,1,0,0,0,0,0,1,0,1,0,0,0.6804,,True,False,True,False,False,False,False,False,False,,False,False,False,False,False,False,False,False,False,False,False,0,,False,False,False,False,0.0,70,False,True,9,0.0,-1,67.8,False
SIN-0366,POL-0366,ASEG-0085,Salud,,Maternidad,2024-04-26,2024-04-26,0,23487,21820,0,Reserva,Loja,PROV-021,Siniestro reportado con documentación.,False,False,14,351,2,50000,0.36,,2024-04-12,2025-04-12,1182,Broker,Expirada,Cordero Alvarado Beatriz Elena,Natural,Loja,4,3,0,3,1,Medio,Reparaciones Tungurahua,Servicios,Cuenca,17,False,No,,3,0,0,1,0,0,1,0,0,0,0,1,0,0,0.4697,,True,False,False,False,False,False,False,False,False,,False,False,False,False,False,False,False,False,False,False,False,0,,False,False,False,False,0.0,70,False,True,9,0.0,-1,55.2,False
SIN-0367,POL-0367,ASEG-0082,Vehículos,TNB-1029,Robo de Accesorios,2025-03-14,2025-03-15,1,7350,7251,0,Pago Parcial,Portoviejo,TALLER-017,Robo de accesorios en zona residencial.,False,False,45,320,1,22000,0.24,,2025-01-28,2026-01-28,684,Bancaseguros,Expirada,Torres Espinoza Carlos Andrés,Natural,Manta,4,1,3,4,0,Alto,Mecánica Manabí,Automotriz,Ibarra,19,False,No,,2,0,0,0,0,0,0,0,0,0,0,0,0,1,0.3341,,False,False,False,False,False,False,False,False,False,,False,False,False,False,False,False,False,False,False,False,False,0,,False,False,False,False,0.0,16,False,True,7,0.1055,-1,23.7,False
SIN-0368,POL-0368,ASEG-0082,Vehículos,LOJ-2847,Robo,2024-11-12,2024-11-13,1,1826,1686,1644,Pago Total,Ibarra,TALLER-018,Robo con violencia en domicilio.,True,False,180,185,2,18000,0.11,,2024-05-16,2025-05-16,487,Agente,Expirada,Torres Espinoza Carlos Andrés,Natural,Manta,4,1,3,4,0,Alto,Automotriz Ambato Central,Automotriz,Ibarra,15,False,No,,2,0,0,0,0,0,0,0,1,0,0,0,0,0,0.1014,,False,False,False,False,False,False,False,False,False,,False,False,False,False,False,False,False,False,False,False,False,0,,False,False,False,False,0.0,30,False,True,4,0.1055,-1,20.6,False
SIN-0369,POL-0369,ASEG-0055,Vehículos,MNT-7384,Cristales,2024-11-01,2024-11-03,2,3649,3377,3264,Liquidado,Quito,TALLER-002,Vidrio lateral roto por vandalismo.,True,False,202,163,0,12000,0.19,,2024-04-13,2025-04-13,262,Bancaseguros,Expirada,Sánchez Herrera Diego Alejandro,Natural,Ambato,2,3,3,3,2,Medio,Automotriz Centro Sur,Automotriz,Cuenca,23,False,No,,2,0,0,0,0,1,0,0,0,0,0,0,0,0,0.3041,,False,False,False,False,False,False,False,False,False,,False,False,False,False,False,False,False,False,False,False,False,0,,False,False,False,False,0.0,18,False,True,21,0.1048,-1,21.0,False
SIN-0370,POL-0370,ASEG-0009,Vehículos,TNB-7291,Pérdida Total,2024-12-17,2024-12-21,4,6324,4263,0,Reserva,Loja,TALLER-011,Humedad por filtración desde techo.,False,False,8,357,2,10000,0.89,,2024-12-09,2025-12-09,236,Digital,Expirada,Mendoza Ríos Marco Vinicio,Natural,Ibarra,8,1,3,5,1,Alto,Mecánica Tungurahua,Automotriz,Quito,16,False,No,,3,0,1,0,0,1,0,0,0,0,0,0,0,1,0.6324,,True,False,False,True,True,False,False,False,False,,False,False,False,False,False,False,False,False,False,False,False,0,,False,False,False,False,0.0,8,False,False,1,0.0,-1,65.7,False
SIN-0371,POL-0371,ASEG-0099,Vehículos,AZY-5573,Responsabilidad Civil,2024-11-09,2024-11-09,0,12968,11799,0,Pago Parcial,Loja,TALLER-002,Raspón lateral a vehículo estacionado.,True,False,14,351,2,22000,0.15,,2024-10-26,2025-10-26,644,Agente,Expirada,Mora Loza Adriana Marcela,Natural,Manta,3,2,1,6,0,Alto,Automotriz Centro Sur,Automotriz,Cuenca,23,False,No,,3,0,0,0,0,1,0,0,1,0,0,0,0,0,0.5895,,True,False,False,False,False,False,False,False,False,,False,False,False,False,False,False,False,False,False,False,False,0,,False,False,False,False,0.0,12,False,True,18,0.1083,-1,15.6,False
SIN-0372,POL-0372,ASEG-0041,Vehículos,RIO-2918,Robo de Accesorios,2024-10-01,2024-10-13,12,6110,4827,0,Reserva,Ibarra,TALLER-002,Sustracción de rines y estéreo durante la noche.,False,False,31,334,1,15000,0.55,,2024-08-31,2025-08-31,472,Agente,Expirada,García Morales Luis Eduardo,Natural,Cuenca,5,1,3,3,2,Medio,Automotriz Centro Sur,Automotriz,Cuenca,23,False,No,,2,0,0,0,0,0,0,0,0,0,0,0,0,1,0.4073,,False,False,True,False,False,False,False,False,False,,False,False,False,False,False,False,False,False,False,False,False,0,,False,False,False,False,0.0,14,False,True,25,0.1176,-1,44.5,False
SIN-0373,POL-0373,ASEG-0033,Hogar,,Rotura de Cristales,2024-10-07,2024-10-09,2,15665,15202,15037,Pago Total,Ibarra,PROV-018,Siniestro reportado con documentación.,True,False,122,243,2,40000,0.27,,2024-06-07,2025-06-07,1257,Agente,Expirada,Hidalgo Zurita Alexandra Paola,Natural,Riobamba,2,3,0,3,1,Medio,Hogar Seguro S.A.,Servicios,Ambato,17,False,No,,3,0,0,0,0,1,0,1,0,0,1,0,0,0,0.3916,,False,False,False,False,False,False,False,False,False,,False,False,False,False,False,False,False,False,False,False,False,0,,False,False,False,False,0.0,70,False,True,9,0.0,-1,48.9,False
SIN-0374,POL-0374,ASEG-0039,Hogar,,Incendio,2024-08-30,2024-09-01,2,26043,19871,0,Investigación,Cuenca,PROV-016,Accidente en vía rápida con daño a tercero.,False,True,18,347,4,40000,0.93,,2024-08-12,2025-08-12,898,Bancaseguros,Expirada,Silva Intriago Katherine Noemi,Natural,Ambato,7,1,3,8,2,Alto,Técnicos del Hogar Cía.,Servicios,Cuenca,16,False,No,,3,0,0,0,0,1,0,1,0,0,1,0,0,0,0.6511,,True,False,False,True,True,False,False,False,False,,False,False,False,False,False,False,False,False,False,False,False,0,,False,False,False,False,0.0,13,False,True,16,0.096,-1,70.7,True
SIN-0375,POL-0375,ASEG-0078,Hogar,,Rotura de Cristales,2025-01-21,2025-01-23,2,12114,11149,10078,Pago Total,Loja,PROV-019,Siniestro reportado con documentación.,True,False,154,211,2,40000,0.16,,2024-08-20,2025-08-20,735,Broker,Expirada,Andrade Viteri Sandra Lorena,Natural,Cuenca,6,1,0,3,0,Medio,Reparaciones Norte Ecuador,Servicios,Esmeraldas,10,False,No,,2,0,0,0,0,0,0,1,0,0,1,0,0,0,0.3028,,False,False,False,False,False,False,False,False,False,,False,False,False,False,False,False,False,False,False,False,False,0,,False,False,False,False,0.0,70,False,True,9,0.0,-1,41.2,False
SIN-0376,POL-0376,ASEG-0021,Vehículos,AZY-5573,Robo,2025-01-14,2025-01-18,4,5887,5926,0,Pago Parcial,Esmeraldas,TALLER-007,Sustracción de bienes durante ausencia del hogar.,True,False,14,351,2,12000,0.18,,2024-12-31,2025-12-31,358,Agente,Expirada,Ramírez Peñafiel Carmen Susana,Natural,Manta,6,1,3,3,2,Medio,Multiservicios Automotrices EC,Automotriz,Ambato,17,False,No,,2,0,0,0,0,1,0,0,0,0,0,0,0,1,0.4906,,True,False,False,False,False,False,False,False,False,,False,False,False,False,False,False,False,False,False,False,False,0,,False,False,False,False,0.0,36,False,True,13,0.1176,-1,28.0,False
SIN-0377,POL-0377,ASEG-0024,Vehículos,TNB-0192,Pérdida Total,2024-11-16,2024-11-21,5,14316,7371,0,Reserva,Ibarra,TALLER-017,Daños irreparables por colisión frontal.,False,False,28,337,4,15000,0.48,,2024-10-19,2025-10-19,274,Broker,Expirada,Vargas Andrade William Alexis,Natural,Ambato,6,2,6,6,0,Alto,Mecánica Manabí,Automotriz,Ibarra,19,False,No,,2,0,1,0,0,0,0,0,0,0,0,0,0,0,0.9544,,True,False,False,False,False,False,False,False,False,,False,False,False,False,False,False,False,False,False,False,False,0,,False,False,False,False,0.0,22,False,True,20,0.1095,-1,43.0,False
SIN-0378,POL-0378,ASEG-0073,Vehículos,PIC-5519,Choque,2025-01-15,2025-01-27,12,26016,15990,0,Negativa,Quito,TALLER-007,Colisión en tráfico urbano con parte policial y fotografías.,False,False,13,352,5,28000,0.91,,2025-01-02,2026-01-02,675,Digital,Expirada,Ruiz Andrade Patricia Elena,Natural,Quito,6,1,3,7,0,Alto,Multiservicios Automotrices EC,Automotriz,Ambato,17,False,No,,3,1,1,0,0,0,0,0,0,0,0,0,0,0,0.9291,,True,False,True,True,True,False,False,False,False,,False,False,False,False,False,False,True,False,True,True,False,1,Declaración Accidente,False,False,False,False,5.0,17,False,True,27,0.0852,-1,71.0,True
SIN-0379,POL-0379,ASEG-0054,Vehículos,ESM-1234,Robo,2024-12-30,2024-12-30,0,2564,2511,2212,Liquidado,Ibarra,TALLER-013,Sustracción de bienes durante ausencia del hogar.,True,False,290,75,1,8000,0.14,,2024-03-15,2025-03-15,177,Broker,Expirada,Torres Espinoza Carlos Andrés,Natural,Ambato,6,2,2,3,1,Medio,Taller Chimborazo Express,Automotriz,Loja,25,False,No,,3,0,0,0,0,1,0,0,0,0,0,0,0,1,0.3205,,False,False,False,False,False,False,False,False,False,,False,False,False,False,False,False,False,False,False,False,False,0,,False,False,False,False,0.0,36,False,True,13,0.1176,-1,25.2,False
SIN-0380,POL-0380,ASEG-0092,Vehículos,RIO-2918,Pérdida Total,2025-04-11,2025-04-11,0,4088,4243,4241,Liquidado,Ibarra,TALLER-001,Vehículo totalmente siniestrado en volcamiento.,True,False,90,275,1,30000,0.13,,2025-01-11,2026-01-11,648,Agente,Expirada,Ramos Loor Freddy Oswaldo,Natural,Ambato,0,3,0,3,0,Medio,Taller El Norte Cía. Ltda.,Automotriz,Ambato,11,False,No,,2,0,0,0,0,0,0,0,0,0,0,0,0,1,0.1363,,False,False,False,False,False,False,False,False,False,,False,False,False,False,False,False,False,False,False,False,False,0,,False,False,False,False,0.0,17,False,True,17,0.0928,-1,16.4,False
SIN-0381,POL-0381,ASEG-0039,Vehículos,AZY-5573,Pérdida Total,2024-03-26,2024-04-05,10,22749,13512,0,Investigación,Loja,TALLER-888,Daños irreparables por colisión frontal.,False,True,18,347,5,28000,0.56,,2024-03-08,2025-03-08,520,Broker,Expirada,Silva Intriago Katherine Noemi,Natural,Ambato,7,1,3,8,2,Alto,Taller Anónimo Manta — Documentos alterados,Automotriz,Ambato,10,True,Sí,,3,0,1,0,0,0,0,0,1,0,0,0,0,1,0.8125,,True,False,True,False,False,False,False,False,False,,False,False,False,False,False,False,False,False,False,False,False,0,,False,False,False,False,0.0,22,False,True,20,0.1095,-1,48.6,False
SIN-0382,POL-0382,ASEG-0037,Salud,,Consulta Externa,2025-06-17,2025-06-18,1,9656,10076,9538,Pago Total,Portoviejo,HOSP-001,Siniestro reportado con documentación.,True,False,144,221,1,40000,0.23,,2025-01-24,2026-01-24,1010,Agente,Expirada,Carrillo Cabrera Patricio German,Natural,Loja,6,1,0,2,2,Medio,Clínica Santa Cecilia,Salud,Ambato,8,False,No,,3,0,0,1,0,0,1,0,0,0,0,1,0,0,0.2414,,False,False,False,False,False,False,False,False,False,,False,False,False,False,False,False,False,False,False,False,False,0,,False,False,False,False,0.0,70,False,True,9,0.0,-1,46.1,False
SIN-0383,POL-0383,ASEG-0030,Vehículos,ESM-1234,Robo,2024-12-25,2024-12-26,1,3351,3391,3181,Pago Total,Quito,TALLER-004,Robo de joyas y equipos electrónicos.,True,False,119,246,2,18000,0.06,,2024-08-28,2025-08-28,365,Agente,Expirada,Ramírez Peñafiel Carmen Susana,Natural,Guayaquil,5,2,3,3,0,Medio,Servicio Express Loja,Automotriz,Ibarra,24,False,No,,2,0,0,0,0,0,0,0,0,0,0,0,0,1,0.1862,,False,False,False,False,False,False,False,False,False,,False,False,False,False,False,False,False,False,False,False,False,0,,False,False,False,False,0.0,24,False,True,12,0.1055,-1,14.5,False
SIN-0384,POL-0384,ASEG-0045,Vehículos,ESM-1234,Choque,2024-06-08,2024-06-08,0,7080,6595,0,Investigación,Manta,TALLER-006,Colisión en tráfico urbano con parte policial y fotografías.,False,False,14,351,4,12000,0.28,,2024-05-25,2025-05-25,356,Bancaseguros,Expirada,Mora Loza Adriana Marcela,Natural,Loja,8,1,0,5,2,Alto,Auto Service Quito Norte,Automotriz,Guayaquil,15,False,No,,2,0,0,0,0,1,0,0,0,0,0,0,0,0,0.59,,True,False,False,False,False,False,False,False,False,,False,False,False,False,False,False,False,False,False,False,False,0,,False,False,False,False,0.0,17,False,True,27,0.0852,-1,26.9,False
SIN-0385,POL-0385,ASEG-0099,Vehículos,PIC-9182,Pérdida Total,2024-07-25,2024-07-25,0,5543,3027,0,Investigación,Guayaquil,TALLER-888,Daños irreparables por colisión frontal.,False,True,38,327,3,8000,0.55,,2024-06-17,2025-06-17,176,Broker,Expirada,Mora Loza Adriana Marcela,Natural,Manta,3,2,1,6,0,Alto,Taller Anónimo Manta — Documentos alterados,Automotriz,Ambato,10,True,Sí,,2,0,1,0,0,0,0,0,1,0,0,0,0,0,0.6929,,False,False,False,False,False,False,False,False,False,,False,False,False,False,False,False,False,False,False,False,False,0,,False,False,False,False,0.0,22,False,True,20,0.1095,-1,47.9,False
SIN-0386,POL-0386,ASEG-0077,Hogar,,Robo,2024-05-28,2024-05-28,0,14745,14107,13765,Liquidado,Loja,PROV-022,Sustracción de bienes durante ausencia del hogar.,True,False,126,239,1,40000,0.27,,2024-01-23,2025-01-22,1069,Broker,Expirada,Almeida Granda Fernando Eduardo,Natural,Portoviejo,0,1,1,2,1,Medio,Técnicos Especializados EC,Servicios,Guayaquil,12,False,No,,2,0,0,0,0,1,0,0,0,0,1,0,0,0,0.3686,,False,False,False,False,False,False,False,False,False,,False,False,False,False,False,False,False,False,False,False,False,0,,False,False,False,False,0.0,36,False,True,13,0.1176,-1,34.3,False
SIN-0387,POL-0387,ASEG-0052,Salud,,Consulta Externa,2024-05-31,2024-06-05,5,33169,23092,0,Investigación,Cuenca,PROV-018,Siniestro reportado con documentación.,False,False,29,336,0,50000,0.45,,2024-05-02,2025-05-02,962,Bancaseguros,Expirada,Ramírez Peñafiel Carmen Susana,Natural,Guayaquil,7,2,1,3,1,Medio,Hogar Seguro S.A.,Servicios,Ambato,17,False,No,,3,0,0,1,0,0,0,0,0,1,0,1,0,0,0.6634,,True,False,False,False,False,False,False,False,False,,False,False,False,False,False,False,False,False,False,False,False,0,,False,False,False,False,0.0,70,False,True,9,0.0,-1,61.5,False
SIN-0388,POL-0388,ASEG-0046,Vehículos,AZY-6647,Cristales,2024-09-19,2024-09-19,0,14947,14251,0,Pago Parcial,Guayaquil,TALLER-017,Rotura de parabrisas por impacto de piedra.,False,False,74,291,3,28000,0.73,,2024-07-07,2025-07-07,582,Broker,Expirada,Hidalgo Zurita Alexandra Paola,Natural,Loja,0,1,5,5,2,Alto,Mecánica Manabí,Automotriz,Ibarra,19,False,No,,3,0,1,0,0,0,0,0,1,0,0,0,0,0,0.5338,,False,False,False,True,False,False,False,False,False,,False,False,False,False,False,False,False,False,False,False,False,0,,False,False,False,False,0.0,27,False,True,19,0.1435,-1,62.7,False
SIN-0389,POL-0389,ASEG-0060,Hogar,,Incendio,2025-04-06,2025-04-07,1,14418,14159,12712,Liquidado,Cuenca,PROV-018,Incendio estructural por fuga de gas.,True,False,208,157,2,35000,0.16,,2024-09-10,2025-09-10,938,Digital,Expirada,Naranjo Velasco Edwin Patricio,Natural,Manta,4,3,3,3,2,Medio,Hogar Seguro S.A.,Servicios,Ambato,17,False,No,,2,0,0,0,0,1,0,1,0,0,0,0,0,0,0.4119,,False,False,False,False,False,False,False,False,False,,False,False,False,False,False,False,False,False,False,False,False,0,,False,False,False,False,0.0,4,False,False,23,0.108,-1,12.9,True
SIN-0390,POL-0390,ASEG-0038,Salud,,Maternidad,2024-10-25,2024-10-27,2,12098,8838,0,Investigación,Quito,PROV-015,Daños irreparables por colisión frontal.,False,True,16,349,3,20000,0.93,,2024-10-09,2025-10-09,617,Bancaseguros,Expirada,Espinoza Rueda Cinthya Dayana,Natural,Quito,2,3,2,5,0,Alto,Reparaciones Domésticas EC,Servicios,Ambato,12,False,No,,3,0,0,1,0,0,1,0,0,0,0,1,0,0,0.6049,,True,False,False,True,True,False,False,False,False,,False,False,False,False,False,False,False,False,False,False,False,0,,False,False,False,False,0.0,22,False,True,20,0.1095,-1,74.5,True
SIN-0391,POL-0391,ASEG-0051,Vehículos,GYE-7384,Choque,2024-10-03,2024-10-03,0,4992,5219,0,Pago Parcial,Guayaquil,TALLER-004,Colisión en tráfico urbano con parte policial y fotografías.,False,False,63,302,0,18000,0.6,,2024-08-01,2025-08-01,403,Bancaseguros,Expirada,Flores Castillo Roberto Antonio,Natural,Manta,7,1,1,2,0,Medio,Servicio Express Loja,Automotriz,Ibarra,24,False,No,,3,0,1,0,0,0,0,0,0,0,0,0,0,1,0.2773,,False,False,False,False,False,False,False,False,False,,False,False,False,False,False,False,False,False,False,False,False,0,,False,False,False,False,0.0,17,False,True,27,0.0852,-1,49.3,False
SIN-0392,POL-0392,ASEG-0051,Salud,,Hospitalización,2024-06-02,2024-06-04,2,39328,35346,0,Pago Parcial,Quito,PROV-015,Hospitalización por cuadro febril agudo.,False,False,66,299,1,80000,0.71,,2024-03-28,2025-03-28,1974,Digital,Expirada,Flores Castillo Roberto Antonio,Natural,Manta,7,1,1,2,0,Medio,Reparaciones Domésticas EC,Servicios,Ambato,12,False,No,,2,0,0,0,0,0,0,0,0,1,0,1,0,0,0.4916,,False,False,False,True,False,False,False,False,False,,False,False,False,False,False,False,False,False,False,False,False,0,,False,False,False,False,0.0,9,False,False,14,0.14,-1,53.6,True
SIN-0393,POL-0393,ASEG-0025,Vehículos,TNB-3847,Choque,2025-05-05,2025-05-07,2,5778,5960,5629,Liquidado,Quito,TALLER-012,"Golpe trasero en cola de tráfico, testigos presentes.",True,False,134,231,2,15000,0.11,,2024-12-22,2025-12-22,450,Bancaseguros,Expirada,Núñez Andrade Verónica Paola,Natural,Loja,7,2,2,3,0,Medio,Serviautos Litoral,Automotriz,Riobamba,23,False,No,,3,0,0,0,0,1,0,0,1,0,0,0,0,1,0.3852,,False,False,False,False,False,False,False,False,False,,False,False,False,False,False,False,False,False,False,False,False,0,,False,False,False,False,0.0,19,False,True,0,0.0752,-1,15.8,False
SIN-0394,POL-0394,ASEG-0061,Hogar,,Daño Estructural,2024-03-11,2024-03-13,2,17733,13302,0,Investigación,Quito,PROV-019,Siniestro reportado con documentación.,False,False,11,354,5,20000,0.3,,2024-02-29,2025-02-28,613,Agente,Expirada,Freire Castillo Marco Antonio,Natural,Loja,7,1,1,9,2,Alto,Reparaciones Norte Ecuador,Servicios,Esmeraldas,10,False,No,,3,0,1,0,0,1,0,0,0,0,1,0,0,0,0.8866,,True,False,False,False,False,False,False,False,False,,False,False,False,False,False,False,False,False,False,False,False,0,,False,False,False,False,0.0,70,False,True,9,0.0,-1,51.0,False
SIN-0395,POL-0395,ASEG-0005,Salud,,Urgencias,2024-12-01,2024-12-01,0,21632,17649,0,Investigación,Ibarra,PROV-020,Siniestro reportado con documentación.,True,False,87,278,1,60000,0.23,,2024-09-05,2025-09-05,1576,Digital,Expirada,Rodríguez Cárdenas María José,Natural,Guayaquil,1,1,2,2,1,Medio,Servicios Generales GYE,Servicios,Esmeraldas,17,False,No,,2,0,0,1,0,0,0,0,0,0,0,1,0,0,0.3605,,False,False,False,False,False,False,False,False,False,,False,False,False,False,False,False,False,False,False,False,False,0,,False,False,False,False,0.0,70,False,True,9,0.0,-1,46.1,False
SIN-0396,POL-0396,ASEG-0064,Salud,,Maternidad,2024-09-13,2024-09-17,4,38151,29480,0,Negativa,Loja,PROV-021,Siniestro reportado con documentación.,False,True,27,338,5,80000,0.34,,2024-08-17,2025-08-17,1929,Agente,Expirada,Silva Intriago Katherine Noemi,Natural,Guayaquil,2,3,3,7,0,Alto,Reparaciones Tungurahua,Servicios,Cuenca,17,False,No,,3,0,0,1,0,0,0,0,0,1,0,1,0,0,0.4769,,True,False,False,False,False,False,False,False,False,,False,False,False,False,False,False,False,False,False,False,False,0,,False,False,False,False,0.0,70,False,True,9,0.0,-1,53.8,False
SIN-0397,POL-0397,ASEG-0087,Vehículos,IBR-7291,Cristales,2024-12-11,2024-12-13,2,1332,1252,1175,Pago Total,Loja,TALLER-020,Rotura de parabrisas por impacto de piedra.,True,False,104,261,2,12000,0.17,,2024-08-29,2025-08-29,320,Broker,Expirada,Andrade Viteri Sandra Lorena,Natural,Ambato,5,1,0,3,1,Medio,Taller Quito Sur Cía.,Automotriz,Guayaquil,24,False,No,,3,0,0,0,0,0,0,0,1,0,0,0,0,1,0.111,,False,False,False,False,False,False,False,False,False,,False,False,False,False,False,False,False,False,False,False,False,0,,False,False,False,False,0.0,27,False,True,19,0.1435,-1,23.5,False
SIN-0398,POL-0398,ASEG-0072,Vehículos,TNB-7291,Choque,2025-05-15,2025-05-15,0,3212,3002,2723,Liquidado,Quito,TALLER-020,"Accidente múltiple de madrugada, daños en carrocería.",True,False,317,48,1,18000,0.25,,2024-07-02,2025-07-02,414,Agente,Expirada,Martínez Alvarado Rosa Elena,Natural,Cuenca,0,2,2,3,0,Medio,Taller Quito Sur Cía.,Automotriz,Guayaquil,24,False,No,,2,0,0,0,0,0,0,0,1,0,0,0,0,1,0.1784,,False,False,False,False,False,False,False,False,False,,False,False,False,False,False,False,False,False,False,False,False,0,,False,False,False,False,0.0,20,False,True,15,0.0942,-1,26.1,False
SIN-0399,POL-0399,ASEG-0099,Hogar,,Robo,2024-06-04,2024-06-04,0,14822,10886,0,Reserva,Esmeraldas,PROV-015,Robo de joyas y equipos electrónicos.,False,False,19,346,4,20000,0.55,,2024-05-16,2025-05-16,599,Agente,Expirada,Mora Loza Adriana Marcela,Natural,Manta,3,2,1,6,0,Alto,Reparaciones Domésticas EC,Servicios,Ambato,12,False,No,,2,0,1,0,0,0,0,0,0,0,1,0,0,0,0.7411,,True,False,False,False,False,False,False,False,False,,False,False,False,False,False,False,False,False,False,False,False,0,,False,False,False,False,0.0,24,False,True,12,0.1055,-1,48.8,False
SIN-0400,POL-0400,ASEG-0081,Vehículos,AZY-8812,Choque,2024-07-18,2024-07-18,0,4405,3675,0,Reserva,Manta,TALLER-018,Colisión en tráfico urbano con parte policial y fotografías.,True,False,14,351,1,12000,0.29,,2024-07-04,2025-07-04,338,Broker,Expirada,Carrillo Cabrera Patricio German,Natural,Portoviejo,6,1,4,4,1,Alto,Automotriz Ambato Central,Automotriz,Ibarra,15,False,No,,2,0,0,0,0,0,0,0,0,0,0,0,0,1,0.3671,,True,False,False,False,False,False,False,False,False,,False,False,False,False,False,False,False,False,False,False,False,0,,False,False,False,False,0.0,17,False,True,27,0.0852,-1,27.6,False
SIN-0401,POL-0401,ASEG-0061,Vehículos,TNB-2291,Responsabilidad Civil,2024-10-30,2024-10-31,1,9397,5907,0,Negativa,Ambato,TALLER-018,Colisión en tráfico urbano con parte policial y fotografías.,False,False,45,320,6,12000,0.97,,2024-09-15,2025-09-15,230,Broker,Expirada,Freire Castillo Marco Antonio,Natural,Loja,7,1,1,9,2,Alto,Automotriz Ambato Central,Automotriz,Ibarra,15,False,No,,2,1,0,0,0,0,0,0,0,0,0,0,0,1,0.7831,,False,False,False,True,True,False,False,False,False,,False,False,False,False,True,False,True,False,False,True,False,1,Declaración Accidente,False,False,False,False,0.0,17,False,True,27,0.0852,-1,75.2,True
SIN-0402,POL-0402,ASEG-0004,Vehículos,LOJ-5523,Pérdida Total,2025-03-30,2025-03-31,1,2460,2005,0,Reserva,Cuenca,TALLER-005,Vehículo totalmente siniestrado en volcamiento.,True,False,60,305,4,8000,0.79,,2025-01-29,2026-01-29,224,Agente,Expirada,Pacheco Vélez Gloria Susana,Natural,Ibarra,3,2,4,7,0,Alto,Taller Portuario Guayaquil,Automotriz,Portoviejo,21,False,No,,2,0,1,0,0,0,0,0,0,0,0,0,0,0,0.3075,,False,False,False,True,False,False,False,False,False,,False,False,False,False,False,False,False,False,False,False,False,0,,False,False,False,False,0.0,17,False,True,17,0.0928,-1,62.6,False
SIN-0403,POL-0403,ASEG-0081,Vehículos,AZY-2918,Cristales,2024-06-14,2024-06-15,1,7654,7133,0,Reserva,Esmeraldas,TALLER-016,Parabrisas fisurado en autopista.,True,False,14,351,2,22000,0.55,,2024-05-31,2025-05-31,520,Bancaseguros,Expirada,Carrillo Cabrera Patricio German,Natural,Portoviejo,6,1,4,4,1,Alto,Servicio Técnico Loja,Automotriz,Ibarra,20,False,No,,2,0,0,0,0,0,0,0,0,0,0,0,0,1,0.3479,,True,False,False,False,False,False,False,False,False,,False,False,False,False,False,False,False,False,False,False,False,0,,False,False,False,False,0.0,14,False,True,11,0.1435,-1,44.5,False
SIN-0404,POL-0404,ASEG-0070,Salud,,Maternidad,2024-12-16,2024-12-26,10,29108,19276,0,Investigación,Portoviejo,PROV-015,Siniestro reportado con documentación.,False,True,17,348,6,50000,0.45,,2024-11-29,2025-11-29,1388,Bancaseguros,Expirada,Pérez Vásquez Ana Lucía,Natural,Esmeraldas,5,1,7,7,1,Alto,Reparaciones Domésticas EC,Servicios,Ambato,12,False,No,,3,0,0,1,0,0,1,0,0,0,0,1,0,0,0.5822,,True,False,True,False,False,False,False,False,False,,False,False,False,False,False,False,False,False,False,False,False,0,,False,False,False,False,0.0,70,False,True,9,0.0,-1,61.5,False
SIN-0405,POL-0405,ASEG-0003,Vehículos,SDO-1847,Choque,2024-11-26,2024-11-27,1,7697,6395,0,Investigación,Esmeraldas,TALLER-004,"Accidente múltiple de madrugada, daños en carrocería.",False,False,27,338,1,18000,0.18,,2024-10-30,2025-10-30,385,Bancaseguros,Expirada,López Guerrero Juan Pablo,Natural,Riobamba,3,3,1,2,0,Medio,Servicio Express Loja,Automotriz,Ibarra,24,False,No,,3,0,1,0,0,0,0,0,1,0,0,0,0,1,0.4276,,True,False,False,False,False,False,False,False,False,,False,False,False,False,False,False,False,False,False,False,False,0,,False,False,False,False,0.0,20,False,True,15,0.0942,-1,21.2,False
SIN-0406,POL-0406,ASEG-0059,Vehículos,AZY-1847,Responsabilidad Civil,2025-02-26,2025-03-15,17,19060,13614,0,Reserva,Manta,TALLER-999,Colisión en rotonda con vehículo de tercero.,False,True,41,324,3,30000,0.37,,2025-01-16,2026-01-16,778,Digital,Expirada,Mendoza Ríos Marco Vinicio,Natural,Ibarra,1,3,5,5,2,Alto,Taller No Registrado — Asociado a red de fraude,Automotriz,Portoviejo,12,True,Sí,,2,0,1,0,0,1,0,0,0,0,0,0,0,0,0.6353,,False,False,True,False,False,False,False,False,False,,False,False,False,False,False,False,False,False,False,False,False,0,,False,False,False,False,0.0,15,False,True,6,0.1095,-1,32.3,False
SIN-0407,POL-0407,ASEG-0059,Vehículos,PIC-1234,Choque,2025-02-15,2025-02-21,6,10711,9647,0,Investigación,Cuenca,TALLER-016,"Accidente múltiple de madrugada, daños en carrocería.",True,False,47,318,4,22000,0.12,,2024-12-30,2025-12-30,651,Digital,Expirada,Mendoza Ríos Marco Vinicio,Natural,Ibarra,1,3,5,5,2,Alto,Servicio Técnico Loja,Automotriz,Ibarra,20,False,No,,2,0,1,0,0,0,0,0,1,0,0,0,0,0,0.4869,,False,False,False,False,False,False,False,False,False,,False,False,False,False,False,False,False,False,False,False,False,0,,False,False,False,False,0.0,20,False,True,15,0.0942,-1,17.0,False
SIN-0408,POL-0408,ASEG-0082,Vehículos,PIC-1234,Pérdida Total,2025-01-23,2025-01-24,1,7382,7205,0,Investigación,Riobamba,TALLER-004,Vehículo destruido en accidente de tránsito.,False,False,36,329,3,25000,0.31,,2024-12-18,2025-12-18,706,Broker,Expirada,Torres Espinoza Carlos Andrés,Natural,Manta,4,1,3,4,0,Alto,Servicio Express Loja,Automotriz,Ibarra,24,False,No,,3,0,1,0,0,0,0,0,1,0,0,0,0,1,0.2953,,False,False,False,False,False,False,False,False,False,,False,False,False,False,False,False,False,False,False,False,False,0,,False,False,False,False,0.0,10,False,True,5,0.109,-1,26.0,False
SIN-0409,POL-0409,ASEG-0061,Vehículos,LOJ-2847,Choque,2024-11-20,2024-11-22,2,15193,8295,0,Negativa,Cuenca,TALLER-888,"Golpe trasero en cola de tráfico, testigos presentes.",False,True,38,327,7,20000,0.6,,2024-10-13,2025-10-13,618,Bancaseguros,Expirada,Freire Castillo Marco Antonio,Natural,Loja,7,1,1,9,2,Alto,Taller Anónimo Manta — Documentos alterados,Automotriz,Ambato,10,True,Sí,,2,0,0,0,0,0,0,0,1,0,0,0,0,1,0.7597,,False,False,False,False,False,False,False,False,False,,False,False,False,False,False,False,False,False,False,False,False,0,,False,False,False,False,0.0,19,False,True,0,0.0752,-1,50.1,False
SIN-0410,POL-0410,ASEG-0019,Vehículos,SDO-1847,Robo,2025-02-24,2025-02-24,0,2746,2527,2389,Liquidado,Portoviejo,TALLER-002,Sustracción de bienes durante ausencia del hogar.,True,False,205,160,0,8000,0.1,,2024-08-03,2025-08-03,249,Broker,Expirada,Suárez Loor Carmen Violeta,Natural,Riobamba,1,1,2,4,2,Alto,Automotriz Centro Sur,Automotriz,Cuenca,23,False,No,,3,0,1,0,0,0,0,0,1,0,0,0,0,1,0.3432,,False,False,False,False,False,False,False,False,False,,False,False,False,False,False,False,False,False,False,False,False,0,,False,False,False,False,0.0,36,False,True,13,0.1176,-1,22.4,False
SIN-0411,POL-0411,ASEG-0073,Vehículos,AZY-1847,Pérdida Total,2025-03-10,2025-03-25,15,13937,7591,0,Reserva,Loja,TALLER-888,Parabrisas fisurado en autopista.,False,True,34,331,6,22000,0.82,,2025-02-04,2026-02-04,542,Digital,Expirada,Ruiz Andrade Patricia Elena,Natural,Quito,6,1,3,7,0,Alto,Taller Anónimo Manta — Documentos alterados,Automotriz,Ambato,10,True,Sí,,2,0,1,0,0,0,0,0,0,0,0,0,0,1,0.6335,,False,False,True,True,False,False,False,False,False,,False,False,False,False,False,False,False,False,False,False,False,0,,False,False,False,False,0.0,14,False,True,11,0.1435,-1,63.4,False
SIN-0412,POL-0412,ASEG-0050,Vehículos,TNB-3847,Robo,2024-07-06,2024-07-08,2,8623,6951,0,Investigación,Ibarra,TALLER-012,Robo con violencia en domicilio.,True,False,14,351,4,28000,0.57,,2024-06-22,2025-06-22,522,Agente,Expirada,Vega Montoya Fanny Lorena,Natural,Loja,3,2,3,6,1,Alto,Serviautos Litoral,Automotriz,Riobamba,23,False,No,,2,0,0,0,0,0,0,0,1,0,0,0,0,1,0.308,,True,False,False,False,False,False,False,False,False,,False,False,False,False,False,False,False,False,False,False,False,0,,False,False,False,False,0.0,30,False,True,4,0.1055,-1,52.8,False
SIN-0413,POL-0413,ASEG-0083,Vehículos,GYE-2918,Robo de Accesorios,2024-07-01,2024-07-04,3,17329,14641,0,Reserva,Guayaquil,TALLER-011,Sustracción de rines y estéreo durante la noche.,True,False,84,281,2,30000,0.14,,2024-04-08,2025-04-08,768,Bancaseguros,Expirada,Ortega Suárez Héctor Guillermo,Natural,Riobamba,3,2,3,3,0,Medio,Mecánica Tungurahua,Automotriz,Quito,16,False,No,,3,0,1,0,0,0,0,0,0,0,0,0,0,1,0.5776,,False,False,False,False,False,False,False,False,False,,False,False,False,False,False,False,False,False,False,False,False,0,,False,False,False,False,0.0,14,False,True,25,0.1176,-1,15.8,False
SIN-0414,POL-0414,ASEG-0091,Salud,,Maternidad,2024-05-06,2024-05-07,1,2972,2903,2699,Pago Total,Riobamba,HOSP-004,Siniestro reportado con documentación.,True,False,83,282,1,60000,0.27,,2024-02-13,2025-02-12,1590,Broker,Expirada,Cabrera Yépez Marcelo Javier,Natural,Manta,0,2,1,2,2,Medio,Hospital Básico Guayaquil,Salud,Loja,5,False,No,,2,0,0,1,0,0,0,0,0,0,0,1,0,0,0.0495,,False,False,False,False,False,False,False,False,False,,False,False,False,False,False,False,False,False,False,False,False,0,,False,False,False,False,0.0,70,False,True,9,0.0,-1,48.9,False
SIN-0415,POL-0415,ASEG-0013,Salud,,Maternidad,2024-08-06,2024-08-08,2,13951,12295,0,Reserva,Cuenca,PROV-014,Siniestro reportado con documentación.,True,False,72,293,3,30000,0.59,,2024-05-26,2025-05-26,617,Broker,Expirada,Cabrera Yépez Marcelo Javier,Natural,Ibarra,1,2,0,5,0,Alto,Servicios Hogar Ecuador,Servicios,Quito,10,False,No,,3,0,0,1,0,0,1,0,0,1,0,0,0,0,0.465,,False,False,False,False,False,False,False,False,False,,False,False,False,False,False,False,False,False,False,False,False,0,,False,False,False,False,0.0,70,False,True,9,0.0,-1,71.3,False
SIN-0416,POL-0416,ASEG-0041,Vehículos,PIC-7291,Robo,2024-06-26,2024-06-30,4,16031,10386,0,Reserva,Ibarra,TALLER-016,Sustracción de bienes durante ausencia del hogar.,False,False,12,353,2,18000,0.58,,2024-06-14,2025-06-14,419,Bancaseguros,Expirada,García Morales Luis Eduardo,Natural,Cuenca,5,1,3,3,2,Medio,Servicio Técnico Loja,Automotriz,Ibarra,20,False,No,,3,0,0,0,0,1,0,0,0,0,0,0,0,1,0.8906,,True,False,False,False,False,False,False,False,False,,False,False,False,False,False,False,False,False,False,False,False,0,,False,False,False,False,0.0,36,False,True,13,0.1176,-1,56.0,False
SIN-0417,POL-0417,ASEG-0071,Salud,,Urgencias,2024-11-12,2024-11-13,1,5606,5231,5082,Liquidado,Guayaquil,HOSP-003,Siniestro reportado con documentación.,True,False,69,296,2,20000,0.19,,2024-09-04,2025-09-04,474,Agente,Expirada,Núñez Andrade Verónica Paola,Natural,Esmeraldas,5,1,1,4,1,Alto,Clínica Ibarra Salud,Salud,Ibarra,5,False,No,,2,0,0,0,0,0,0,0,0,1,0,1,0,0,0.2803,,False,False,False,False,False,False,False,False,False,,False,False,False,False,False,False,False,False,False,False,False,0,,False,False,False,False,0.0,70,False,True,9,0.0,-1,43.3,False
SIN-0418,POL-0418,ASEG-0011,Salud,,Maternidad,2025-02-25,2025-02-25,0,20532,16186,0,Reserva,Manta,PROV-018,Hospitalización por cuadro febril agudo.,False,False,21,344,1,30000,0.92,,2025-02-04,2026-02-04,697,Broker,Expirada,Bonilla Torres Nathaly Carolina,Natural,Guayaquil,3,3,3,3,1,Medio,Hogar Seguro S.A.,Servicios,Ambato,17,False,No,,2,0,0,0,0,0,1,0,0,1,0,0,0,0,0.6844,,True,False,False,True,True,False,False,False,False,,False,False,False,False,False,False,False,False,False,False,False,0,,False,False,False,False,0.0,9,False,False,14,0.14,-1,68.3,False
SIN-0419,POL-0419,ASEG-0035,Vehículos,SDO-1847,Robo de Accesorios,2024-12-21,2024-12-23,2,16973,12042,0,Investigación,Ambato,TALLER-011,Sustracción de bienes durante ausencia del hogar.,False,False,7,358,1,22000,0.96,,2024-12-14,2025-12-14,704,Bancaseguros,Expirada,Pérez Vásquez Ana Lucía,Natural,Loja,2,2,1,2,2,Medio,Mecánica Tungurahua,Automotriz,Quito,16,False,No,,2,0,0,0,0,1,0,0,0,0,0,0,0,1,0.7715,,True,False,False,True,True,False,False,False,False,,False,False,False,False,False,False,False,False,False,False,False,0,,False,False,False,False,0.0,36,False,True,13,0.1176,-1,82.6,True
SIN-0420,POL-0420,ASEG-0088,Hogar,,Daño por Agua,2025-09-01,2025-09-02,1,17327,16680,16507,Liquidado,Ambato,PROV-014,Inundación por lluvias intensas.,True,False,224,141,1,40000,0.1,,2025-01-20,2026-01-20,974,Broker,Expirada,García Morales Luis Eduardo,Natural,Esmeraldas,1,2,0,2,1,Medio,Servicios Hogar Ecuador,Servicios,Quito,10,False,No,,2,0,1,0,0,1,0,0,0,0,0,0,0,0,0.4332,,False,False,False,False,False,False,False,False,False,,False,False,False,False,False,False,False,False,False,False,False,0,,False,False,False,False,0.0,9,False,False,30,0.0,-1,10.9,True
SIN-0421,POL-0421,ASEG-0002,Vehículos,AZY-2918,Cristales,2024-08-28,2024-08-30,2,15154,14667,0,Investigación,Cuenca,TALLER-004,Vidrio lateral roto por vandalismo.,False,False,29,336,1,28000,0.11,,2024-07-30,2025-07-30,855,Agente,Expirada,Aguirre Bermeo Liliana Alexandra,Natural,Cuenca,1,2,3,4,0,Alto,Servicio Express Loja,Automotriz,Ibarra,24,False,No,,3,0,1,0,0,1,0,0,1,0,0,0,0,0,0.5412,,True,False,False,False,False,False,False,False,False,,False,False,False,False,False,False,False,False,False,False,False,0,,False,False,False,False,0.0,18,False,True,21,0.1048,-1,15.4,False
SIN-0422,POL-0422,ASEG-0050,Vehículos,SDO-5523,Robo,2024-03-20,2024-03-21,1,10787,7378,0,Negativa,Quito,TALLER-999,Robo de joyas y equipos electrónicos.,False,True,16,349,5,25000,0.37,,2024-03-04,2025-03-04,580,Bancaseguros,Expirada,Vega Montoya Fanny Lorena,Natural,Loja,3,2,3,6,1,Alto,Taller No Registrado — Asociado a red de fraude,Automotriz,Portoviejo,12,True,Sí,,3,0,1,0,0,0,0,0,0,0,0,0,0,1,0.4315,,True,False,False,False,False,False,False,False,False,,False,False,False,False,False,False,False,False,False,False,False,0,,False,False,False,False,0.0,24,False,True,12,0.1055,-1,36.2,False
SIN-0423,POL-0423,ASEG-0064,Vehículos,IBR-3847,Cristales,2024-05-12,2024-05-16,4,6372,4598,0,Reserva,Portoviejo,TALLER-999,Robo con violencia en domicilio.,False,True,25,340,6,8000,0.91,,2024-04-17,2025-04-17,166,Bancaseguros,Expirada,Silva Intriago Katherine Noemi,Natural,Guayaquil,2,3,3,7,0,Alto,Taller No Registrado — Asociado a red de fraude,Automotriz,Portoviejo,12,True,Sí,,3,0,1,0,0,0,0,0,1,0,0,0,0,1,0.7965,,True,False,False,True,True,False,False,False,False,,False,False,False,False,False,False,False,False,False,False,False,0,,False,False,False,False,0.0,30,False,True,4,0.1055,-1,76.6,True
SIN-0424,POL-0424,ASEG-0096,Vehículos,TNB-0192,Choque,2024-05-25,2024-06-12,18,17881,11375,0,Negativa,Cuenca,TALLER-002,"Golpe trasero en cola de tráfico, testigos presentes.",False,False,13,352,2,30000,0.56,,2024-05-12,2025-05-12,899,Digital,Expirada,Almeida Granda Fernando Eduardo,Natural,Esmeraldas,1,2,2,3,1,Medio,Automotriz Centro Sur,Automotriz,Cuenca,23,False,No,,3,0,0,0,0,1,0,0,1,0,0,0,0,0,0.596,,True,False,True,False,False,False,False,False,False,,False,False,False,False,False,False,False,False,False,False,False,0,,False,False,False,False,0.0,19,False,True,0,0.0752,-1,47.3,False
SIN-0425,POL-0425,ASEG-0016,Hogar,,Rotura de Cristales,2025-03-03,2025-03-03,0,5305,5190,4570,Liquidado,Riobamba,PROV-019,Siniestro reportado con documentación.,True,False,174,191,1,25000,0.12,,2024-09-10,2025-09-10,631,Bancaseguros,Expirada,Silva Intriago Katherine Noemi,Natural,Manta,3,1,2,2,0,Medio,Reparaciones Norte Ecuador,Servicios,Esmeraldas,10,False,No,,3,0,1,0,0,1,0,1,0,0,0,0,0,0,0.2122,,False,False,False,False,False,False,False,False,False,,False,False,False,False,False,False,False,False,False,False,False,0,,False,False,False,False,0.0,70,False,True,9,0.0,-1,38.4,False
SIN-0426,POL-0426,ASEG-0089,Vehículos,CHB-9918,Pérdida Total,2024-08-24,2024-08-24,0,5569,5552,5303,Pago Total,Guayaquil,TALLER-011,Vehículo destruido en accidente de tránsito.,True,False,109,256,2,15000,0.17,,2024-05-07,2025-05-07,305,Bancaseguros,Expirada,Jiménez Vargas Patricia Elena,Natural,Riobamba,4,1,3,5,0,Alto,Mecánica Tungurahua,Automotriz,Quito,16,False,No,,2,0,1,0,0,1,0,0,0,0,0,0,0,0,0.3713,,False,False,False,False,False,False,False,False,False,,False,False,False,False,False,False,False,False,False,False,False,0,,False,False,False,False,0.0,10,False,True,5,0.109,-1,16.2,False
SIN-0427,POL-0427,ASEG-0031,Vehículos,PIC-8847,Responsabilidad Civil,2024-06-26,2024-07-04,8,27160,16655,0,Reserva,Quito,TALLER-003,Robo de joyas y equipos electrónicos.,False,False,7,358,2,28000,0.94,,2024-06-19,2025-06-19,815,Broker,Expirada,Morales Espín Byron Rodrigo,Natural,Ambato,0,3,3,4,0,Alto,Mecánica Imbabura S.A.,Automotriz,Manta,26,False,No,,2,1,0,0,0,1,0,0,0,0,0,0,0,0,0.97,,True,False,True,True,True,False,False,False,False,,False,False,False,False,True,False,True,False,False,True,False,1,Declaración Accidente,False,False,False,False,0.0,24,False,True,12,0.1055,-1,76.1,True
SIN-0428,POL-0428,ASEG-0039,Vehículos,AZY-8812,Robo de Accesorios,2024-02-21,2024-02-22,1,7026,5172,0,Reserva,Ibarra,TALLER-001,Sustracción de bienes durante ausencia del hogar.,False,False,18,347,6,10000,0.88,,2024-02-03,2025-02-02,275,Agente,Expirada,Silva Intriago Katherine Noemi,Natural,Ambato,7,1,3,8,2,Alto,Taller El Norte Cía. Ltda.,Automotriz,Ambato,11,False,No,,3,0,1,0,0,0,0,0,0,0,0,0,0,1,0.7026,,True,False,False,True,True,False,False,False,False,,False,False,False,False,False,False,False,False,False,False,False,0,,False,False,False,False,0.0,36,False,True,13,0.1176,-1,77.0,True
SIN-0429,POL-0429,ASEG-0044,Vehículos,IBR-1029,Cristales,2024-12-10,2024-12-10,0,1895,1937,1749,Liquidado,Quito,TALLER-011,Vidrio lateral roto por vandalismo.,True,False,112,253,1,28000,0.2,,2024-08-20,2025-08-20,633,Digital,Expirada,Rodríguez Cárdenas María José,Natural,Loja,8,3,1,3,0,Medio,Mecánica Tungurahua,Automotriz,Quito,16,False,No,,3,0,1,0,0,1,0,0,0,0,0,0,0,1,0.0677,,False,False,False,False,False,False,False,False,False,,False,False,False,False,False,False,False,False,False,False,False,0,,False,False,False,False,0.0,18,False,True,21,0.1048,-1,21.7,False
SIN-0430,POL-0430,ASEG-0093,Vehículos,TNB-0192,Robo de Accesorios,2024-06-29,2024-07-04,5,8397,8345,0,Reserva,Riobamba,TALLER-020,Robo de airbags y pantalla en parqueadero.,False,False,85,280,3,15000,0.19,,2024-04-05,2025-04-05,299,Bancaseguros,Expirada,Ramos Loor Freddy Oswaldo,Natural,Ambato,6,3,5,6,2,Alto,Taller Quito Sur Cía.,Automotriz,Guayaquil,24,False,No,,3,0,1,0,0,1,0,0,1,0,0,0,0,0,0.5598,,False,False,False,False,False,False,False,False,False,,False,False,False,False,False,False,False,False,False,False,False,0,,False,False,False,False,0.0,18,False,True,2,0.1055,-1,21.0,False
SIN-0431,POL-0431,ASEG-0038,Hogar,,Daño por Agua,2024-11-25,2024-11-29,4,16596,14111,0,Reserva,Quito,PROV-019,Humedad por filtración desde techo.,True,False,64,301,4,35000,0.39,,2024-09-22,2025-09-22,952,Broker,Expirada,Espinoza Rueda Cinthya Dayana,Natural,Quito,2,3,2,5,0,Alto,Reparaciones Norte Ecuador,Servicios,Esmeraldas,10,False,No,,2,0,1,0,0,0,0,1,0,0,0,0,0,0,0.4742,,False,False,False,False,False,False,False,False,False,,False,False,False,False,False,False,False,False,False,False,False,0,,False,False,False,False,0.0,8,False,False,1,0.0,-1,30.7,True
SIN-0432,POL-0432,ASEG-0089,Vehículos,TNB-0192,Cristales,2025-01-15,2025-01-16,1,8180,8157,0,Reserva,Riobamba,TALLER-020,Rotura de parabrisas por impacto de piedra.,False,False,73,292,3,20000,0.59,,2024-11-03,2025-11-03,599,Digital,Expirada,Jiménez Vargas Patricia Elena,Natural,Riobamba,4,1,3,5,0,Alto,Taller Quito Sur Cía.,Automotriz,Guayaquil,24,False,No,,3,0,1,0,0,0,0,0,0,0,0,0,0,1,0.409,,False,False,False,False,False,False,False,False,False,,False,False,False,False,False,False,False,False,False,False,False,0,,False,False,False,False,0.0,27,False,True,19,0.1435,-1,52.9,False
SIN-0433,POL-0433,ASEG-0089,Vehículos,MNT-2918,Robo,2024-11-29,2024-12-03,4,8086,6482,0,Reserva,Riobamba,TALLER-003,Robo de joyas y equipos electrónicos.,True,False,14,351,4,15000,0.22,,2024-11-15,2025-11-15,320,Agente,Expirada,Jiménez Vargas Patricia Elena,Natural,Riobamba,4,1,3,5,0,Alto,Mecánica Imbabura S.A.,Automotriz,Manta,26,False,No,,3,0,0,0,0,1,0,0,1,0,0,0,0,0,0.5391,,True,False,False,False,False,False,False,False,False,,False,False,False,False,False,False,False,False,False,False,False,0,,False,False,False,False,0.0,24,False,True,12,0.1055,-1,25.7,False
SIN-0434,POL-0434,ASEG-0019,Vehículos,LOJ-1847,Responsabilidad Civil,2024-06-23,2024-06-23,0,3342,3459,3342,Pago Total,Riobamba,TALLER-008,Colisión en rotonda con vehículo de tercero.,True,False,75,290,1,30000,0.1,,2024-04-09,2025-04-09,923,Agente,Expirada,Suárez Loor Carmen Violeta,Natural,Riobamba,1,1,2,4,2,Alto,Reparaciones Viales Cía.,Automotriz,Manta,21,False,No,,2,0,0,0,0,1,0,0,0,0,0,0,0,0,0.1114,,False,False,False,False,False,False,False,False,False,,False,False,False,False,False,False,False,False,False,False,False,0,,False,False,False,False,0.0,15,False,True,6,0.1095,-1,13.4,False
SIN-0435,POL-0435,ASEG-0023,Vehículos,TNB-4918,Responsabilidad Civil,2024-02-26,2024-02-27,1,4552,4065,0,Reserva,Guayaquil,TALLER-017,"Impacto posterior en intersección, tercero no identificado.",True,False,46,319,2,12000,0.66,,2024-01-11,2025-01-10,280,Agente,Expirada,Ramos Loor Freddy Oswaldo,Natural,Ambato,7,1,0,3,1,Medio,Mecánica Manabí,Automotriz,Ibarra,19,False,No,,2,0,1,0,0,0,0,0,0,0,0,0,0,1,0.3793,,False,False,False,False,False,False,False,False,False,,False,False,False,False,False,False,False,False,False,False,False,0,,False,False,False,False,0.0,12,False,True,22,0.208,-1,51.3,False
SIN-0436,POL-0436,ASEG-0019,Vehículos,MNT-0847,Robo,2025-01-12,2025-01-14,2,1650,1650,1489,Pago Total,Manta,TALLER-005,Robo de joyas y equipos electrónicos.,True,False,279,86,2,28000,0.11,,2024-04-08,2025-04-08,652,Digital,Expirada,Suárez Loor Carmen Violeta,Natural,Riobamba,1,1,2,4,2,Alto,Taller Portuario Guayaquil,Automotriz,Portoviejo,21,False,No,,2,0,0,0,0,0,0,0,0,0,0,0,0,1,0.0589,,False,False,False,False,False,False,False,False,False,,False,False,False,False,False,False,False,False,False,False,False,0,,False,False,False,False,0.0,24,False,True,12,0.1055,-1,18.0,False
SIN-0437,POL-0437,ASEG-0081,Vehículos,CHB-1029,Responsabilidad Civil,2024-10-01,2024-10-01,0,11575,11813,0,Investigación,Cuenca,TALLER-015,Accidente en vía rápida con daño a tercero.,False,False,14,351,3,30000,0.15,,2024-09-17,2025-09-17,912,Digital,Expirada,Carrillo Cabrera Patricio German,Natural,Portoviejo,6,1,4,4,1,Alto,Automotriz Sur Azuay,Automotriz,Manta,18,False,No,,2,0,0,0,0,0,0,0,1,0,0,0,0,0,0.3858,,True,False,False,False,False,False,False,False,False,,False,False,False,False,False,False,False,False,False,False,False,0,,False,False,False,False,0.0,13,False,True,16,0.096,-1,16.1,False
SIN-0438,POL-0438,ASEG-0042,Vehículos,LOJ-8834,Cristales,2024-10-10,2024-10-12,2,8170,6950,0,Reserva,Loja,TALLER-016,Vidrio lateral roto por vandalismo.,False,False,14,351,4,25000,0.11,,2024-09-26,2025-09-26,700,Agente,Expirada,Salcedo Ponce Margoth Elizabeth,Natural,Ibarra,1,1,0,5,1,Alto,Servicio Técnico Loja,Automotriz,Ibarra,20,False,No,,2,0,0,0,0,0,0,0,0,0,0,0,0,1,0.3268,,True,False,False,False,False,False,False,False,False,,False,False,False,False,False,False,False,False,False,False,False,0,,False,False,False,False,0.0,18,False,True,21,0.1048,-1,15.4,False
SIN-0439,POL-0439,ASEG-0049,Hogar,,Rotura de Cristales,2024-10-21,2024-10-22,1,4603,4584,4289,Pago Total,Cuenca,PROV-020,Siniestro reportado con documentación.,True,False,103,262,2,25000,0.16,,2024-07-10,2025-07-10,643,Broker,Expirada,Vargas Andrade William Alexis,Natural,Loja,2,2,3,3,0,Medio,Servicios Generales GYE,Servicios,Esmeraldas,17,False,No,,2,0,1,0,0,0,0,1,0,0,0,0,0,0,0.1841,,False,False,False,False,False,False,False,False,False,,False,False,False,False,False,False,False,False,False,False,False,0,,False,False,False,False,0.0,70,False,True,9,0.0,-1,41.2,False
SIN-0440,POL-0440,ASEG-0053,Vehículos,IBR-7291,Responsabilidad Civil,2024-12-07,2024-12-08,1,3370,3136,3076,Liquidado,Riobamba,TALLER-011,"Impacto posterior en intersección, tercero no identificado.",True,False,179,186,1,18000,0.21,,2024-06-11,2025-06-11,420,Digital,Expirada,Ulloa Morocho Gonzalo Patricio,Natural,Ambato,7,1,2,2,2,Medio,Mecánica Tungurahua,Automotriz,Quito,16,False,No,,2,0,1,0,0,0,0,0,1,0,0,0,0,0,0.1872,,False,False,False,False,False,False,False,False,False,,False,False,False,False,False,False,False,False,False,False,False,0,,False,False,False,False,0.0,12,False,True,22,0.208,-1,19.8,False
SIN-0441,POL-0441,ASEG-0010,Hogar,,Daño por Agua,2024-10-20,2024-10-20,0,11985,12579,0,Investigación,Quito,PROV-022,Inundación por lluvias intensas.,True,False,14,351,1,20000,0.72,,2024-10-06,2025-10-06,453,Broker,Expirada,García Morales Luis Eduardo,Natural,Quito,7,1,2,2,2,Medio,Técnicos Especializados EC,Servicios,Guayaquil,12,False,No,,2,0,0,0,0,0,0,1,0,0,1,0,0,0,0.5992,,True,False,False,True,False,False,False,False,False,,False,False,False,False,False,False,False,False,False,False,False,0,,False,False,False,False,0.0,9,False,False,30,0.0,-1,54.3,True
SIN-0442,POL-0442,ASEG-0099,Vehículos,LOJ-2847,Responsabilidad Civil,2024-08-01,2024-08-11,10,15464,8787,0,Reserva,Ambato,TALLER-007,Accidente en vía rápida con daño a tercero.,False,False,36,329,5,22000,0.44,,2024-06-26,2025-06-26,687,Agente,Expirada,Mora Loza Adriana Marcela,Natural,Manta,3,2,1,6,0,Alto,Multiservicios Automotrices EC,Automotriz,Ambato,17,False,No,,2,0,0,0,0,0,0,0,0,0,0,0,0,1,0.7029,,False,False,True,False,False,False,False,False,False,,False,False,False,False,False,False,False,False,False,False,False,0,,False,False,False,False,0.0,13,False,True,16,0.096,-1,36.4,False
SIN-0443,POL-0443,ASEG-0011,Vehículos,CHB-9918,Responsabilidad Civil,2024-10-21,2024-10-22,1,8761,8408,8143,Pago Total,Manta,TALLER-015,Colisión en rotonda con vehículo de tercero.,True,False,75,290,2,22000,0.08,,2024-08-07,2025-08-07,461,Agente,Expirada,Bonilla Torres Nathaly Carolina,Natural,Guayaquil,3,3,3,3,1,Medio,Automotriz Sur Azuay,Automotriz,Manta,18,False,No,,2,0,1,0,0,0,0,0,1,0,0,0,0,0,0.3982,,False,False,False,False,False,False,False,False,False,,False,False,False,False,False,False,False,False,False,False,False,0,,False,False,False,False,0.0,15,False,True,6,0.1095,-1,12.0,False
SIN-0444,POL-0444,ASEG-0055,Vehículos,LOJ-1847,Cristales,2025-03-05,2025-03-06,1,14831,15252,0,Investigación,Ibarra,TALLER-016,Rotura de parabrisas por impacto de piedra.,True,False,39,326,1,28000,0.27,,2025-01-25,2026-01-25,621,Broker,Expirada,Sánchez Herrera Diego Alejandro,Natural,Ambato,2,3,3,3,2,Medio,Servicio Técnico Loja,Automotriz,Ibarra,20,False,No,,3,0,0,0,0,1,0,0,0,0,0,0,0,1,0.5297,,False,False,False,False,False,False,False,False,False,,False,False,False,False,False,False,False,False,False,False,False,0,,False,False,False,False,0.0,27,False,True,19,0.1435,-1,30.5,False
SIN-0445,POL-0445,ASEG-0009,Hogar,,Rotura de Cristales,2024-04-20,2024-04-20,0,14586,12316,0,Investigación,Ibarra,PROV-021,Siniestro reportado con documentación.,True,False,14,351,3,30000,0.59,,2024-04-06,2025-04-06,586,Agente,Expirada,Mendoza Ríos Marco Vinicio,Natural,Ibarra,8,1,3,5,1,Alto,Reparaciones Tungurahua,Servicios,Cuenca,17,False,No,,2,0,0,0,0,1,0,1,0,0,0,0,0,0,0.4862,,True,False,False,False,False,False,False,False,False,,False,False,False,False,False,False,False,False,False,False,False,0,,False,False,False,False,0.0,70,False,True,9,0.0,-1,71.3,False
SIN-0446,POL-0446,ASEG-0009,Vehículos,CHB-4472,Pérdida Total,2024-07-10,2024-07-10,0,8263,7459,0,Reserva,Ambato,TALLER-004,Vehículo totalmente siniestrado en volcamiento.,True,False,86,279,4,15000,0.59,,2024-04-15,2025-04-15,331,Digital,Expirada,Mendoza Ríos Marco Vinicio,Natural,Ibarra,8,1,3,5,1,Alto,Servicio Express Loja,Automotriz,Ibarra,24,False,No,,2,0,1,0,0,1,0,0,0,0,0,0,0,0,0.5509,,False,False,False,False,False,False,False,False,False,,False,False,False,False,False,False,False,False,False,False,False,0,,False,False,False,False,0.0,17,False,True,17,0.0928,-1,48.6,False
SIN-0447,POL-0447,ASEG-0062,Vehículos,TNB-3847,Cristales,2025-04-25,2025-04-27,2,1576,1567,1437,Liquidado,Guayaquil,TALLER-018,Rotura de parabrisas por impacto de piedra.,True,False,281,84,1,15000,0.22,,2024-07-18,2025-07-18,297,Broker,Expirada,Pérez Vásquez Ana Lucía,Natural,Manta,7,2,2,2,0,Medio,Automotriz Ambato Central,Automotriz,Ibarra,15,False,No,,3,0,1,0,0,0,0,0,0,0,0,0,0,1,0.1051,,False,False,False,False,False,False,False,False,False,,False,False,False,False,False,False,False,False,False,False,False,0,,False,False,False,False,0.0,27,False,True,19,0.1435,-1,27.0,False
SIN-0448,POL-0448,ASEG-0019,Vehículos,GYE-8834,Pérdida Total,2024-08-06,2024-08-24,18,21250,13533,0,Reserva,Guayaquil,TALLER-012,Siniestro reportado con documentación.,False,False,14,351,3,30000,0.87,,2024-07-23,2025-07-23,879,Broker,Expirada,Suárez Loor Carmen Violeta,Natural,Riobamba,1,1,2,4,2,Alto,Serviautos Litoral,Automotriz,Riobamba,23,False,No,,3,1,0,0,0,0,0,0,0,0,0,0,0,1,0.7083,,True,False,True,True,True,False,False,False,False,,False,False,False,False,True,False,False,True,True,True,False,1,Declaración Accidente,False,True,False,False,13.0,70,False,True,9,0.0,-1,90.9,True
SIN-0449,POL-0449,ASEG-0054,Salud,,Cirugía,2025-04-14,2025-04-16,2,16108,16799,15266,Liquidado,Cuenca,HOSP-003,Operación electiva con autorización previa.,True,False,153,212,2,80000,0.19,,2024-11-12,2025-11-12,1924,Agente,Expirada,Torres Espinoza Carlos Andrés,Natural,Ambato,6,2,2,3,1,Medio,Clínica Ibarra Salud,Salud,Ibarra,5,False,No,,2,0,0,0,0,0,1,0,0,0,0,1,0,0,0.2014,,False,False,False,False,False,False,False,False,False,,False,False,False,False,False,False,False,False,False,False,False,0,,False,False,False,False,0.0,1,True,False,32,0.0,-1,13.7,True
SIN-0450,POL-0450,ASEG-0086,Salud,,Hospitalización,2024-09-23,2024-09-25,2,18205,16616,0,Pago Parcial,Manta,PROV-017,Hospitalización por cuadro febril agudo.,True,False,14,351,1,50000,0.33,,2024-09-09,2025-09-09,1595,Broker,Expirada,Salcedo Ponce Margoth Elizabeth,Natural,Portoviejo,0,1,3,3,0,Medio,Servicios Integrales Sur,Servicios,Loja,10,False,No,,3,0,0,1,0,0,1,0,0,0,0,1,0,0,0.3641,,True,False,False,False,False,False,False,False,False,,False,False,False,False,False,False,False,False,False,False,False,0,,False,False,False,False,0.0,9,False,False,14,0.14,-1,27.0,True
SIN-0451,POL-0451,ASEG-0004,Vehículos,AZY-6647,Choque,2024-07-29,2024-08-03,5,18593,12000,0,Investigación,Riobamba,TALLER-777,"Golpe trasero en cola de tráfico, testigos presentes.",False,True,15,350,5,20000,0.46,,2024-07-14,2025-07-14,569,Digital,Expirada,Pacheco Vélez Gloria Susana,Natural,Ibarra,3,2,4,7,0,Alto,Mecánica Sin Nombre — Facturación irregular,Automotriz,Ambato,10,True,Sí,,3,0,1,0,0,0,0,0,0,0,0,0,0,1,0.9296,,True,False,False,False,False,False,False,False,False,,False,False,False,False,False,False,False,False,False,False,False,0,,False,False,False,False,0.0,19,False,True,0,0.0752,-1,40.3,False
SIN-0452,POL-0452,ASEG-0061,Hogar,,Daño por Agua,2024-04-19,2024-04-24,5,46663,32814,0,Investigación,Cuenca,PROV-021,Fuga de tubería con daños en piso y paredes.,False,False,22,343,8,50000,0.41,,2024-03-28,2025-03-28,913,Agente,Expirada,Freire Castillo Marco Antonio,Natural,Loja,7,1,1,9,2,Alto,Reparaciones Tungurahua,Servicios,Cuenca,17,False,No,,2,0,0,0,0,1,0,1,0,0,0,0,0,0,0.9333,,True,False,False,False,False,False,False,False,False,,False,False,False,False,False,False,False,False,False,False,False,0,,False,False,False,False,0.0,5,False,False,26,0.108,-1,30.8,True
SIN-0453,POL-0453,ASEG-0057,Vehículos,CHB-1029,Cristales,2025-01-19,2025-01-25,6,7045,6996,0,Reserva,Quito,TALLER-008,Rotura de parabrisas por impacto de piedra.,True,False,59,306,3,28000,0.12,,2024-11-21,2025-11-21,755,Agente,Expirada,Rodríguez Cárdenas María José,Natural,Riobamba,5,2,4,5,2,Alto,Reparaciones Viales Cía.,Automotriz,Manta,21,False,No,,2,0,0,0,0,0,0,0,1,0,0,0,0,1,0.2516,,False,False,False,False,False,False,False,False,False,,False,False,False,False,False,False,False,False,False,False,False,0,,False,False,False,False,0.0,27,False,True,19,0.1435,-1,20.0,False
SIN-0454,POL-0454,ASEG-0012,Vehículos,AZY-8812,Choque,2024-01-25,2024-01-30,5,3667,2290,0,Investigación,Ibarra,TALLER-013,Impacto lateral en intersección con semáforo.,False,False,10,355,4,8000,0.4,,2024-01-15,2025-01-14,182,Bancaseguros,Expirada,Naranjo Velasco Edwin Patricio,Natural,Quito,6,2,8,8,0,Alto,Taller Chimborazo Express,Automotriz,Loja,25,False,No,,3,0,0,0,0,1,0,0,1,0,0,0,0,1,0.4584,,True,False,False,False,False,False,False,False,False,,False,False,False,False,False,False,False,False,False,False,False,0,,False,False,False,False,0.0,13,False,True,3,0.208,-1,33.6,False
SIN-0455,POL-0455,ASEG-0055,Salud,,Hospitalización,2025-01-09,2025-01-11,2,3991,3909,3470,Pago Total,Manta,HOSP-005,Hospitalización por cuadro febril agudo.,True,False,265,100,2,20000,0.13,,2024-04-19,2025-04-19,460,Agente,Expirada,Sánchez Herrera Diego Alejandro,Natural,Ambato,2,3,3,3,2,Medio,Centro Médico del Sur,Salud,Quito,8,False,No,,3,0,0,1,0,0,1,0,0,1,0,0,0,0,0.1996,,False,False,False,False,False,False,False,False,False,,False,False,False,False,False,False,False,False,False,False,False,0,,False,False,False,False,0.0,9,False,False,14,0.14,-1,13.0,True
SIN-0456,POL-0456,ASEG-0028,Vehículos,TNB-6629,Pérdida Total,2025-02-11,2025-02-16,5,19311,13582,0,Reserva,Ambato,TALLER-005,"Accidente múltiple de madrugada, daños en carrocería.",False,False,15,350,4,30000,0.86,,2025-01-27,2026-01-27,750,Agente,Expirada,Núñez Villafuerte Diego Sebastián,Natural,Loja,2,2,0,5,2,Alto,Taller Portuario Guayaquil,Automotriz,Portoviejo,21,False,No,,2,1,1,0,0,0,0,0,0,0,0,0,0,0,0.6437,,True,False,False,True,True,False,False,False,False,,False,False,False,False,True,False,True,False,False,True,False,1,Declaración Accidente,False,False,False,False,0.0,20,False,True,15,0.0942,-1,68.8,True
SIN-0457,POL-0457,ASEG-0043,Salud,,Hospitalización,2024-11-16,2024-11-16,0,25781,21424,0,Reserva,Portoviejo,PROV-020,Hospitalización por cuadro febril agudo.,False,False,21,344,1,50000,0.11,,2024-10-26,2025-10-26,1168,Digital,Expirada,Ramírez Peñafiel Carmen Susana,Natural,Riobamba,1,1,2,2,1,Medio,Servicios Generales GYE,Servicios,Esmeraldas,17,False,No,,2,0,0,1,0,0,1,0,0,0,0,0,0,0,0.5156,,True,False,False,False,False,False,False,False,False,,False,False,False,False,False,False,False,False,False,False,False,0,,False,False,False,False,0.0,9,False,False,14,0.14,-1,11.6,True
SIN-0458,POL-0458,ASEG-0008,Hogar,,Incendio,2024-11-30,2024-11-30,0,7130,7436,7203,Pago Total,Loja,PROV-016,Cortocircuito que causó incendio parcial.,True,False,79,286,2,25000,0.28,,2024-09-12,2025-09-12,521,Agente,Expirada,Almeida Granda Fernando Eduardo,Natural,Cuenca,3,1,2,3,0,Medio,Técnicos del Hogar Cía.,Servicios,Cuenca,16,False,No,,3,0,1,0,0,0,0,1,0,0,1,0,0,0,0.2852,,False,False,False,False,False,False,False,False,False,,False,False,False,False,False,False,False,False,False,False,False,0,,False,False,False,False,0.0,6,False,False,28,0.1021,-1,22.2,True
SIN-0459,POL-0459,ASEG-0067,Vehículos,GYE-1029,Pérdida Total,2025-02-02,2025-02-04,2,4569,4784,0,Investigación,Ambato,TALLER-008,Daños irreparables por colisión frontal.,True,False,14,351,1,8000,0.12,,2025-01-19,2026-01-19,170,Digital,Expirada,Benítez Arcos Luis Fernando,Natural,Riobamba,4,2,2,2,1,Medio,Reparaciones Viales Cía.,Automotriz,Manta,21,False,No,,3,0,1,0,0,1,0,0,1,0,0,0,0,0,0.5711,,True,False,False,False,False,False,False,False,False,,False,False,False,False,False,False,False,False,False,False,False,0,,False,False,False,False,0.0,22,False,True,20,0.1095,-1,17.8,False
SIN-0460,POL-0460,ASEG-0024,Hogar,,Daño Estructural,2024-02-27,2024-02-27,0,39584,26309,0,Investigación,Quito,PROV-017,Siniestro reportado con documentación.,False,True,24,341,5,50000,0.45,,2024-02-03,2025-02-02,1244,Agente,Expirada,Vargas Andrade William Alexis,Natural,Ambato,6,2,6,6,0,Alto,Servicios Integrales Sur,Servicios,Loja,10,False,No,,3,0,1,0,0,1,0,0,0,0,1,0,0,0,0.7917,,True,False,False,False,False,False,False,False,False,,False,False,False,False,False,False,False,False,False,False,False,0,,False,False,False,False,0.0,70,False,True,9,0.0,-1,61.5,False
SIN-0461,POL-0461,ASEG-0022,Hogar,,Incendio,2025-05-21,2025-05-23,2,7871,7733,7687,Pago Total,Manta,PROV-020,Incendio en cocina con informe de bomberos.,True,False,289,76,1,20000,0.1,,2024-08-05,2025-08-05,530,Digital,Expirada,Vega Montoya Fanny Lorena,Natural,Ambato,1,3,2,2,0,Medio,Servicios Generales GYE,Servicios,Esmeraldas,17,False,No,,3,0,1,0,0,1,0,1,0,0,0,0,0,0,0.3936,,False,False,False,False,False,False,False,False,False,,False,False,False,False,False,False,False,False,False,False,False,0,,False,False,False,False,0.0,7,False,False,8,0.1021,-1,10.0,True
SIN-0462,POL-0462,ASEG-0057,Vehículos,GYE-1029,Pérdida Total,2024-11-22,2024-12-09,17,12936,8613,0,Investigación,Esmeraldas,TALLER-011,Daños irreparables por colisión frontal.,False,False,14,351,4,22000,0.41,,2024-11-08,2025-11-08,630,Digital,Expirada,Rodríguez Cárdenas María José,Natural,Riobamba,5,2,4,5,2,Alto,Mecánica Tungurahua,Automotriz,Quito,16,False,No,,2,0,0,0,0,0,0,0,1,0,0,0,0,1,0.588,,True,False,True,False,False,False,False,False,False,,False,False,False,False,False,False,False,False,False,False,False,0,,False,False,False,False,0.0,22,False,True,20,0.1095,-1,38.1,False
SIN-0463,POL-0463,ASEG-0072,Salud,,Maternidad,2024-06-24,2024-06-24,0,15731,15966,14767,Pago Total,Riobamba,HOSP-004,Siniestro reportado con documentación.,True,False,139,226,2,40000,0.05,,2024-02-06,2025-02-05,797,Bancaseguros,Expirada,Martínez Alvarado Rosa Elena,Natural,Cuenca,0,2,2,3,0,Medio,Hospital Básico Guayaquil,Salud,Loja,5,False,No,,2,0,0,0,0,0,0,0,0,1,0,1,0,0,0.3933,,False,False,False,False,False,False,False,False,False,,False,False,False,False,False,False,False,False,False,False,False,0,,False,False,False,False,0.0,70,False,True,9,0.0,-1,33.5,False
SIN-0464,POL-0464,ASEG-0063,Hogar,,Daño por Agua,2024-03-02,2024-03-03,1,20010,15750,0,Reserva,Portoviejo,PROV-019,Siniestro reportado con documentación.,False,False,25,340,6,30000,0.89,,2024-02-06,2025-02-05,912,Broker,Expirada,López Guerrero Juan Pablo,Natural,Ibarra,0,3,1,7,2,Alto,Reparaciones Norte Ecuador,Servicios,Esmeraldas,10,False,No,,3,0,0,0,0,1,0,1,0,0,1,0,0,0,0.667,,True,False,False,True,True,False,False,False,False,,False,False,False,False,False,False,False,False,False,False,False,0,,False,False,False,False,0.0,70,False,True,9,0.0,-1,92.3,True
SIN-0465,POL-0465,ASEG-0084,Vehículos,IBR-4918,Pérdida Total,2025-01-25,2025-01-27,2,5121,4679,0,Investigación,Ibarra,TALLER-005,Vehículo destruido en accidente de tránsito.,True,False,14,351,4,15000,0.29,,2025-01-11,2026-01-11,321,Digital,Expirada,Flores Castillo Roberto Antonio,Natural,Riobamba,6,3,2,5,0,Alto,Taller Portuario Guayaquil,Automotriz,Portoviejo,21,False,No,,2,0,1,0,0,0,0,0,1,0,0,0,0,0,0.3414,,True,False,False,False,False,False,False,False,False,,False,False,False,False,False,False,False,False,False,False,False,0,,False,False,False,False,0.0,10,False,True,5,0.109,-1,24.6,False
SIN-0466,POL-0466,ASEG-0002,Vehículos,AZY-8812,Choque,2025-01-08,2025-01-09,1,8786,8548,0,Investigación,Guayaquil,TALLER-016,"Accidente múltiple de madrugada, daños en carrocería.",False,False,44,321,2,22000,0.15,,2024-11-25,2025-11-25,518,Bancaseguros,Expirada,Aguirre Bermeo Liliana Alexandra,Natural,Cuenca,1,2,3,4,0,Alto,Servicio Técnico Loja,Automotriz,Ibarra,20,False,No,,3,0,1,0,0,1,0,0,0,0,0,0,0,1,0.3994,,False,False,False,False,False,False,False,False,False,,False,False,False,False,False,False,False,False,False,False,False,0,,False,False,False,False,0.0,20,False,True,15,0.0942,-1,19.1,False
SIN-0467,POL-0467,ASEG-0097,Vehículos,AZY-1847,Cristales,2024-07-07,2024-07-08,1,12639,12281,11261,Liquidado,Guayaquil,TALLER-020,Rotura de parabrisas por impacto de piedra.,True,False,133,232,1,30000,0.24,,2024-02-25,2025-02-24,866,Digital,Expirada,Montoya Llorente Daniela Fernanda,Natural,Loja,1,2,1,3,0,Medio,Taller Quito Sur Cía.,Automotriz,Guayaquil,24,False,No,,2,0,0,0,0,0,0,0,1,0,0,0,0,0,0.4213,,False,False,False,False,False,False,False,False,False,,False,False,False,False,False,False,False,False,False,False,False,0,,False,False,False,False,0.0,27,False,True,19,0.1435,-1,28.4,False
SIN-0468,POL-0468,ASEG-0100,Vehículos,RIO-2918,Cristales,2024-12-01,2024-12-01,0,7024,5938,0,Reserva,Ibarra,TALLER-018,Rotura de parabrisas por impacto de piedra.,True,False,67,298,4,22000,0.31,,2024-09-25,2025-09-25,598,Broker,Expirada,Sánchez Herrera Diego Alejandro,Natural,Cuenca,6,3,2,5,1,Alto,Automotriz Ambato Central,Automotriz,Ibarra,15,False,No,,2,0,0,0,0,1,0,0,0,0,0,0,0,1,0.3193,,False,False,False,False,False,False,False,False,False,,False,False,False,False,False,False,False,False,False,False,False,0,,False,False,False,False,0.0,27,False,True,19,0.1435,-1,33.3,False
SIN-0469,POL-0469,ASEG-0026,Vehículos,MNT-0847,Choque,2025-01-30,2025-02-11,12,11558,6211,0,Investigación,Cuenca,TALLER-013,Accidente en vía rápida con daño a tercero.,False,False,7,358,2,15000,0.81,,2025-01-23,2026-01-23,324,Agente,Expirada,Torres Espinoza Carlos Andrés,Natural,Portoviejo,5,1,3,3,0,Medio,Taller Chimborazo Express,Automotriz,Loja,25,False,No,,2,0,0,0,0,1,0,0,0,0,0,0,0,1,0.7705,,True,False,True,True,False,False,False,False,False,,False,False,False,False,False,False,False,False,False,False,False,0,,False,False,False,False,0.0,13,False,True,16,0.096,-1,62.3,False
SIN-0470,POL-0470,ASEG-0002,Salud,,Hospitalización,2025-03-07,2025-03-09,2,7629,7095,0,Pago Parcial,Ambato,PROV-021,Internación por accidente doméstico.,True,False,47,318,3,20000,0.34,,2025-01-19,2026-01-19,546,Digital,Expirada,Aguirre Bermeo Liliana Alexandra,Natural,Cuenca,1,2,3,4,0,Alto,Reparaciones Tungurahua,Servicios,Cuenca,17,False,No,,2,0,0,1,0,0,0,0,0,1,0,0,0,0,0.3814,,False,False,False,False,False,False,False,False,False,,False,False,False,False,False,False,False,False,False,False,False,0,,False,False,False,False,0.0,2,True,False,24,0.109,-1,24.7,True
SIN-0471,POL-0471,ASEG-0044,Hogar,,Daño por Agua,2025-03-01,2025-03-02,1,21993,22729,22200,Liquidado,Loja,PROV-021,Inundación por lluvias intensas.,True,False,264,101,2,50000,0.2,,2024-06-10,2025-06-10,1068,Bancaseguros,Expirada,Rodríguez Cárdenas María José,Natural,Loja,8,3,1,3,0,Medio,Reparaciones Tungurahua,Servicios,Cuenca,17,False,No,,2,0,1,0,0,0,0,1,0,0,0,0,0,0,0.4399,,False,False,False,False,False,False,False,False,False,,False,False,False,False,False,False,False,False,False,False,False,0,,False,False,False,False,0.0,9,False,False,30,0.0,-1,17.9,True
SIN-0472,POL-0472,ASEG-0004,Vehículos,AZY-6647,Robo de Accesorios,2024-11-08,2024-11-26,18,12680,8298,0,Reserva,Guayaquil,TALLER-007,Robo de accesorios en zona residencial.,False,False,41,324,6,18000,0.8,,2024-09-28,2025-09-28,564,Agente,Expirada,Pacheco Vélez Gloria Susana,Natural,Ibarra,3,2,4,7,0,Alto,Multiservicios Automotrices EC,Automotriz,Ambato,17,False,No,,3,0,0,0,0,1,0,0,1,0,0,0,0,0,0.7044,,False,False,True,True,False,False,False,False,False,,False,False,False,False,False,False,False,False,False,False,False,0,,False,False,False,False,0.0,16,False,True,7,0.1055,-1,62.9,False
SIN-0473,POL-0473,ASEG-0095,Hogar,,Daño por Agua,2024-07-12,2024-07-13,1,19249,19755,0,Investigación,Riobamba,PROV-020,Humedad por filtración desde techo.,True,False,74,291,4,35000,0.79,,2024-04-29,2025-04-29,867,Broker,Expirada,Herrera Salinas Jorge Enrique,Natural,Ibarra,0,3,5,6,1,Alto,Servicios Generales GYE,Servicios,Esmeraldas,17,False,No,,3,0,0,0,0,1,0,1,0,0,1,0,0,0,0.55,,False,False,False,True,False,False,False,False,False,,False,False,False,False,False,False,False,False,False,False,False,0,,False,False,False,False,0.0,8,False,False,1,0.0,-1,58.7,True
SIN-0474,POL-0474,ASEG-0092,Vehículos,ESM-1234,Robo,2025-01-31,2025-02-01,1,12557,13163,12320,Pago Total,Esmeraldas,TALLER-004,Robo con violencia en domicilio.,True,False,104,261,2,28000,0.26,,2024-10-19,2025-10-19,516,Agente,Expirada,Ramos Loor Freddy Oswaldo,Natural,Ambato,0,3,0,3,0,Medio,Servicio Express Loja,Automotriz,Ibarra,24,False,No,,3,0,1,0,0,1,0,0,0,0,0,0,0,0,0.4485,,False,False,False,False,False,False,False,False,False,,False,False,False,False,False,False,False,False,False,False,False,0,,False,False,False,False,0.0,30,False,True,4,0.1055,-1,31.1,False
SIN-0475,POL-0475,ASEG-0032,Vehículos,TNB-4918,Robo,2025-02-21,2025-02-23,2,4771,2754,0,Negativa,Cuenca,TALLER-999,Robo con violencia en domicilio.,False,True,32,333,2,10000,0.34,,2025-01-20,2026-01-20,195,Bancaseguros,Expirada,Ulloa Morocho Gonzalo Patricio,Natural,Riobamba,7,3,1,4,2,Alto,Taller No Registrado — Asociado a red de fraude,Automotriz,Portoviejo,12,True,Sí,,3,0,0,0,0,1,0,0,0,0,0,0,0,1,0.4771,,False,False,False,False,False,False,False,False,False,,False,False,False,False,False,False,False,False,False,False,False,0,,False,False,False,False,0.0,30,False,True,4,0.1055,-1,36.7,False
SIN-0476,POL-0476,ASEG-0012,Vehículos,SDO-1847,Cristales,2024-06-03,2024-06-21,18,20243,15989,0,Negativa,Loja,TALLER-008,Rotura de parabrisas por impacto de piedra.,False,False,40,325,5,30000,0.37,,2024-04-24,2025-04-24,862,Bancaseguros,Expirada,Naranjo Velasco Edwin Patricio,Natural,Quito,6,2,8,8,0,Alto,Reparaciones Viales Cía.,Automotriz,Manta,21,False,No,,2,0,0,0,0,0,0,0,1,0,0,0,0,1,0.6748,,False,False,True,False,False,False,False,False,False,,False,False,False,False,False,False,False,False,False,False,False,0,,False,False,False,False,0.0,27,False,True,19,0.1435,-1,37.5,False
SIN-0477,POL-0477,ASEG-0012,Vehículos,ESM-1234,Responsabilidad Civil,2024-04-23,2024-04-26,3,8267,5038,0,Reserva,Portoviejo,TALLER-777,Daños irreparables por colisión frontal.,False,True,17,348,6,10000,0.89,,2024-04-06,2025-04-06,260,Agente,Expirada,Naranjo Velasco Edwin Patricio,Natural,Quito,6,2,8,8,0,Alto,Mecánica Sin Nombre — Facturación irregular,Automotriz,Ambato,10,True,Sí,,3,0,0,0,0,1,0,0,1,0,0,0,0,0,0.8267,,True,False,False,True,True,False,False,False,False,,False,False,False,False,False,False,False,False,False,False,False,0,,False,False,False,False,0.0,22,False,True,20,0.1095,-1,71.7,True
SIN-0478,POL-0478,ASEG-0069,Vehículos,AZY-1847,Pérdida Total,2025-01-02,2025-01-02,0,1796,1807,1763,Liquidado,Loja,TALLER-013,Vehículo totalmente siniestrado en volcamiento.,True,False,293,72,2,18000,0.2,,2024-03-15,2025-03-15,535,Digital,Expirada,Ortega Suárez Héctor Guillermo,Natural,Ibarra,6,3,1,4,0,Alto,Taller Chimborazo Express,Automotriz,Loja,25,False,No,,2,0,0,0,0,0,0,0,0,0,0,0,0,1,0.0998,,False,False,False,False,False,False,False,False,False,,False,False,False,False,False,False,False,False,False,False,False,0,,False,False,False,False,0.0,17,False,True,17,0.0928,-1,21.3,False
SIN-0479,POL-0479,ASEG-0036,Vehículos,PIC-3847,Cristales,2024-10-10,2024-10-12,2,7596,7615,0,Investigación,Portoviejo,TALLER-002,Rotura de parabrisas por impacto de piedra.,True,False,39,326,3,15000,0.6,,2024-09-01,2025-09-01,374,Broker,Expirada,Pérez Vásquez Ana Lucía,Natural,Esmeraldas,7,2,3,5,2,Alto,Automotriz Centro Sur,Automotriz,Cuenca,23,False,No,,2,0,0,0,0,1,0,0,1,0,0,0,0,0,0.5064,,False,False,False,False,False,False,False,False,False,,False,False,False,False,False,False,False,False,False,False,False,0,,False,False,False,False,0.0,27,False,True,19,0.1435,-1,53.6,False
SIN-0480,POL-0480,ASEG-0094,Vehículos,TNB-4918,Pérdida Total,2025-07-23,2025-07-24,1,5352,5451,5052,Pago Total,Ambato,TALLER-012,Vehículo destruido en accidente de tránsito.,True,False,232,133,2,12000,0.22,,2024-12-03,2025-12-03,382,Broker,Expirada,Gutiérrez Moreta Diana Fernanda,Natural,Manta,4,2,1,3,2,Medio,Serviautos Litoral,Automotriz,Riobamba,23,False,No,,2,0,0,0,0,0,0,0,1,0,0,0,0,0,0.446,,False,False,False,False,False,False,False,False,False,,False,False,False,False,False,False,False,False,False,False,False,0,,False,False,False,False,0.0,10,False,True,5,0.109,-1,19.7,False
SIN-0481,POL-0481,ASEG-0013,Vehículos,GYE-4837,Robo,2025-02-13,2025-02-28,15,27510,16157,0,Investigación,Loja,TALLER-007,Sustracción de bienes durante ausencia del hogar.,False,False,24,341,4,30000,0.84,,2025-01-20,2026-01-20,904,Bancaseguros,Expirada,Cabrera Yépez Marcelo Javier,Natural,Ibarra,1,2,0,5,0,Alto,Multiservicios Automotrices EC,Automotriz,Ambato,17,False,No,,2,0,0,0,0,0,0,0,1,0,0,0,0,1,0.917,,True,False,True,True,False,False,False,False,False,,False,False,False,False,False,False,False,False,False,False,False,0,,False,False,False,False,0.0,36,False,True,13,0.1176,-1,74.2,False
SIN-0482,POL-0482,ASEG-0093,Vehículos,AZY-1847,Robo de Accesorios,2025-01-02,2025-01-03,1,8769,4693,0,Reserva,Guayaquil,TALLER-999,Robo de airbags y pantalla en parqueadero.,False,True,20,345,4,12000,0.4,,2024-12-13,2025-12-13,279,Agente,Expirada,Ramos Loor Freddy Oswaldo,Natural,Ambato,6,3,5,6,2,Alto,Taller No Registrado — Asociado a red de fraude,Automotriz,Portoviejo,12,True,Sí,,2,0,0,0,0,1,0,0,0,0,0,0,0,1,0.7308,,True,False,False,False,False,False,False,False,False,,False,False,False,False,False,False,False,False,False,False,False,0,,False,False,False,False,0.0,18,False,True,2,0.1055,-1,35.7,False
SIN-0483,POL-0483,ASEG-0032,Vehículos,PIC-2847,Choque,2024-05-17,2024-05-19,2,10826,10813,0,Investigación,Guayaquil,TALLER-003,"Golpe trasero en cola de tráfico, testigos presentes.",True,False,14,351,3,22000,0.21,,2024-05-03,2025-05-03,546,Agente,Expirada,Ulloa Morocho Gonzalo Patricio,Natural,Riobamba,7,3,1,4,2,Alto,Mecánica Imbabura S.A.,Automotriz,Manta,26,False,No,,2,0,0,0,0,0,0,0,1,0,0,0,0,0,0.4921,,True,False,False,False,False,False,False,False,False,,False,False,False,False,False,False,False,False,False,False,False,0,,False,False,False,False,0.0,19,False,True,0,0.0752,-1,22.8,False
SIN-0484,POL-0484,ASEG-0036,Vehículos,CHB-1029,Cristales,2024-09-26,2024-09-27,1,2264,2146,0,Pago Parcial,Riobamba,TALLER-020,Parabrisas fisurado en autopista.,True,False,81,284,4,8000,0.31,,2024-07-07,2025-07-07,157,Broker,Expirada,Pérez Vásquez Ana Lucía,Natural,Esmeraldas,7,2,3,5,2,Alto,Taller Quito Sur Cía.,Automotriz,Guayaquil,24,False,No,,2,0,0,0,0,1,0,0,0,0,0,0,0,0,0.283,,False,False,False,False,False,False,False,False,False,,False,False,False,False,False,False,False,False,False,False,False,0,,False,False,False,False,0.0,14,False,True,11,0.1435,-1,27.7,False
SIN-0485,POL-0485,ASEG-0039,Vehículos,GYE-2918,Robo de Accesorios,2024-03-11,2024-03-25,14,11892,7859,0,Reserva,Cuenca,TALLER-020,Robo de airbags y pantalla en parqueadero.,False,False,20,345,7,20000,0.32,,2024-02-20,2025-02-19,378,Broker,Expirada,Silva Intriago Katherine Noemi,Natural,Ambato,7,1,3,8,2,Alto,Taller Quito Sur Cía.,Automotriz,Guayaquil,24,False,No,,2,0,1,0,0,0,0,0,1,0,0,0,0,0,0.5946,,True,False,True,False,False,False,False,False,False,,False,False,False,False,False,False,False,False,False,False,False,0,,False,False,False,False,0.0,18,False,True,2,0.1055,-1,30.1,False
SIN-0486,POL-0486,ASEG-0097,Vehículos,CHB-5523,Robo,2025-01-15,2025-01-16,1,2784,2635,2369,Pago Total,Guayaquil,TALLER-002,Robo de joyas y equipos electrónicos.,True,False,288,77,2,30000,0.08,,2024-04-02,2025-04-02,832,Broker,Expirada,Montoya Llorente Daniela Fernanda,Natural,Loja,1,2,1,3,0,Medio,Automotriz Centro Sur,Automotriz,Cuenca,23,False,No,,3,0,1,0,0,1,0,0,0,0,0,0,0,1,0.0928,,False,False,False,False,False,False,False,False,False,,False,False,False,False,False,False,False,False,False,False,False,0,,False,False,False,False,0.0,24,False,True,12,0.1055,-1,15.9,False
SIN-0487,POL-0487,ASEG-0047,Vehículos,SDO-1847,Robo de Accesorios,2025-06-25,2025-06-26,1,1779,1770,1705,Pago Total,Cuenca,TALLER-007,Sustracción de rines y estéreo durante la noche.,True,False,325,40,1,8000,0.21,,2024-08-04,2025-08-04,172,Broker,Expirada,Sánchez Herrera Diego Alejandro,Natural,Cuenca,4,2,0,2,0,Medio,Multiservicios Automotrices EC,Automotriz,Ambato,17,False,No,,3,0,1,0,0,1,0,0,1,0,0,0,0,0,0.2224,,False,False,False,False,False,False,False,False,False,,False,False,False,False,False,False,False,False,False,False,False,0,,False,False,False,False,0.0,14,False,True,25,0.1176,-1,20.7,False
SIN-0488,POL-0488,ASEG-0031,Salud,,Hospitalización,2024-05-17,2024-05-18,1,18712,15317,0,Pago Parcial,Manta,PROV-018,Hospitalización de emergencia por apendicitis.,False,False,65,300,3,40000,0.14,,2024-03-13,2025-03-13,1199,Digital,Expirada,Morales Espín Byron Rodrigo,Natural,Ambato,0,3,3,4,0,Alto,Hogar Seguro S.A.,Servicios,Ambato,17,False,No,,3,0,0,0,0,0,1,0,0,1,0,1,0,0,0.4678,,False,False,False,False,False,False,False,False,False,,False,False,False,False,False,False,False,False,False,False,False,0,,False,False,False,False,0.0,4,False,False,10,0.14,-1,11.5,True
SIN-0489,POL-0489,ASEG-0052,Salud,,Urgencias,2024-07-03,2024-07-05,2,25393,22676,0,Investigación,Guayaquil,PROV-022,Siniestro reportado con documentación.,True,False,54,311,1,80000,0.31,,2024-05-10,2025-05-10,1916,Bancaseguros,Expirada,Ramírez Peñafiel Carmen Susana,Natural,Guayaquil,7,2,1,3,1,Medio,Técnicos Especializados EC,Servicios,Guayaquil,12,False,No,,2,0,0,0,0,0,1,0,0,0,0,1,0,0,0.3174,,False,False,False,False,False,False,False,False,False,,False,False,False,False,False,False,False,False,False,False,False,0,,False,False,False,False,0.0,70,False,True,9,0.0,-1,51.7,False
SIN-0490,POL-0490,ASEG-0020,Vehículos,GYE-2918,Responsabilidad Civil,2025-01-27,2025-01-27,0,2563,2493,2292,Liquidado,Ibarra,TALLER-015,Raspón lateral a vehículo estacionado.,True,False,198,167,1,8000,0.18,,2024-07-13,2025-07-13,252,Broker,Expirada,Vargas Andrade William Alexis,Natural,Ibarra,4,1,0,2,1,Medio,Automotriz Sur Azuay,Automotriz,Manta,18,False,No,,2,0,0,0,0,1,0,0,0,0,0,0,0,1,0.3204,,False,False,False,False,False,False,False,False,False,,False,False,False,False,False,False,False,False,False,False,False,0,,False,False,False,False,0.0,12,False,True,18,0.1083,-1,17.7,False
SIN-0491,POL-0491,ASEG-0029,Vehículos,TNB-0192,Responsabilidad Civil,2024-06-12,2024-06-12,0,7449,7149,6995,Pago Total,Quito,TALLER-004,Raspón lateral a vehículo estacionado.,True,False,113,252,2,22000,0.09,,2024-02-20,2025-02-19,698,Digital,Expirada,Benítez Arcos Luis Fernando,Natural,Manta,3,3,0,3,0,Medio,Servicio Express Loja,Automotriz,Ibarra,24,False,No,,2,0,0,0,0,1,0,0,0,0,0,0,0,1,0.3386,,False,False,False,False,False,False,False,False,False,,False,False,False,False,False,False,False,False,False,False,False,0,,False,False,False,False,0.0,12,False,True,18,0.1083,-1,11.4,False
SIN-0492,POL-0492,ASEG-0071,Hogar,,Daño por Agua,2024-03-26,2024-04-12,17,6669,3353,0,Reserva,Portoviejo,PROV-016,Siniestro reportado con documentación.,False,True,35,330,3,15000,0.92,,2024-02-20,2025-02-19,306,Digital,Expirada,Núñez Andrade Verónica Paola,Natural,Esmeraldas,5,1,1,4,1,Alto,Técnicos del Hogar Cía.,Servicios,Cuenca,16,False,No,,2,0,0,0,0,1,0,0,0,0,1,0,0,0,0.4446,,False,False,True,True,True,False,False,False,False,,False,False,False,False,False,False,False,False,False,False,False,0,,False,False,False,False,0.0,70,False,True,9,0.0,-1,94.4,True
SIN-0493,POL-0493,ASEG-0093,Vehículos,PIC-1234,Cristales,2025-02-02,2025-02-04,2,7448,4679,0,Reserva,Loja,TALLER-777,Vidrio lateral roto por vandalismo.,False,True,36,329,5,15000,0.39,,2024-12-28,2025-12-28,412,Digital,Expirada,Ramos Loor Freddy Oswaldo,Natural,Ambato,6,3,5,6,2,Alto,Mecánica Sin Nombre — Facturación irregular,Automotriz,Ambato,10,True,Sí,,2,0,1,0,0,0,0,0,0,0,0,0,0,1,0.4965,,False,False,False,False,False,False,False,False,False,,False,False,False,False,False,False,False,False,False,False,False,0,,False,False,False,False,0.0,18,False,True,21,0.1048,-1,35.0,False
SIN-0494,POL-0494,ASEG-0012,Vehículos,LOJ-2847,Cristales,2024-03-15,2024-03-15,0,11051,6931,0,Reserva,Guayaquil,TALLER-005,Robo de joyas y equipos electrónicos.,False,False,35,330,7,15000,0.89,,2024-02-09,2025-02-08,468,Bancaseguros,Expirada,Naranjo Velasco Edwin Patricio,Natural,Quito,6,2,8,8,0,Alto,Taller Portuario Guayaquil,Automotriz,Portoviejo,21,False,No,,2,0,0,0,0,0,0,0,0,0,0,0,0,1,0.7367,,False,False,False,True,True,False,False,False,False,,False,False,False,False,False,False,False,False,False,False,False,0,,False,False,False,False,0.0,24,False,True,12,0.1055,-1,72.6,True
SIN-0495,POL-0495,ASEG-0052,Vehículos,CHB-4472,Choque,2024-05-02,2024-05-04,2,2471,2551,0,Investigación,Portoviejo,TALLER-008,Colisión en tráfico urbano con parte policial y fotografías.,False,False,25,340,2,8000,0.23,,2024-04-07,2025-04-07,224,Agente,Expirada,Ramírez Peñafiel Carmen Susana,Natural,Guayaquil,7,2,1,3,1,Medio,Reparaciones Viales Cía.,Automotriz,Manta,21,False,No,,3,0,0,0,0,0,0,0,1,0,0,0,0,1,0.3089,,True,False,False,False,False,False,False,False,False,,False,False,False,False,False,False,False,False,False,False,False,0,,False,False,False,False,0.0,17,False,True,27,0.0852,-1,23.4,False
SIN-0496,POL-0496,ASEG-0018,Vehículos,GYE-8371,Robo de Accesorios,2024-02-10,2024-02-12,2,12105,10561,0,Pago Parcial,Loja,TALLER-012,Sustracción de rines y estéreo durante la noche.,True,False,14,351,3,22000,0.36,,2024-01-27,2025-01-26,549,Bancaseguros,Expirada,Castro Villafuerte Sandra Cristina,Natural,Portoviejo,6,1,0,4,1,Alto,Serviautos Litoral,Automotriz,Riobamba,23,False,No,,3,0,0,0,0,1,0,0,1,0,0,0,0,0,0.5502,,True,False,False,False,False,False,False,False,False,,False,False,False,False,False,False,False,False,False,False,False,0,,False,False,False,False,0.0,14,False,True,25,0.1176,-1,31.2,False
SIN-0497,POL-0497,ASEG-0095,Hogar,,Rotura de Cristales,2024-05-26,2024-05-26,0,13112,8977,0,Negativa,Ibarra,PROV-018,Colisión en rotonda con vehículo de tercero.,False,False,35,330,5,25000,0.86,,2024-04-21,2025-04-21,775,Broker,Expirada,Herrera Salinas Jorge Enrique,Natural,Ibarra,0,3,5,6,1,Alto,Hogar Seguro S.A.,Servicios,Ambato,17,False,No,,2,0,0,0,0,0,0,1,0,0,1,0,0,0,0.5245,,False,False,False,True,True,False,False,False,False,,False,False,False,False,False,False,False,False,False,False,False,0,,False,False,False,False,0.0,15,False,True,6,0.1095,-1,66.6,True
SIN-0498,POL-0498,ASEG-0046,Vehículos,PIC-9182,Choque,2024-08-28,2024-09-01,4,8438,7743,0,Pago Parcial,Guayaquil,TALLER-012,"Golpe trasero en cola de tráfico, testigos presentes.",True,False,20,345,4,25000,0.33,,2024-08-08,2025-08-08,519,Broker,Expirada,Hidalgo Zurita Alexandra Paola,Natural,Loja,0,1,5,5,2,Alto,Serviautos Litoral,Automotriz,Riobamba,23,False,No,,2,0,0,0,0,0,0,0,0,0,0,0,0,1,0.3375,,True,False,False,False,False,False,False,False,False,,False,False,False,False,False,False,False,False,False,False,False,0,,False,False,False,False,0.0,19,False,True,0,0.0752,-1,31.2,False
SIN-0499,POL-0499,ASEG-0069,Vehículos,ESM-1234,Responsabilidad Civil,2024-09-26,2024-09-26,0,6602,5932,0,Investigación,Guayaquil,TALLER-013,"Impacto posterior en intersección, tercero no identificado.",True,False,45,320,3,25000,0.6,,2024-08-12,2025-08-12,507,Agente,Expirada,Ortega Suárez Héctor Guillermo,Natural,Ibarra,6,3,1,4,0,Alto,Taller Chimborazo Express,Automotriz,Loja,25,False,No,,2,0,0,0,0,0,0,0,0,0,0,0,0,1,0.2641,,False,False,False,False,False,False,False,False,False,,False,False,False,False,False,False,False,False,False,False,False,0,,False,False,False,False,0.0,12,False,True,22,0.208,-1,47.1,False
SIN-0500,POL-0500,ASEG-0086,Vehículos,LOJ-2847,Robo,2025-10-15,2025-10-17,2,3117,3177,3131,Pago Total,Riobamba,TALLER-005,Robo de joyas y equipos electrónicos.,True,False,313,52,2,18000,0.23,,2024-12-06,2025-12-06,354,Broker,Expirada,Salcedo Ponce Margoth Elizabeth,Natural,Portoviejo,0,1,3,3,0,Medio,Taller Portuario Guayaquil,Automotriz,Portoviejo,21,False,No,,3,0,0,0,0,1,0,0,0,0,0,0,0,1,0.1732,,False,False,False,False,False,False,False,False,False,,False,False,False,False,False,False,False,False,False,False,False,0,,False,False,False,False,0.0,24,False,True,12,0.1055,-1,26.4,False
